Workbook

Sheet 설정
A1: 예비고1 반편성고사 — 설정
A2: 노란 칸만 입력하세요. 반 이름·정원·반영비율·단원명을 바꾸면 모든 시트에 자동 반영됩니다. 정답·배점·단원·난이도는 '공수1', '공수2' 시트 위쪽(2~5행)에서 입력합니다.
A4: ① 반 설정
A5: 반 | B5: 반 이름 | C5: 정원(명)
A6: 1반(성적순) | B6: 심화반 | C6: 20 | E6: 총점 석차 순으로 1반 정원만큼 → 1반, 다음 정원만큼 → 2반, 나머지 → 3반. 동점자가 경계에 걸리면 모두 위 반으로 들어갑니다.
A7: 2반(성적순) | B7: 정규반 | C7: 20
A8: 3반(성적순) | B8: 기본반 | C8: 20
A9: 합계 | C9: =SUM(C6:C8) -> 60
A11: ② 점수 반영
B12: 항목 | C12: 값
B13: 공통수학1 반영비율 | C13: 1 | E13: 환산총점 = 공수1 점수×비율 + 공수2 점수×비율
B14: 공통수학2 반영비율 | C14: 1 | E14: 예) 공수1을 더 중시하려면 1.5 / 1 처럼 입력
B15: 경계 범위(점) | C15: 5 | E15: 반 컷 점수와의 차이가 이 값 이내면 '경계'로 표시 → 상담·재검토 대상
A17: ③ 단원 목록 · 출제 설계 확인
A18: 과목 | B18: 단원 | C18: 문항 수 | D18: 배점 합 | E18: 포함 내용(2022 개정)
A19: 공통수학1 | B19: 다항식 | C19: =COUNTIF(공수1!$D$4:$W$4,B19) -> 5 | D19: =SUMIF(공수1!$D$4:$W$4,B19,공수1!$D$3:$W$3) -> 25 | E19: 다항식의 연산, 나머지정리, 인수분해
A20: 공통수학1 | B20: 방정식과 부등식 | C20: =COUNTIF(공수1!$D$4:$W$4,B20) -> 8 | D20: =SUMIF(공수1!$D$4:$W$4,B20,공수1!$D$3:$W$3) -> 40 | E20: 복소수, 이차방정식, 이차함수, 여러 가지 방정식·부등식
A21: 공통수학1 | B21: 경우의 수 | C21: =COUNTIF(공수1!$D$4:$W$4,B21) -> 4 | D21: =SUMIF(공수1!$D$4:$W$4,B21,공수1!$D$3:$W$3) -> 20 | E21: 합·곱의 법칙, 순열, 조합
A22: 공통수학1 | B22: 행렬 | C22: =COUNTIF(공수1!$D$4:$W$4,B22) -> 3 | D22: =SUMIF(공수1!$D$4:$W$4,B22,공수1!$D$3:$W$3) -> 15 | E22: 행렬과 그 연산
A23: 공통수학1 | B23: 합계 | C23: =SUM(C19:C22) -> 20 | D23: =SUM(D19:D22) -> 100 | E23: ← 문항 수 20, 배점 합 100인지 확인
A24: 공통수학2 | B24: 도형의 방정식 | C24: =COUNTIF(공수2!$D$4:$W$4,B24) -> 8 | D24: =SUMIF(공수2!$D$4:$W$4,B24,공수2!$D$3:$W$3) -> 40 | E24: 평면좌표, 직선·원의 방정식, 도형의 이동
A25: 공통수학2 | B25: 집합과 명제 | C25: =COUNTIF(공수2!$D$4:$W$4,B25) -> 6 | D25: =SUMIF(공수2!$D$4:$W$4,B25,공수2!$D$3:$W$3) -> 30 | E25: 집합, 명제
A26: 공통수학2 | B26: 함수와 그래프 | C26: =COUNTIF(공수2!$D$4:$W$4,B26) -> 6 | D26: =SUMIF(공수2!$D$4:$W$4,B26,공수2!$D$3:$W$3) -> 30 | E26: 함수, 합성·역함수, 유리·무리함수
A27: 공통수학2 | B27: 합계 | C27: =SUM(C24:C26) -> 20 | D27: =SUM(D24:D26) -> 100 | E27: ← 문항 수 20, 배점 합 100인지 확인

Sheet 학생명단
A1: 학생 명단
A2: 노란 칸에 학생 정보를 입력하세요. 여기 입력한 순서(행)가 공수1·공수2·반배정 시트의 행과 그대로 연결됩니다. 7행은 예시이니 지우고 사용하세요.
A6: No | B6: 이름 | C6: 학교 | D6: 구분 | E6: 연락처 | F6: 비고
A7: 1 | B7: 홍길동(예시) | C7: OO중 | D7: 외부 | E7: 010-0000-0000 | F7: 예시 행 — 삭제 후 사용
A8: 2
A9: 3
A10: 4
A11: 5
A12: 6
A13: 7
A14: 8
A15: 9
A16: 10
A17: 11
A18: 12
A19: 13
... A86: 80

Sheet 공수1
A1: 공통수학1 채점표 | D1: ① 2~5행(노란 칸)에 정답·배점·단원·난이도 입력 ② 학생 행에 학생이 쓴 답을 그대로 입력(객관식 1~5, 단답형 0~999) → 틀린 답은 빨간 칸, 점수 자동 계산. 결시생은 비워두면 미응시 처리.
A2: 정답 ▶
A3: 배점 ▶ | D3: 5 | E3: 5 | F3: 5 | G3: 5 | H3: 5 | I3: 5 | J3: 5 | K3: 5 | L3: 5 | M3: 5 | N3: 5 | O3: 5 | P3: 5 | Q3: 5 | R3: 5 | S3: 5 | T3: 5 | U3: 5 | V3: 5 | W3: 5 | X3: =COUNT(D2:W2) -> 0 | Y3: =SUM(D3:W3) -> 100 | Z3: =SUMIF($D$4:$W$4,Z$6,$D$3:$W$3) -> 25 | AA3: =SUMIF($D$4:$W$4,AA$6,$D$3:$W$3) -> 40 | AB3: =SUMIF($D$4:$W$4,AB$6,$D$3:$W$3) -> 20 | AC3: =SUMIF($D$4:$W$4,AC$6,$D$3:$W$3) -> 15
A4: 단원 ▶ | D4: 다항식 | E4: 다항식 | F4: 다항식 | G4: 다항식 | H4: 다항식 | I4: 방정식과 부등식 | J4: 방정식과 부등식 | K4: 방정식과 부등식 | L4: 방정식과 부등식 | M4: 방정식과 부등식 | N4: 방정식과 부등식 | O4: 방정식과 부등식 | P4: 방정식과 부등식 | Q4: 경우의 수 | R4: 경우의 수 | S4: 경우의 수 | T4: 경우의 수 | U4: 행렬 | V4: 행렬 | W4: 행렬
A5: 난이도 ▶ | D5: 하 | E5: 하 | F5: 하 | G5: 하 | H5: 하 | I5: 중 | J5: 중 | K5: 중 | L5: 중 | M5: 중 | N5: 중 | O5: 상 | P5: 상 | Q5: 상 | R5: 하 | S5: 중 | T5: 중 | U5: 상 | V5: 상 | W5: 최상 | X5: 정답입력수▲ | Y5: 만점 ▲ | Z5: 만점 ▲ | AA5: 만점 ▲ | AB5: 만점 ▲ | AC5: 만점 ▲
A6: No | B6: 이름 | C6: 학교 | D6: 1 객관식 | E6: 2 객관식 | F6: 3 객관식 | G6: 4 객관식 | H6: 5 객관식 | I6: 6 객관식 | J6: 7 객관식 | K6: 8 객관식 | L6: 9 객관식 | M6: 10 객관식 | N6: 11 객관식 | O6: 12 객관식 | P6: 13 객관식 | Q6: 14 객관식 | R6: 15 단답형 | S6: 16 단답형 | T6: 17 단답형 | U6: 18 단답형 | V6: 19 단답형 | W6: 20 단답형 | X6: 맞힌 개수 | Y6: 총점 | Z6: =설정!B19 -> 다항식 | AA6: =설정!B20 -> 방정식과 부등식 | AB6: =설정!B21 -> 경우의 수 | AC6: =설정!B22 -> 행렬
A7: 1 | B7: =IF(학생명단!B7="","",학생명단!B7) -> 홍길동(예시) | C7: =IF(학생명단!C7="","",학생명단!C7) -> OO중 | X7: =IF(COUNTA(D7:W7)=0,"",SUMPRODUCT((D7:W7=$D$2:$W$2)*(D7:W7<>""))) | Y7: =IF(COUNTA(D7:W7)=0,"",SUMPRODUCT((D7:W7=$D$2:$W$2)*(D7:W7<>"")*$D$3:$W$3)) | Z7: =IF($Y7="","",SUMPRODUCT(($D7:$W7=$D$2:$W$2)*($D7:$W7<>"")*$D$3:$W$3*($D$4:$W$4=Z$6))) | AA7: =IF($Y7="","",SUMPRODUCT(($D7:$W7=$D$2:$W$2)*($D7:$W7<>"")*$D$3:$W$3*($D$4:$W$4=AA$6))) | AB7: =IF($Y7="","",SUMPRODUCT(($D7:$W7=$D$2:$W$2)*($D7:$W7<>"")*$D$3:$W$3*($D$4:$W$4=AB$6))) | AC7: =IF($Y7="","",SUMPRODUCT(($D7:$W7=$D$2:$W$2)*($D7:$W7<>"")*$D$3:$W$3*($D$4:$W$4=AC$6)))
A8: 2 | B8: =IF(학생명단!B8="","",학생명단!B8) | C8: =IF(학생명단!C8="","",학생명단!C8) | X8: =IF(COUNTA(D8:W8)=0,"",SUMPRODUCT((D8:W8=$D$2:$W$2)*(D8:W8<>""))) | Y8: =IF(COUNTA(D8:W8)=0,"",SUMPRODUCT((D8:W8=$D$2:$W$2)*(D8:W8<>"")*$D$3:$W$3)) | Z8: =IF($Y8="","",SUMPRODUCT(($D8:$W8=$D$2:$W$2)*($D8:$W8<>"")*$D$3:$W$3*($D$4:$W$4=Z$6))) | AA8: =IF($Y8="","",SUMPRODUCT(($D8:$W8=$D$2:$W$2)*($D8:$W8<>"")*$D$3:$W$3*($D$4:$W$4=AA$6))) | AB8: =IF($Y8="","",SUMPRODUCT(($D8:$W8=$D$2:$W$2)*($D8:$W8<>"")*$D$3:$W$3*($D$4:$W$4=AB$6))) | AC8: =IF($Y8="","",SUMPRODUCT(($D8:$W8=$D$2:$W$2)*($D8:$W8<>"")*$D$3:$W$3*($D$4:$W$4=AC$6)))
A9: 3 | B9: =IF(학생명단!B9="","",학생명단!B9) | C9: =IF(학생명단!C9="","",학생명단!C9) | X9: =IF(COUNTA(D9:W9)=0,"",SUMPRODUCT((D9:W9=$D$2:$W$2)*(D9:W9<>""))) | Y9: =IF(COUNTA(D9:W9)=0,"",SUMPRODUCT((D9:W9=$D$2:$W$2)*(D9:W9<>"")*$D$3:$W$3)) | Z9: =IF($Y9="","",SUMPRODUCT(($D9:$W9=$D$2:$W$2)*($D9:$W9<>"")*$D$3:$W$3*($D$4:$W$4=Z$6))) | AA9: =IF($Y9="","",SUMPRODUCT(($D9:$W9=$D$2:$W$2)*($D9:$W9<>"")*$D$3:$W$3*($D$4:$W$4=AA$6))) | AB9: =IF($Y9="","",SUMPRODUCT(($D9:$W9=$D$2:$W$2)*($D9:$W9<>"")*$D$3:$W$3*($D$4:$W$4=AB$6))) | AC9: =IF($Y9="","",SUMPRODUCT(($D9:$W9=$D$2:$W$2)*($D9:$W9<>"")*$D$3:$W$3*($D$4:$W$4=AC$6)))
A10: 4 | B10: =IF(학생명단!B10="","",학생명단!B10) | C10: =IF(학생명단!C10="","",학생명단!C10) | X10: =IF(COUNTA(D10:W10)=0,"",SUMPRODUCT((D10:W10=$D$2:$W$2)*(D10:W10<>""))) | Y10: =IF(COUNTA(D10:W10)=0,"",SUMPRODUCT((D10:W10=$D$2:$W$2)*(D10:W10<>"")*$D$3:$W$3)) | Z10: =IF($Y10="","",SUMPRODUCT(($D10:$W10=$D$2:$W$2)*($D10:$W10<>"")*$D$3:$W$3*($D$4:$W$4=Z$6))) | AA10: =IF($Y10="","",SUMPRODUCT(($D10:$W10=$D$2:$W$2)*($D10:$W10<>"")*$D$3:$W$3*($D$4:$W$4=AA$6))) | AB10: =IF($Y10="","",SUMPRODUCT(($D10:$W10=$D$2:$W$2)*($D10:$W10<>"")*$D$3:$W$3*($D$4:$W$4=AB$6))) | AC10: =IF($Y10="","",SUMPRODUCT(($D10:$W10=$D$2:$W$2)*($D10:$W10<>"")*$D$3:$W$3*($D$4:$W$4=AC$6)))
A11: 5 | B11: =IF(학생명단!B11="","",학생명단!B11) | C11: =IF(학생명단!C11="","",학생명단!C11) | X11: =IF(COUNTA(D11:W11)=0,"",SUMPRODUCT((D11:W11=$D$2:$W$2)*(D11:W11<>""))) | Y11: =IF(COUNTA(D11:W11)=0,"",SUMPRODUCT((D11:W11=$D$2:$W$2)*(D11:W11<>"")*$D$3:$W$3)) | Z11: =IF($Y11="","",SUMPRODUCT(($D11:$W11=$D$2:$W$2)*($D11:$W11<>"")*$D$3:$W$3*($D$4:$W$4=Z$6))) | AA11: =IF($Y11="","",SUMPRODUCT(($D11:$W11=$D$2:$W$2)*($D11:$W11<>"")*$D$3:$W$3*($D$4:$W$4=AA$6))) | AB11: =IF($Y11="","",SUMPRODUCT(($D11:$W11=$D$2:$W$2)*($D11:$W11<>"")*$D$3:$W$3*($D$4:$W$4=AB$6))) | AC11: =IF($Y11="","",SUMPRODUCT(($D11:$W11=$D$2:$W$2)*($D11:$W11<>"")*$D$3:$W$3*($D$4:$W$4=AC$6)))
A12: 6 | B12: =IF(학생명단!B12="","",학생명단!B12) | C12: =IF(학생명단!C12="","",학생명단!C12) | X12: =IF(COUNTA(D12:W12)=0,"",SUMPRODUCT((D12:W12=$D$2:$W$2)*(D12:W12<>""))) | Y12: =IF(COUNTA(D12:W12)=0,"",SUMPRODUCT((D12:W12=$D$2:$W$2)*(D12:W12<>"")*$D$3:$W$3)) | Z12: =IF($Y12="","",SUMPRODUCT(($D12:$W12=$D$2:$W$2)*($D12:$W12<>"")*$D$3:$W$3*($D$4:$W$4=Z$6))) | AA12: =IF($Y12="","",SUMPRODUCT(($D12:$W12=$D$2:$W$2)*($D12:$W12<>"")*$D$3:$W$3*($D$4:$W$4=AA$6))) | AB12: =IF($Y12="","",SUMPRODUCT(($D12:$W12=$D$2:$W$2)*($D12:$W12<>"")*$D$3:$W$3*($D$4:$W$4=AB$6))) | AC12: =IF($Y12="","",SUMPRODUCT(($D12:$W12=$D$2:$W$2)*($D12:$W12<>"")*$D$3:$W$3*($D$4:$W$4=AC$6)))
A13: 7 | B13: =IF(학생명단!B13="","",학생명단!B13) | C13: =IF(학생명단!C13="","",학생명단!C13) | X13: =IF(COUNTA(D13:W13)=0,"",SUMPRODUCT((D13:W13=$D$2:$W$2)*(D13:W13<>""))) | Y13: =IF(COUNTA(D13:W13)=0,"",SUMPRODUCT((D13:W13=$D$2:$W$2)*(D13:W13<>"")*$D$3:$W$3)) | Z13: =IF($Y13="","",SUMPRODUCT(($D13:$W13=$D$2:$W$2)*($D13:$W13<>"")*$D$3:$W$3*($D$4:$W$4=Z$6))) | AA13: =IF($Y13="","",SUMPRODUCT(($D13:$W13=$D$2:$W$2)*($D13:$W13<>"")*$D$3:$W$3*($D$4:$W$4=AA$6))) | AB13: =IF($Y13="","",SUMPRODUCT(($D13:$W13=$D$2:$W$2)*($D13:$W13<>"")*$D$3:$W$3*($D$4:$W$4=AB$6))) | AC13: =IF($Y13="","",SUMPRODUCT(($D13:$W13=$D$2:$W$2)*($D13:$W13<>"")*$D$3:$W$3*($D$4:$W$4=AC$6)))
A14: 8 | B14: =IF(학생명단!B14="","",학생명단!B14) | C14: =IF(학생명단!C14="","",학생명단!C14) | X14: =IF(COUNTA(D14:W14)=0,"",SUMPRODUCT((D14:W14=$D$2:$W$2)*(D14:W14<>""))) | Y14: =IF(COUNTA(D14:W14)=0,"",SUMPRODUCT((D14:W14=$D$2:$W$2)*(D14:W14<>"")*$D$3:$W$3)) | Z14: =IF($Y14="","",SUMPRODUCT(($D14:$W14=$D$2:$W$2)*($D14:$W14<>"")*$D$3:$W$3*($D$4:$W$4=Z$6))) | AA14: =IF($Y14="","",SUMPRODUCT(($D14:$W14=$D$2:$W$2)*($D14:$W14<>"")*$D$3:$W$3*($D$4:$W$4=AA$6))) | AB14: =IF($Y14="","",SUMPRODUCT(($D14:$W14=$D$2:$W$2)*($D14:$W14<>"")*$D$3:$W$3*($D$4:$W$4=AB$6))) | AC14: =IF($Y14="","",SUMPRODUCT(($D14:$W14=$D$2:$W$2)*($D14:$W14<>"")*$D$3:$W$3*($D$4:$W$4=AC$6)))
A15: 9 | B15: =IF(학생명단!B15="","",학생명단!B15) | C15: =IF(학생명단!C15="","",학생명단!C15) | X15: =IF(COUNTA(D15:W15)=0,"",SUMPRODUCT((D15:W15=$D$2:$W$2)*(D15:W15<>""))) | Y15: =IF(COUNTA(D15:W15)=0,"",SUMPRODUCT((D15:W15=$D$2:$W$2)*(D15:W15<>"")*$D$3:$W$3)) | Z15: =IF($Y15="","",SUMPRODUCT(($D15:$W15=$D$2:$W$2)*($D15:$W15<>"")*$D$3:$W$3*($D$4:$W$4=Z$6))) | AA15: =IF($Y15="","",SUMPRODUCT(($D15:$W15=$D$2:$W$2)*($D15:$W15<>"")*$D$3:$W$3*($D$4:$W$4=AA$6))) | AB15: =IF($Y15="","",SUMPRODUCT(($D15:$W15=$D$2:$W$2)*($D15:$W15<>"")*$D$3:$W$3*($D$4:$W$4=AB$6))) | AC15: =IF($Y15="","",SUMPRODUCT(($D15:$W15=$D$2:$W$2)*($D15:$W15<>"")*$D$3:$W$3*($D$4:$W$4=AC$6)))
A16: 10 | B16: =IF(학생명단!B16="","",학생명단!B16) | C16: =IF(학생명단!C16="","",학생명단!C16) | X16: =IF(COUNTA(D16:W16)=0,"",SUMPRODUCT((D16:W16=$D$2:$W$2)*(D16:W16<>""))) | Y16: =IF(COUNTA(D16:W16)=0,"",SUMPRODUCT((D16:W16=$D$2:$W$2)*(D16:W16<>"")*$D$3:$W$3)) | Z16: =IF($Y16="","",SUMPRODUCT(($D16:$W16=$D$2:$W$2)*($D16:$W16<>"")*$D$3:$W$3*($D$4:$W$4=Z$6))) | AA16: =IF($Y16="","",SUMPRODUCT(($D16:$W16=$D$2:$W$2)*($D16:$W16<>"")*$D$3:$W$3*($D$4:$W$4=AA$6))) | AB16: =IF($Y16="","",SUMPRODUCT(($D16:$W16=$D$2:$W$2)*($D16:$W16<>"")*$D$3:$W$3*($D$4:$W$4=AB$6))) | AC16: =IF($Y16="","",SUMPRODUCT(($D16:$W16=$D$2:$W$2)*($D16:$W16<>"")*$D$3:$W$3*($D$4:$W$4=AC$6)))
A17: 11 | B17: =IF(학생명단!B17="","",학생명단!B17) | C17: =IF(학생명단!C17="","",학생명단!C17) | X17: =IF(COUNTA(D17:W17)=0,"",SUMPRODUCT((D17:W17=$D$2:$W$2)*(D17:W17<>""))) | Y17: =IF(COUNTA(D17:W17)=0,"",SUMPRODUCT((D17:W17=$D$2:$W$2)*(D17:W17<>"")*$D$3:$W$3)) | Z17: =IF($Y17="","",SUMPRODUCT(($D17:$W17=$D$2:$W$2)*($D17:$W17<>"")*$D$3:$W$3*($D$4:$W$4=Z$6))) | AA17: =IF($Y17="","",SUMPRODUCT(($D17:$W17=$D$2:$W$2)*($D17:$W17<>"")*$D$3:$W$3*($D$4:$W$4=AA$6))) | AB17: =IF($Y17="","",SUMPRODUCT(($D17:$W17=$D$2:$W$2)*($D17:$W17<>"")*$D$3:$W$3*($D$4:$W$4=AB$6))) | AC17: =IF($Y17="","",SUMPRODUCT(($D17:$W17=$D$2:$W$2)*($D17:$W17<>"")*$D$3:$W$3*($D$4:$W$4=AC$6)))
A18: 12 | B18: =IF(학생명단!B18="","",학생명단!B18) | C18: =IF(학생명단!C18="","",학생명단!C18) | X18: =IF(COUNTA(D18:W18)=0,"",SUMPRODUCT((D18:W18=$D$2:$W$2)*(D18:W18<>""))) | Y18: =IF(COUNTA(D18:W18)=0,"",SUMPRODUCT((D18:W18=$D$2:$W$2)*(D18:W18<>"")*$D$3:$W$3)) | Z18: =IF($Y18="","",SUMPRODUCT(($D18:$W18=$D$2:$W$2)*($D18:$W18<>"")*$D$3:$W$3*($D$4:$W$4=Z$6))) | AA18: =IF($Y18="","",SUMPRODUCT(($D18:$W18=$D$2:$W$2)*($D18:$W18<>"")*$D$3:$W$3*($D$4:$W$4=AA$6))) | AB18: =IF($Y18="","",SUMPRODUCT(($D18:$W18=$D$2:$W$2)*($D18:$W18<>"")*$D$3:$W$3*($D$4:$W$4=AB$6))) | AC18: =IF($Y18="","",SUMPRODUCT(($D18:$W18=$D$2:$W$2)*($D18:$W18<>"")*$D$3:$W$3*($D$4:$W$4=AC$6)))
... A86: 80 | B86: =IF(학생명단!B86="","",학생명단!B86) | C86: =IF(학생명단!C86="","",학생명단!C86) | X86: =IF(COUNTA(D86:W86)=0,"",SUMPRODUCT((D86:W86=$D$2:$W$2)*(D86:W86<>""))) | Y86: =IF(COUNTA(D86:W86)=0,"",SUMPRODUCT((D86:W86=$D$2:$W$2)*(D86:W86<>"")*$D$3:$W$3)) | Z86: =IF($Y86="","",SUMPRODUCT(($D86:$W86=$D$2:$W$2)*($D86:$W86<>"")*$D$3:$W$3*($D$4:$W$4=Z$6))) | AA86: =IF($Y86="","",SUMPRODUCT(($D86:$W86=$D$2:$W$2)*($D86:$W86<>"")*$D$3:$W$3*($D$4:$W$4=AA$6))) | AB86: =IF($Y86="","",SUMPRODUCT(($D86:$W86=$D$2:$W$2)*($D86:$W86<>"")*$D$3:$W$3*($D$4:$W$4=AB$6))) | AC86: =IF($Y86="","",SUMPRODUCT(($D86:$W86=$D$2:$W$2)*($D86:$W86<>"")*$D$3:$W$3*($D$4:$W$4=AC$6)))

Sheet 공수2
A1: 공통수학2 채점표 | D1: ① 2~5행(노란 칸)에 정답·배점·단원·난이도 입력 ② 학생 행에 학생이 쓴 답을 그대로 입력(객관식 1~5, 단답형 0~999) → 틀린 답은 빨간 칸, 점수 자동 계산. 결시생은 비워두면 미응시 처리.
A2: 정답 ▶
A3: 배점 ▶ | D3: 5 | E3: 5 | F3: 5 | G3: 5 | H3: 5 | I3: 5 | J3: 5 | K3: 5 | L3: 5 | M3: 5 | N3: 5 | O3: 5 | P3: 5 | Q3: 5 | R3: 5 | S3: 5 | T3: 5 | U3: 5 | V3: 5 | W3: 5 | X3: =COUNT(D2:W2) -> 0 | Y3: =SUM(D3:W3) -> 100 | Z3: =SUMIF($D$4:$W$4,Z$6,$D$3:$W$3) -> 40 | AA3: =SUMIF($D$4:$W$4,AA$6,$D$3:$W$3) -> 30 | AB3: =SUMIF($D$4:$W$4,AB$6,$D$3:$W$3) -> 30
A4: 단원 ▶ | D4: 도형의 방정식 | E4: 도형의 방정식 | F4: 도형의 방정식 | G4: 도형의 방정식 | H4: 도형의 방정식 | I4: 도형의 방정식 | J4: 도형의 방정식 | K4: 도형의 방정식 | L4: 집합과 명제 | M4: 집합과 명제 | N4: 집합과 명제 | O4: 집합과 명제 | P4: 집합과 명제 | Q4: 집합과 명제 | R4: 함수와 그래프 | S4: 함수와 그래프 | T4: 함수와 그래프 | U4: 함수와 그래프 | V4: 함수와 그래프 | W4: 함수와 그래프
A5: 난이도 ▶ | D5: 하 | E5: 하 | F5: 하 | G5: 하 | H5: 하 | I5: 중 | J5: 중 | K5: 중 | L5: 중 | M5: 중 | N5: 중 | O5: 상 | P5: 상 | Q5: 상 | R5: 하 | S5: 중 | T5: 중 | U5: 상 | V5: 상 | W5: 최상 | X5: 정답입력수▲ | Y5: 만점 ▲ | Z5: 만점 ▲ | AA5: 만점 ▲ | AB5: 만점 ▲
A6: No | B6: 이름 | C6: 학교 | D6: 1 객관식 | E6: 2 객관식 | F6: 3 객관식 | G6: 4 객관식 | H6: 5 객관식 | I6: 6 객관식 | J6: 7 객관식 | K6: 8 객관식 | L6: 9 객관식 | M6: 10 객관식 | N6: 11 객관식 | O6: 12 객관식 | P6: 13 객관식 | Q6: 14 객관식 | R6: 15 단답형 | S6: 16 단답형 | T6: 17 단답형 | U6: 18 단답형 | V6: 19 단답형 | W6: 20 단답형 | X6: 맞힌 개수 | Y6: 총점 | Z6: =설정!B24 -> 도형의 방정식 | AA6: =설정!B25 -> 집합과 명제 | AB6: =설정!B26 -> 함수와 그래프
A7: 1 | B7: =IF(학생명단!B7="","",학생명단!B7) -> 홍길동(예시) | C7: =IF(학생명단!C7="","",학생명단!C7) -> OO중 | X7: =IF(COUNTA(D7:W7)=0,"",SUMPRODUCT((D7:W7=$D$2:$W$2)*(D7:W7<>""))) | Y7: =IF(COUNTA(D7:W7)=0,"",SUMPRODUCT((D7:W7=$D$2:$W$2)*(D7:W7<>"")*$D$3:$W$3)) | Z7: =IF($Y7="","",SUMPRODUCT(($D7:$W7=$D$2:$W$2)*($D7:$W7<>"")*$D$3:$W$3*($D$4:$W$4=Z$6))) | AA7: =IF($Y7="","",SUMPRODUCT(($D7:$W7=$D$2:$W$2)*($D7:$W7<>"")*$D$3:$W$3*($D$4:$W$4=AA$6))) | AB7: =IF($Y7="","",SUMPRODUCT(($D7:$W7=$D$2:$W$2)*($D7:$W7<>"")*$D$3:$W$3*($D$4:$W$4=AB$6)))
A8: 2 | B8: =IF(학생명단!B8="","",학생명단!B8) | C8: =IF(학생명단!C8="","",학생명단!C8) | X8: =IF(COUNTA(D8:W8)=0,"",SUMPRODUCT((D8:W8=$D$2:$W$2)*(D8:W8<>""))) | Y8: =IF(COUNTA(D8:W8)=0,"",SUMPRODUCT((D8:W8=$D$2:$W$2)*(D8:W8<>"")*$D$3:$W$3)) | Z8: =IF($Y8="","",SUMPRODUCT(($D8:$W8=$D$2:$W$2)*($D8:$W8<>"")*$D$3:$W$3*($D$4:$W$4=Z$6))) | AA8: =IF($Y8="","",SUMPRODUCT(($D8:$W8=$D$2:$W$2)*($D8:$W8<>"")*$D$3:$W$3*($D$4:$W$4=AA$6))) | AB8: =IF($Y8="","",SUMPRODUCT(($D8:$W8=$D$2:$W$2)*($D8:$W8<>"")*$D$3:$W$3*($D$4:$W$4=AB$6)))
A9: 3 | B9: =IF(학생명단!B9="","",학생명단!B9) | C9: =IF(학생명단!C9="","",학생명단!C9) | X9: =IF(COUNTA(D9:W9)=0,"",SUMPRODUCT((D9:W9=$D$2:$W$2)*(D9:W9<>""))) | Y9: =IF(COUNTA(D9:W9)=0,"",SUMPRODUCT((D9:W9=$D$2:$W$2)*(D9:W9<>"")*$D$3:$W$3)) | Z9: =IF($Y9="","",SUMPRODUCT(($D9:$W9=$D$2:$W$2)*($D9:$W9<>"")*$D$3:$W$3*($D$4:$W$4=Z$6))) | AA9: =IF($Y9="","",SUMPRODUCT(($D9:$W9=$D$2:$W$2)*($D9:$W9<>"")*$D$3:$W$3*($D$4:$W$4=AA$6))) | AB9: =IF($Y9="","",SUMPRODUCT(($D9:$W9=$D$2:$W$2)*($D9:$W9<>"")*$D$3:$W$3*($D$4:$W$4=AB$6)))
A10: 4 | B10: =IF(학생명단!B10="","",학생명단!B10) | C10: =IF(학생명단!C10="","",학생명단!C10) | X10: =IF(COUNTA(D10:W10)=0,"",SUMPRODUCT((D10:W10=$D$2:$W$2)*(D10:W10<>""))) | Y10: =IF(COUNTA(D10:W10)=0,"",SUMPRODUCT((D10:W10=$D$2:$W$2)*(D10:W10<>"")*$D$3:$W$3)) | Z10: =IF($Y10="","",SUMPRODUCT(($D10:$W10=$D$2:$W$2)*($D10:$W10<>"")*$D$3:$W$3*($D$4:$W$4=Z$6))) | AA10: =IF($Y10="","",SUMPRODUCT(($D10:$W10=$D$2:$W$2)*($D10:$W10<>"")*$D$3:$W$3*($D$4:$W$4=AA$6))) | AB10: =IF($Y10="","",SUMPRODUCT(($D10:$W10=$D$2:$W$2)*($D10:$W10<>"")*$D$3:$W$3*($D$4:$W$4=AB$6)))
A11: 5 | B11: =IF(학생명단!B11="","",학생명단!B11) | C11: =IF(학생명단!C11="","",학생명단!C11) | X11: =IF(COUNTA(D11:W11)=0,"",SUMPRODUCT((D11:W11=$D$2:$W$2)*(D11:W11<>""))) | Y11: =IF(COUNTA(D11:W11)=0,"",SUMPRODUCT((D11:W11=$D$2:$W$2)*(D11:W11<>"")*$D$3:$W$3)) | Z11: =IF($Y11="","",SUMPRODUCT(($D11:$W11=$D$2:$W$2)*($D11:$W11<>"")*$D$3:$W$3*($D$4:$W$4=Z$6))) | AA11: =IF($Y11="","",SUMPRODUCT(($D11:$W11=$D$2:$W$2)*($D11:$W11<>"")*$D$3:$W$3*($D$4:$W$4=AA$6))) | AB11: =IF($Y11="","",SUMPRODUCT(($D11:$W11=$D$2:$W$2)*($D11:$W11<>"")*$D$3:$W$3*($D$4:$W$4=AB$6)))
A12: 6 | B12: =IF(학생명단!B12="","",학생명단!B12) | C12: =IF(학생명단!C12="","",학생명단!C12) | X12: =IF(COUNTA(D12:W12)=0,"",SUMPRODUCT((D12:W12=$D$2:$W$2)*(D12:W12<>""))) | Y12: =IF(COUNTA(D12:W12)=0,"",SUMPRODUCT((D12:W12=$D$2:$W$2)*(D12:W12<>"")*$D$3:$W$3)) | Z12: =IF($Y12="","",SUMPRODUCT(($D12:$W12=$D$2:$W$2)*($D12:$W12<>"")*$D$3:$W$3*($D$4:$W$4=Z$6))) | AA12: =IF($Y12="","",SUMPRODUCT(($D12:$W12=$D$2:$W$2)*($D12:$W12<>"")*$D$3:$W$3*($D$4:$W$4=AA$6))) | AB12: =IF($Y12="","",SUMPRODUCT(($D12:$W12=$D$2:$W$2)*($D12:$W12<>"")*$D$3:$W$3*($D$4:$W$4=AB$6)))
A13: 7 | B13: =IF(학생명단!B13="","",학생명단!B13) | C13: =IF(학생명단!C13="","",학생명단!C13) | X13: =IF(COUNTA(D13:W13)=0,"",SUMPRODUCT((D13:W13=$D$2:$W$2)*(D13:W13<>""))) | Y13: =IF(COUNTA(D13:W13)=0,"",SUMPRODUCT((D13:W13=$D$2:$W$2)*(D13:W13<>"")*$D$3:$W$3)) | Z13: =IF($Y13="","",SUMPRODUCT(($D13:$W13=$D$2:$W$2)*($D13:$W13<>"")*$D$3:$W$3*($D$4:$W$4=Z$6))) | AA13: =IF($Y13="","",SUMPRODUCT(($D13:$W13=$D$2:$W$2)*($D13:$W13<>"")*$D$3:$W$3*($D$4:$W$4=AA$6))) | AB13: =IF($Y13="","",SUMPRODUCT(($D13:$W13=$D$2:$W$2)*($D13:$W13<>"")*$D$3:$W$3*($D$4:$W$4=AB$6)))
A14: 8 | B14: =IF(학생명단!B14="","",학생명단!B14) | C14: =IF(학생명단!C14="","",학생명단!C14) | X14: =IF(COUNTA(D14:W14)=0,"",SUMPRODUCT((D14:W14=$D$2:$W$2)*(D14:W14<>""))) | Y14: =IF(COUNTA(D14:W14)=0,"",SUMPRODUCT((D14:W14=$D$2:$W$2)*(D14:W14<>"")*$D$3:$W$3)) | Z14: =IF($Y14="","",SUMPRODUCT(($D14:$W14=$D$2:$W$2)*($D14:$W14<>"")*$D$3:$W$3*($D$4:$W$4=Z$6))) | AA14: =IF($Y14="","",SUMPRODUCT(($D14:$W14=$D$2:$W$2)*($D14:$W14<>"")*$D$3:$W$3*($D$4:$W$4=AA$6))) | AB14: =IF($Y14="","",SUMPRODUCT(($D14:$W14=$D$2:$W$2)*($D14:$W14<>"")*$D$3:$W$3*($D$4:$W$4=AB$6)))
A15: 9 | B15: =IF(학생명단!B15="","",학생명단!B15) | C15: =IF(학생명단!C15="","",학생명단!C15) | X15: =IF(COUNTA(D15:W15)=0,"",SUMPRODUCT((D15:W15=$D$2:$W$2)*(D15:W15<>""))) | Y15: =IF(COUNTA(D15:W15)=0,"",SUMPRODUCT((D15:W15=$D$2:$W$2)*(D15:W15<>"")*$D$3:$W$3)) | Z15: =IF($Y15="","",SUMPRODUCT(($D15:$W15=$D$2:$W$2)*($D15:$W15<>"")*$D$3:$W$3*($D$4:$W$4=Z$6))) | AA15: =IF($Y15="","",SUMPRODUCT(($D15:$W15=$D$2:$W$2)*($D15:$W15<>"")*$D$3:$W$3*($D$4:$W$4=AA$6))) | AB15: =IF($Y15="","",SUMPRODUCT(($D15:$W15=$D$2:$W$2)*($D15:$W15<>"")*$D$3:$W$3*($D$4:$W$4=AB$6)))
A16: 10 | B16: =IF(학생명단!B16="","",학생명단!B16) | C16: =IF(학생명단!C16="","",학생명단!C16) | X16: =IF(COUNTA(D16:W16)=0,"",SUMPRODUCT((D16:W16=$D$2:$W$2)*(D16:W16<>""))) | Y16: =IF(COUNTA(D16:W16)=0,"",SUMPRODUCT((D16:W16=$D$2:$W$2)*(D16:W16<>"")*$D$3:$W$3)) | Z16: =IF($Y16="","",SUMPRODUCT(($D16:$W16=$D$2:$W$2)*($D16:$W16<>"")*$D$3:$W$3*($D$4:$W$4=Z$6))) | AA16: =IF($Y16="","",SUMPRODUCT(($D16:$W16=$D$2:$W$2)*($D16:$W16<>"")*$D$3:$W$3*($D$4:$W$4=AA$6))) | AB16: =IF($Y16="","",SUMPRODUCT(($D16:$W16=$D$2:$W$2)*($D16:$W16<>"")*$D$3:$W$3*($D$4:$W$4=AB$6)))
A17: 11 | B17: =IF(학생명단!B17="","",학생명단!B17) | C17: =IF(학생명단!C17="","",학생명단!C17) | X17: =IF(COUNTA(D17:W17)=0,"",SUMPRODUCT((D17:W17=$D$2:$W$2)*(D17:W17<>""))) | Y17: =IF(COUNTA(D17:W17)=0,"",SUMPRODUCT((D17:W17=$D$2:$W$2)*(D17:W17<>"")*$D$3:$W$3)) | Z17: =IF($Y17="","",SUMPRODUCT(($D17:$W17=$D$2:$W$2)*($D17:$W17<>"")*$D$3:$W$3*($D$4:$W$4=Z$6))) | AA17: =IF($Y17="","",SUMPRODUCT(($D17:$W17=$D$2:$W$2)*($D17:$W17<>"")*$D$3:$W$3*($D$4:$W$4=AA$6))) | AB17: =IF($Y17="","",SUMPRODUCT(($D17:$W17=$D$2:$W$2)*($D17:$W17<>"")*$D$3:$W$3*($D$4:$W$4=AB$6)))
A18: 12 | B18: =IF(학생명단!B18="","",학생명단!B18) | C18: =IF(학생명단!C18="","",학생명단!C18) | X18: =IF(COUNTA(D18:W18)=0,"",SUMPRODUCT((D18:W18=$D$2:$W$2)*(D18:W18<>""))) | Y18: =IF(COUNTA(D18:W18)=0,"",SUMPRODUCT((D18:W18=$D$2:$W$2)*(D18:W18<>"")*$D$3:$W$3)) | Z18: =IF($Y18="","",SUMPRODUCT(($D18:$W18=$D$2:$W$2)*($D18:$W18<>"")*$D$3:$W$3*($D$4:$W$4=Z$6))) | AA18: =IF($Y18="","",SUMPRODUCT(($D18:$W18=$D$2:$W$2)*($D18:$W18<>"")*$D$3:$W$3*($D$4:$W$4=AA$6))) | AB18: =IF($Y18="","",SUMPRODUCT(($D18:$W18=$D$2:$W$2)*($D18:$W18<>"")*$D$3:$W$3*($D$4:$W$4=AB$6)))
... A86: 80 | B86: =IF(학생명단!B86="","",학생명단!B86) | C86: =IF(학생명단!C86="","",학생명단!C86) | X86: =IF(COUNTA(D86:W86)=0,"",SUMPRODUCT((D86:W86=$D$2:$W$2)*(D86:W86<>""))) | Y86: =IF(COUNTA(D86:W86)=0,"",SUMPRODUCT((D86:W86=$D$2:$W$2)*(D86:W86<>"")*$D$3:$W$3)) | Z86: =IF($Y86="","",SUMPRODUCT(($D86:$W86=$D$2:$W$2)*($D86:$W86<>"")*$D$3:$W$3*($D$4:$W$4=Z$6))) | AA86: =IF($Y86="","",SUMPRODUCT(($D86:$W86=$D$2:$W$2)*($D86:$W86<>"")*$D$3:$W$3*($D$4:$W$4=AA$6))) | AB86: =IF($Y86="","",SUMPRODUCT(($D86:$W86=$D$2:$W$2)*($D86:$W86<>"")*$D$3:$W$3*($D$4:$W$4=AB$6)))

Sheet 반배정
A1: 반 배정
A2: 자동 계산 시트입니다. 'K열 수동조정'에서만 반을 바꿀 수 있고(상담 결과 반영 등), 최종반 = 수동조정이 있으면 그 값, 없으면 자동배정. 주황색 행 = 반 경계 점수대 학생.
P5: 반별 요약
A6: No | B6: 이름 | C6: 학교 | D6: 구분 | E6: 공수1 | F6: 공수2 | G6: 환산총점 | H6: 석차 | I6: 자동배정 | J6: 경계 | K6: 수동조정 | L6: 최종반 | M6: 비고 | N6: 정렬키 | P6: 반 | Q6: 정원 | R6: 자동 인원 | S6: 최종 인원 | T6: 자동컷 (최저점) | U6: 최종 평균 | V6: 재원 | W6: 외부
A7: 1 | B7: =IF(학생명단!B7="","",학생명단!B7) -> 홍길동(예시) | C7: =IF(학생명단!C7="","",학생명단!C7) -> OO중 | D7: =IF(학생명단!D7="","",학생명단!D7) -> 외부 | E7: =공수1!Y7 | F7: =공수2!Y7 | G7: =IF(AND(E7="",F7=""),"",N(E7)*설정!$C$13+N(F7)*설정!$C$14) | H7: =IF(G7="","",COUNTIF($G$7:$G$86,">"&G7)+1) | I7: =IF(H7="","",IF(H7<=설정!$C$6,설정!$B$6,IF(H7<=설정!$C$6+설정!$C$7,설정!$B$7,설정!$B$8))) | J7: =IF(G7="","",IF(OR(AND(ISNUMBER($T$7),ABS(G7-$T$7)<=설정!$C$15),AND(ISNUMBER($T$8),ABS(G7-$T$8)<=설정!$C$15)),"경계","")) | L7: =IF(K7<>"",K7,I7) | M7: =IF(G7="","",IF(E7="","공수1 미응시",IF(F7="","공수2 미응시",""))) | N7: =IF(H7="","",H7+ROW()/100000) | P7: =설정!$B$6 -> 심화반 | Q7: =설정!$C$6 -> 20 | R7: =COUNTIF($I$7:$I$86,P7) -> 0 | S7: =COUNTIF($L$7:$L$86,P7) -> 0 | T7: =IF(R7=0,"",_xlfn.MINIFS($G$7:$G$86,$I$7:$I$86,P7)) | U7: =IFERROR(AVERAGEIF($L$7:$L$86,P7,$G$7:$G$86),"") | V7: =COUNTIFS($L$7:$L$86,P7,$D$7:$D$86,"재원") -> 0 | W7: =COUNTIFS($L$7:$L$86,P7,$D$7:$D$86,"외부") -> 0
A8: 2 | B8: =IF(학생명단!B8="","",학생명단!B8) | C8: =IF(학생명단!C8="","",학생명단!C8) | D8: =IF(학생명단!D8="","",학생명단!D8) | E8: =공수1!Y8 | F8: =공수2!Y8 | G8: =IF(AND(E8="",F8=""),"",N(E8)*설정!$C$13+N(F8)*설정!$C$14) | H8: =IF(G8="","",COUNTIF($G$7:$G$86,">"&G8)+1) | I8: =IF(H8="","",IF(H8<=설정!$C$6,설정!$B$6,IF(H8<=설정!$C$6+설정!$C$7,설정!$B$7,설정!$B$8))) | J8: =IF(G8="","",IF(OR(AND(ISNUMBER($T$7),ABS(G8-$T$7)<=설정!$C$15),AND(ISNUMBER($T$8),ABS(G8-$T$8)<=설정!$C$15)),"경계","")) | L8: =IF(K8<>"",K8,I8) | M8: =IF(G8="","",IF(E8="","공수1 미응시",IF(F8="","공수2 미응시",""))) | N8: =IF(H8="","",H8+ROW()/100000) | P8: =설정!$B$7 -> 정규반 | Q8: =설정!$C$7 -> 20 | R8: =COUNTIF($I$7:$I$86,P8) -> 0 | S8: =COUNTIF($L$7:$L$86,P8) -> 0 | T8: =IF(R8=0,"",_xlfn.MINIFS($G$7:$G$86,$I$7:$I$86,P8)) | U8: =IFERROR(AVERAGEIF($L$7:$L$86,P8,$G$7:$G$86),"") | V8: =COUNTIFS($L$7:$L$86,P8,$D$7:$D$86,"재원") -> 0 | W8: =COUNTIFS($L$7:$L$86,P8,$D$7:$D$86,"외부") -> 0
A9: 3 | B9: =IF(학생명단!B9="","",학생명단!B9) | C9: =IF(학생명단!C9="","",학생명단!C9) | D9: =IF(학생명단!D9="","",학생명단!D9) | E9: =공수1!Y9 | F9: =공수2!Y9 | G9: =IF(AND(E9="",F9=""),"",N(E9)*설정!$C$13+N(F9)*설정!$C$14) | H9: =IF(G9="","",COUNTIF($G$7:$G$86,">"&G9)+1) | I9: =IF(H9="","",IF(H9<=설정!$C$6,설정!$B$6,IF(H9<=설정!$C$6+설정!$C$7,설정!$B$7,설정!$B$8))) | J9: =IF(G9="","",IF(OR(AND(ISNUMBER($T$7),ABS(G9-$T$7)<=설정!$C$15),AND(ISNUMBER($T$8),ABS(G9-$T$8)<=설정!$C$15)),"경계","")) | L9: =IF(K9<>"",K9,I9) | M9: =IF(G9="","",IF(E9="","공수1 미응시",IF(F9="","공수2 미응시",""))) | N9: =IF(H9="","",H9+ROW()/100000) | P9: =설정!$B$8 -> 기본반 | Q9: =설정!$C$8 -> 20 | R9: =COUNTIF($I$7:$I$86,P9) -> 0 | S9: =COUNTIF($L$7:$L$86,P9) -> 0 | T9: =IF(R9=0,"",_xlfn.MINIFS($G$7:$G$86,$I$7:$I$86,P9)) | U9: =IFERROR(AVERAGEIF($L$7:$L$86,P9,$G$7:$G$86),"") | V9: =COUNTIFS($L$7:$L$86,P9,$D$7:$D$86,"재원") -> 0 | W9: =COUNTIFS($L$7:$L$86,P9,$D$7:$D$86,"외부") -> 0
A10: 4 | B10: =IF(학생명단!B10="","",학생명단!B10) | C10: =IF(학생명단!C10="","",학생명단!C10) | D10: =IF(학생명단!D10="","",학생명단!D10) | E10: =공수1!Y10 | F10: =공수2!Y10 | G10: =IF(AND(E10="",F10=""),"",N(E10)*설정!$C$13+N(F10)*설정!$C$14) | H10: =IF(G10="","",COUNTIF($G$7:$G$86,">"&G10)+1) | I10: =IF(H10="","",IF(H10<=설정!$C$6,설정!$B$6,IF(H10<=설정!$C$6+설정!$C$7,설정!$B$7,설정!$B$8))) | J10: =IF(G10="","",IF(OR(AND(ISNUMBER($T$7),ABS(G10-$T$7)<=설정!$C$15),AND(ISNUMBER($T$8),ABS(G10-$T$8)<=설정!$C$15)),"경계","")) | L10: =IF(K10<>"",K10,I10) | M10: =IF(G10="","",IF(E10="","공수1 미응시",IF(F10="","공수2 미응시",""))) | N10: =IF(H10="","",H10+ROW()/100000) | P10: 합계 | Q10: =SUM(Q7:Q9) -> 60 | R10: =SUM(R7:R9) -> 0 | S10: =SUM(S7:S9) -> 0 | U10: =IFERROR(AVERAGE($G$7:$G$86),"") | V10: =SUM(V7:V9) -> 0 | W10: =SUM(W7:W9) -> 0
A11: 5 | B11: =IF(학생명단!B11="","",학생명단!B11) | C11: =IF(학생명단!C11="","",학생명단!C11) | D11: =IF(학생명단!D11="","",학생명단!D11) | E11: =공수1!Y11 | F11: =공수2!Y11 | G11: =IF(AND(E11="",F11=""),"",N(E11)*설정!$C$13+N(F11)*설정!$C$14) | H11: =IF(G11="","",COUNTIF($G$7:$G$86,">"&G11)+1) | I11: =IF(H11="","",IF(H11<=설정!$C$6,설정!$B$6,IF(H11<=설정!$C$6+설정!$C$7,설정!$B$7,설정!$B$8))) | J11: =IF(G11="","",IF(OR(AND(ISNUMBER($T$7),ABS(G11-$T$7)<=설정!$C$15),AND(ISNUMBER($T$8),ABS(G11-$T$8)<=설정!$C$15)),"경계","")) | L11: =IF(K11<>"",K11,I11) | M11: =IF(G11="","",IF(E11="","공수1 미응시",IF(F11="","공수2 미응시",""))) | N11: =IF(H11="","",H11+ROW()/100000)
A12: 6 | B12: =IF(학생명단!B12="","",학생명단!B12) | C12: =IF(학생명단!C12="","",학생명단!C12) | D12: =IF(학생명단!D12="","",학생명단!D12) | E12: =공수1!Y12 | F12: =공수2!Y12 | G12: =IF(AND(E12="",F12=""),"",N(E12)*설정!$C$13+N(F12)*설정!$C$14) | H12: =IF(G12="","",COUNTIF($G$7:$G$86,">"&G12)+1) | I12: =IF(H12="","",IF(H12<=설정!$C$6,설정!$B$6,IF(H12<=설정!$C$6+설정!$C$7,설정!$B$7,설정!$B$8))) | J12: =IF(G12="","",IF(OR(AND(ISNUMBER($T$7),ABS(G12-$T$7)<=설정!$C$15),AND(ISNUMBER($T$8),ABS(G12-$T$8)<=설정!$C$15)),"경계","")) | L12: =IF(K12<>"",K12,I12) | M12: =IF(G12="","",IF(E12="","공수1 미응시",IF(F12="","공수2 미응시",""))) | N12: =IF(H12="","",H12+ROW()/100000) | P12: · 경계 = 1·2반 자동컷 점수와 차이가 '설정' 경계 범위 이내인 학생 · 수동조정한 학생은 최종 인원·평균에 반영됩니다(자동컷은 그대로)
A13: 7 | B13: =IF(학생명단!B13="","",학생명단!B13) | C13: =IF(학생명단!C13="","",학생명단!C13) | D13: =IF(학생명단!D13="","",학생명단!D13) | E13: =공수1!Y13 | F13: =공수2!Y13 | G13: =IF(AND(E13="",F13=""),"",N(E13)*설정!$C$13+N(F13)*설정!$C$14) | H13: =IF(G13="","",COUNTIF($G$7:$G$86,">"&G13)+1) | I13: =IF(H13="","",IF(H13<=설정!$C$6,설정!$B$6,IF(H13<=설정!$C$6+설정!$C$7,설정!$B$7,설정!$B$8))) | J13: =IF(G13="","",IF(OR(AND(ISNUMBER($T$7),ABS(G13-$T$7)<=설정!$C$15),AND(ISNUMBER($T$8),ABS(G13-$T$8)<=설정!$C$15)),"경계","")) | L13: =IF(K13<>"",K13,I13) | M13: =IF(G13="","",IF(E13="","공수1 미응시",IF(F13="","공수2 미응시",""))) | N13: =IF(H13="","",H13+ROW()/100000)
A14: 8 | B14: =IF(학생명단!B14="","",학생명단!B14) | C14: =IF(학생명단!C14="","",학생명단!C14) | D14: =IF(학생명단!D14="","",학생명단!D14) | E14: =공수1!Y14 | F14: =공수2!Y14 | G14: =IF(AND(E14="",F14=""),"",N(E14)*설정!$C$13+N(F14)*설정!$C$14) | H14: =IF(G14="","",COUNTIF($G$7:$G$86,">"&G14)+1) | I14: =IF(H14="","",IF(H14<=설정!$C$6,설정!$B$6,IF(H14<=설정!$C$6+설정!$C$7,설정!$B$7,설정!$B$8))) | J14: =IF(G14="","",IF(OR(AND(ISNUMBER($T$7),ABS(G14-$T$7)<=설정!$C$15),AND(ISNUMBER($T$8),ABS(G14-$T$8)<=설정!$C$15)),"경계","")) | L14: =IF(K14<>"",K14,I14) | M14: =IF(G14="","",IF(E14="","공수1 미응시",IF(F14="","공수2 미응시",""))) | N14: =IF(H14="","",H14+ROW()/100000)
A15: 9 | B15: =IF(학생명단!B15="","",학생명단!B15) | C15: =IF(학생명단!C15="","",학생명단!C15) | D15: =IF(학생명단!D15="","",학생명단!D15) | E15: =공수1!Y15 | F15: =공수2!Y15 | G15: =IF(AND(E15="",F15=""),"",N(E15)*설정!$C$13+N(F15)*설정!$C$14) | H15: =IF(G15="","",COUNTIF($G$7:$G$86,">"&G15)+1) | I15: =IF(H15="","",IF(H15<=설정!$C$6,설정!$B$6,IF(H15<=설정!$C$6+설정!$C$7,설정!$B$7,설정!$B$8))) | J15: =IF(G15="","",IF(OR(AND(ISNUMBER($T$7),ABS(G15-$T$7)<=설정!$C$15),AND(ISNUMBER($T$8),ABS(G15-$T$8)<=설정!$C$15)),"경계","")) | L15: =IF(K15<>"",K15,I15) | M15: =IF(G15="","",IF(E15="","공수1 미응시",IF(F15="","공수2 미응시",""))) | N15: =IF(H15="","",H15+ROW()/100000)
A16: 10 | B16: =IF(학생명단!B16="","",학생명단!B16) | C16: =IF(학생명단!C16="","",학생명단!C16) | D16: =IF(학생명단!D16="","",학생명단!D16) | E16: =공수1!Y16 | F16: =공수2!Y16 | G16: =IF(AND(E16="",F16=""),"",N(E16)*설정!$C$13+N(F16)*설정!$C$14) | H16: =IF(G16="","",COUNTIF($G$7:$G$86,">"&G16)+1) | I16: =IF(H16="","",IF(H16<=설정!$C$6,설정!$B$6,IF(H16<=설정!$C$6+설정!$C$7,설정!$B$7,설정!$B$8))) | J16: =IF(G16="","",IF(OR(AND(ISNUMBER($T$7),ABS(G16-$T$7)<=설정!$C$15),AND(ISNUMBER($T$8),ABS(G16-$T$8)<=설정!$C$15)),"경계","")) | L16: =IF(K16<>"",K16,I16) | M16: =IF(G16="","",IF(E16="","공수1 미응시",IF(F16="","공수2 미응시",""))) | N16: =IF(H16="","",H16+ROW()/100000)
A17: 11 | B17: =IF(학생명단!B17="","",학생명단!B17) | C17: =IF(학생명단!C17="","",학생명단!C17) | D17: =IF(학생명단!D17="","",학생명단!D17) | E17: =공수1!Y17 | F17: =공수2!Y17 | G17: =IF(AND(E17="",F17=""),"",N(E17)*설정!$C$13+N(F17)*설정!$C$14) | H17: =IF(G17="","",COUNTIF($G$7:$G$86,">"&G17)+1) | I17: =IF(H17="","",IF(H17<=설정!$C$6,설정!$B$6,IF(H17<=설정!$C$6+설정!$C$7,설정!$B$7,설정!$B$8))) | J17: =IF(G17="","",IF(OR(AND(ISNUMBER($T$7),ABS(G17-$T$7)<=설정!$C$15),AND(ISNUMBER($T$8),ABS(G17-$T$8)<=설정!$C$15)),"경계","")) | L17: =IF(K17<>"",K17,I17) | M17: =IF(G17="","",IF(E17="","공수1 미응시",IF(F17="","공수2 미응시",""))) | N17: =IF(H17="","",H17+ROW()/100000)
A18: 12 | B18: =IF(학생명단!B18="","",학생명단!B18) | C18: =IF(학생명단!C18="","",학생명단!C18) | D18: =IF(학생명단!D18="","",학생명단!D18) | E18: =공수1!Y18 | F18: =공수2!Y18 | G18: =IF(AND(E18="",F18=""),"",N(E18)*설정!$C$13+N(F18)*설정!$C$14) | H18: =IF(G18="","",COUNTIF($G$7:$G$86,">"&G18)+1) | I18: =IF(H18="","",IF(H18<=설정!$C$6,설정!$B$6,IF(H18<=설정!$C$6+설정!$C$7,설정!$B$7,설정!$B$8))) | J18: =IF(G18="","",IF(OR(AND(ISNUMBER($T$7),ABS(G18-$T$7)<=설정!$C$15),AND(ISNUMBER($T$8),ABS(G18-$T$8)<=설정!$C$15)),"경계","")) | L18: =IF(K18<>"",K18,I18) | M18: =IF(G18="","",IF(E18="","공수1 미응시",IF(F18="","공수2 미응시",""))) | N18: =IF(H18="","",H18+ROW()/100000)
A19: 13 | B19: =IF(학생명단!B19="","",학생명단!B19) | C19: =IF(학생명단!C19="","",학생명단!C19) | D19: =IF(학생명단!D19="","",학생명단!D19) | E19: =공수1!Y19 | F19: =공수2!Y19 | G19: =IF(AND(E19="",F19=""),"",N(E19)*설정!$C$13+N(F19)*설정!$C$14) | H19: =IF(G19="","",COUNTIF($G$7:$G$86,">"&G19)+1) | I19: =IF(H19="","",IF(H19<=설정!$C$6,설정!$B$6,IF(H19<=설정!$C$6+설정!$C$7,설정!$B$7,설정!$B$8))) | J19: =IF(G19="","",IF(OR(AND(ISNUMBER($T$7),ABS(G19-$T$7)<=설정!$C$15),AND(ISNUMBER($T$8),ABS(G19-$T$8)<=설정!$C$15)),"경계","")) | L19: =IF(K19<>"",K19,I19) | M19: =IF(G19="","",IF(E19="","공수1 미응시",IF(F19="","공수2 미응시",""))) | N19: =IF(H19="","",H19+ROW()/100000)
A20: 14 | B20: =IF(학생명단!B20="","",학생명단!B20) | C20: =IF(학생명단!C20="","",학생명단!C20) | D20: =IF(학생명단!D20="","",학생명단!D20) | E20: =공수1!Y20 | F20: =공수2!Y20 | G20: =IF(AND(E20="",F20=""),"",N(E20)*설정!$C$13+N(F20)*설정!$C$14) | H20: =IF(G20="","",COUNTIF($G$7:$G$86,">"&G20)+1) | I20: =IF(H20="","",IF(H20<=설정!$C$6,설정!$B$6,IF(H20<=설정!$C$6+설정!$C$7,설정!$B$7,설정!$B$8))) | J20: =IF(G20="","",IF(OR(AND(ISNUMBER($T$7),ABS(G20-$T$7)<=설정!$C$15),AND(ISNUMBER($T$8),ABS(G20-$T$8)<=설정!$C$15)),"경계","")) | L20: =IF(K20<>"",K20,I20) | M20: =IF(G20="","",IF(E20="","공수1 미응시",IF(F20="","공수2 미응시",""))) | N20: =IF(H20="","",H20+ROW()/100000)
A21: 15 | B21: =IF(학생명단!B21="","",학생명단!B21) | C21: =IF(학생명단!C21="","",학생명단!C21) | D21: =IF(학생명단!D21="","",학생명단!D21) | E21: =공수1!Y21 | F21: =공수2!Y21 | G21: =IF(AND(E21="",F21=""),"",N(E21)*설정!$C$13+N(F21)*설정!$C$14) | H21: =IF(G21="","",COUNTIF($G$7:$G$86,">"&G21)+1) | I21: =IF(H21="","",IF(H21<=설정!$C$6,설정!$B$6,IF(H21<=설정!$C$6+설정!$C$7,설정!$B$7,설정!$B$8))) | J21: =IF(G21="","",IF(OR(AND(ISNUMBER($T$7),ABS(G21-$T$7)<=설정!$C$15),AND(ISNUMBER($T$8),ABS(G21-$T$8)<=설정!$C$15)),"경계","")) | L21: =IF(K21<>"",K21,I21) | M21: =IF(G21="","",IF(E21="","공수1 미응시",IF(F21="","공수2 미응시",""))) | N21: =IF(H21="","",H21+ROW()/100000)
A22: 16 | B22: =IF(학생명단!B22="","",학생명단!B22) | C22: =IF(학생명단!C22="","",학생명단!C22) | D22: =IF(학생명단!D22="","",학생명단!D22) | E22: =공수1!Y22 | F22: =공수2!Y22 | G22: =IF(AND(E22="",F22=""),"",N(E22)*설정!$C$13+N(F22)*설정!$C$14) | H22: =IF(G22="","",COUNTIF($G$7:$G$86,">"&G22)+1) | I22: =IF(H22="","",IF(H22<=설정!$C$6,설정!$B$6,IF(H22<=설정!$C$6+설정!$C$7,설정!$B$7,설정!$B$8))) | J22: =IF(G22="","",IF(OR(AND(ISNUMBER($T$7),ABS(G22-$T$7)<=설정!$C$15),AND(ISNUMBER($T$8),ABS(G22-$T$8)<=설정!$C$15)),"경계","")) | L22: =IF(K22<>"",K22,I22) | M22: =IF(G22="","",IF(E22="","공수1 미응시",IF(F22="","공수2 미응시",""))) | N22: =IF(H22="","",H22+ROW()/100000)
A23: 17 | B23: =IF(학생명단!B23="","",학생명단!B23) | C23: =IF(학생명단!C23="","",학생명단!C23) | D23: =IF(학생명단!D23="","",학생명단!D23) | E23: =공수1!Y23 | F23: =공수2!Y23 | G23: =IF(AND(E23="",F23=""),"",N(E23)*설정!$C$13+N(F23)*설정!$C$14) | H23: =IF(G23="","",COUNTIF($G$7:$G$86,">"&G23)+1) | I23: =IF(H23="","",IF(H23<=설정!$C$6,설정!$B$6,IF(H23<=설정!$C$6+설정!$C$7,설정!$B$7,설정!$B$8))) | J23: =IF(G23="","",IF(OR(AND(ISNUMBER($T$7),ABS(G23-$T$7)<=설정!$C$15),AND(ISNUMBER($T$8),ABS(G23-$T$8)<=설정!$C$15)),"경계","")) | L23: =IF(K23<>"",K23,I23) | M23: =IF(G23="","",IF(E23="","공수1 미응시",IF(F23="","공수2 미응시",""))) | N23: =IF(H23="","",H23+ROW()/100000)
A24: 18 | B24: =IF(학생명단!B24="","",학생명단!B24) | C24: =IF(학생명단!C24="","",학생명단!C24) | D24: =IF(학생명단!D24="","",학생명단!D24) | E24: =공수1!Y24 | F24: =공수2!Y24 | G24: =IF(AND(E24="",F24=""),"",N(E24)*설정!$C$13+N(F24)*설정!$C$14) | H24: =IF(G24="","",COUNTIF($G$7:$G$86,">"&G24)+1) | I24: =IF(H24="","",IF(H24<=설정!$C$6,설정!$B$6,IF(H24<=설정!$C$6+설정!$C$7,설정!$B$7,설정!$B$8))) | J24: =IF(G24="","",IF(OR(AND(ISNUMBER($T$7),ABS(G24-$T$7)<=설정!$C$15),AND(ISNUMBER($T$8),ABS(G24-$T$8)<=설정!$C$15)),"경계","")) | L24: =IF(K24<>"",K24,I24) | M24: =IF(G24="","",IF(E24="","공수1 미응시",IF(F24="","공수2 미응시",""))) | N24: =IF(H24="","",H24+ROW()/100000)
... A86: 80 | B86: =IF(학생명단!B86="","",학생명단!B86) | C86: =IF(학생명단!C86="","",학생명단!C86) | D86: =IF(학생명단!D86="","",학생명단!D86) | E86: =공수1!Y86 | F86: =공수2!Y86 | G86: =IF(AND(E86="",F86=""),"",N(E86)*설정!$C$13+N(F86)*설정!$C$14) | H86: =IF(G86="","",COUNTIF($G$7:$G$86,">"&G86)+1) | I86: =IF(H86="","",IF(H86<=설정!$C$6,설정!$B$6,IF(H86<=설정!$C$6+설정!$C$7,설정!$B$7,설정!$B$8))) | J86: =IF(G86="","",IF(OR(AND(ISNUMBER($T$7),ABS(G86-$T$7)<=설정!$C$15),AND(ISNUMBER($T$8),ABS(G86-$T$8)<=설정!$C$15)),"경계","")) | L86: =IF(K86<>"",K86,I86) | M86: =IF(G86="","",IF(E86="","공수1 미응시",IF(F86="","공수2 미응시",""))) | N86: =IF(H86="","",H86+ROW()/100000)

Sheet 석차순
A1: 석차순 명단 (발표·상담용)
A2: 자동 정렬됩니다. 인쇄 시 그대로 사용하세요.
A6: 석차 | B6: 이름 | C6: 학교 | D6: 구분 | E6: 공수1 | F6: 공수2 | G6: 환산총점 | H6: 최종반 | I6: 경계 | J6: 비고
A7: =IF($L7="","",INDEX(반배정!H$7:H$86,$L7)) | B7: =IF($L7="","",INDEX(반배정!B$7:B$86,$L7)) | C7: =IF($L7="","",INDEX(반배정!C$7:C$86,$L7)) | D7: =IF($L7="","",INDEX(반배정!D$7:D$86,$L7)) | E7: =IF($L7="","",INDEX(반배정!E$7:E$86,$L7)) | F7: =IF($L7="","",INDEX(반배정!F$7:F$86,$L7)) | G7: =IF($L7="","",INDEX(반배정!G$7:G$86,$L7)) | H7: =IF($L7="","",INDEX(반배정!L$7:L$86,$L7)) | I7: =IF($L7="","",INDEX(반배정!J$7:J$86,$L7)) | J7: =IF($L7="","",INDEX(반배정!M$7:M$86,$L7)) | K7: =IFERROR(SMALL(반배정!$N$7:$N$86,1),"") | L7: =IF(K7="","",MATCH(K7,반배정!$N$7:$N$86,0))
A8: =IF($L8="","",INDEX(반배정!H$7:H$86,$L8)) | B8: =IF($L8="","",INDEX(반배정!B$7:B$86,$L8)) | C8: =IF($L8="","",INDEX(반배정!C$7:C$86,$L8)) | D8: =IF($L8="","",INDEX(반배정!D$7:D$86,$L8)) | E8: =IF($L8="","",INDEX(반배정!E$7:E$86,$L8)) | F8: =IF($L8="","",INDEX(반배정!F$7:F$86,$L8)) | G8: =IF($L8="","",INDEX(반배정!G$7:G$86,$L8)) | H8: =IF($L8="","",INDEX(반배정!L$7:L$86,$L8)) | I8: =IF($L8="","",INDEX(반배정!J$7:J$86,$L8)) | J8: =IF($L8="","",INDEX(반배정!M$7:M$86,$L8)) | K8: =IFERROR(SMALL(반배정!$N$7:$N$86,2),"") | L8: =IF(K8="","",MATCH(K8,반배정!$N$7:$N$86,0))
A9: =IF($L9="","",INDEX(반배정!H$7:H$86,$L9)) | B9: =IF($L9="","",INDEX(반배정!B$7:B$86,$L9)) | C9: =IF($L9="","",INDEX(반배정!C$7:C$86,$L9)) | D9: =IF($L9="","",INDEX(반배정!D$7:D$86,$L9)) | E9: =IF($L9="","",INDEX(반배정!E$7:E$86,$L9)) | F9: =IF($L9="","",INDEX(반배정!F$7:F$86,$L9)) | G9: =IF($L9="","",INDEX(반배정!G$7:G$86,$L9)) | H9: =IF($L9="","",INDEX(반배정!L$7:L$86,$L9)) | I9: =IF($L9="","",INDEX(반배정!J$7:J$86,$L9)) | J9: =IF($L9="","",INDEX(반배정!M$7:M$86,$L9)) | K9: =IFERROR(SMALL(반배정!$N$7:$N$86,3),"") | L9: =IF(K9="","",MATCH(K9,반배정!$N$7:$N$86,0))
A10: =IF($L10="","",INDEX(반배정!H$7:H$86,$L10)) | B10: =IF($L10="","",INDEX(반배정!B$7:B$86,$L10)) | C10: =IF($L10="","",INDEX(반배정!C$7:C$86,$L10)) | D10: =IF($L10="","",INDEX(반배정!D$7:D$86,$L10)) | E10: =IF($L10="","",INDEX(반배정!E$7:E$86,$L10)) | F10: =IF($L10="","",INDEX(반배정!F$7:F$86,$L10)) | G10: =IF($L10="","",INDEX(반배정!G$7:G$86,$L10)) | H10: =IF($L10="","",INDEX(반배정!L$7:L$86,$L10)) | I10: =IF($L10="","",INDEX(반배정!J$7:J$86,$L10)) | J10: =IF($L10="","",INDEX(반배정!M$7:M$86,$L10)) | K10: =IFERROR(SMALL(반배정!$N$7:$N$86,4),"") | L10: =IF(K10="","",MATCH(K10,반배정!$N$7:$N$86,0))
A11: =IF($L11="","",INDEX(반배정!H$7:H$86,$L11)) | B11: =IF($L11="","",INDEX(반배정!B$7:B$86,$L11)) | C11: =IF($L11="","",INDEX(반배정!C$7:C$86,$L11)) | D11: =IF($L11="","",INDEX(반배정!D$7:D$86,$L11)) | E11: =IF($L11="","",INDEX(반배정!E$7:E$86,$L11)) | F11: =IF($L11="","",INDEX(반배정!F$7:F$86,$L11)) | G11: =IF($L11="","",INDEX(반배정!G$7:G$86,$L11)) | H11: =IF($L11="","",INDEX(반배정!L$7:L$86,$L11)) | I11: =IF($L11="","",INDEX(반배정!J$7:J$86,$L11)) | J11: =IF($L11="","",INDEX(반배정!M$7:M$86,$L11)) | K11: =IFERROR(SMALL(반배정!$N$7:$N$86,5),"") | L11: =IF(K11="","",MATCH(K11,반배정!$N$7:$N$86,0))
A12: =IF($L12="","",INDEX(반배정!H$7:H$86,$L12)) | B12: =IF($L12="","",INDEX(반배정!B$7:B$86,$L12)) | C12: =IF($L12="","",INDEX(반배정!C$7:C$86,$L12)) | D12: =IF($L12="","",INDEX(반배정!D$7:D$86,$L12)) | E12: =IF($L12="","",INDEX(반배정!E$7:E$86,$L12)) | F12: =IF($L12="","",INDEX(반배정!F$7:F$86,$L12)) | G12: =IF($L12="","",INDEX(반배정!G$7:G$86,$L12)) | H12: =IF($L12="","",INDEX(반배정!L$7:L$86,$L12)) | I12: =IF($L12="","",INDEX(반배정!J$7:J$86,$L12)) | J12: =IF($L12="","",INDEX(반배정!M$7:M$86,$L12)) | K12: =IFERROR(SMALL(반배정!$N$7:$N$86,6),"") | L12: =IF(K12="","",MATCH(K12,반배정!$N$7:$N$86,0))
A13: =IF($L13="","",INDEX(반배정!H$7:H$86,$L13)) | B13: =IF($L13="","",INDEX(반배정!B$7:B$86,$L13)) | C13: =IF($L13="","",INDEX(반배정!C$7:C$86,$L13)) | D13: =IF($L13="","",INDEX(반배정!D$7:D$86,$L13)) | E13: =IF($L13="","",INDEX(반배정!E$7:E$86,$L13)) | F13: =IF($L13="","",INDEX(반배정!F$7:F$86,$L13)) | G13: =IF($L13="","",INDEX(반배정!G$7:G$86,$L13)) | H13: =IF($L13="","",INDEX(반배정!L$7:L$86,$L13)) | I13: =IF($L13="","",INDEX(반배정!J$7:J$86,$L13)) | J13: =IF($L13="","",INDEX(반배정!M$7:M$86,$L13)) | K13: =IFERROR(SMALL(반배정!$N$7:$N$86,7),"") | L13: =IF(K13="","",MATCH(K13,반배정!$N$7:$N$86,0))
A14: =IF($L14="","",INDEX(반배정!H$7:H$86,$L14)) | B14: =IF($L14="","",INDEX(반배정!B$7:B$86,$L14)) | C14: =IF($L14="","",INDEX(반배정!C$7:C$86,$L14)) | D14: =IF($L14="","",INDEX(반배정!D$7:D$86,$L14)) | E14: =IF($L14="","",INDEX(반배정!E$7:E$86,$L14)) | F14: =IF($L14="","",INDEX(반배정!F$7:F$86,$L14)) | G14: =IF($L14="","",INDEX(반배정!G$7:G$86,$L14)) | H14: =IF($L14="","",INDEX(반배정!L$7:L$86,$L14)) | I14: =IF($L14="","",INDEX(반배정!J$7:J$86,$L14)) | J14: =IF($L14="","",INDEX(반배정!M$7:M$86,$L14)) | K14: =IFERROR(SMALL(반배정!$N$7:$N$86,8),"") | L14: =IF(K14="","",MATCH(K14,반배정!$N$7:$N$86,0))
A15: =IF($L15="","",INDEX(반배정!H$7:H$86,$L15)) | B15: =IF($L15="","",INDEX(반배정!B$7:B$86,$L15)) | C15: =IF($L15="","",INDEX(반배정!C$7:C$86,$L15)) | D15: =IF($L15="","",INDEX(반배정!D$7:D$86,$L15)) | E15: =IF($L15="","",INDEX(반배정!E$7:E$86,$L15)) | F15: =IF($L15="","",INDEX(반배정!F$7:F$86,$L15)) | G15: =IF($L15="","",INDEX(반배정!G$7:G$86,$L15)) | H15: =IF($L15="","",INDEX(반배정!L$7:L$86,$L15)) | I15: =IF($L15="","",INDEX(반배정!J$7:J$86,$L15)) | J15: =IF($L15="","",INDEX(반배정!M$7:M$86,$L15)) | K15: =IFERROR(SMALL(반배정!$N$7:$N$86,9),"") | L15: =IF(K15="","",MATCH(K15,반배정!$N$7:$N$86,0))
A16: =IF($L16="","",INDEX(반배정!H$7:H$86,$L16)) | B16: =IF($L16="","",INDEX(반배정!B$7:B$86,$L16)) | C16: =IF($L16="","",INDEX(반배정!C$7:C$86,$L16)) | D16: =IF($L16="","",INDEX(반배정!D$7:D$86,$L16)) | E16: =IF($L16="","",INDEX(반배정!E$7:E$86,$L16)) | F16: =IF($L16="","",INDEX(반배정!F$7:F$86,$L16)) | G16: =IF($L16="","",INDEX(반배정!G$7:G$86,$L16)) | H16: =IF($L16="","",INDEX(반배정!L$7:L$86,$L16)) | I16: =IF($L16="","",INDEX(반배정!J$7:J$86,$L16)) | J16: =IF($L16="","",INDEX(반배정!M$7:M$86,$L16)) | K16: =IFERROR(SMALL(반배정!$N$7:$N$86,10),"") | L16: =IF(K16="","",MATCH(K16,반배정!$N$7:$N$86,0))
A17: =IF($L17="","",INDEX(반배정!H$7:H$86,$L17)) | B17: =IF($L17="","",INDEX(반배정!B$7:B$86,$L17)) | C17: =IF($L17="","",INDEX(반배정!C$7:C$86,$L17)) | D17: =IF($L17="","",INDEX(반배정!D$7:D$86,$L17)) | E17: =IF($L17="","",INDEX(반배정!E$7:E$86,$L17)) | F17: =IF($L17="","",INDEX(반배정!F$7:F$86,$L17)) | G17: =IF($L17="","",INDEX(반배정!G$7:G$86,$L17)) | H17: =IF($L17="","",INDEX(반배정!L$7:L$86,$L17)) | I17: =IF($L17="","",INDEX(반배정!J$7:J$86,$L17)) | J17: =IF($L17="","",INDEX(반배정!M$7:M$86,$L17)) | K17: =IFERROR(SMALL(반배정!$N$7:$N$86,11),"") | L17: =IF(K17="","",MATCH(K17,반배정!$N$7:$N$86,0))
A18: =IF($L18="","",INDEX(반배정!H$7:H$86,$L18)) | B18: =IF($L18="","",INDEX(반배정!B$7:B$86,$L18)) | C18: =IF($L18="","",INDEX(반배정!C$7:C$86,$L18)) | D18: =IF($L18="","",INDEX(반배정!D$7:D$86,$L18)) | E18: =IF($L18="","",INDEX(반배정!E$7:E$86,$L18)) | F18: =IF($L18="","",INDEX(반배정!F$7:F$86,$L18)) | G18: =IF($L18="","",INDEX(반배정!G$7:G$86,$L18)) | H18: =IF($L18="","",INDEX(반배정!L$7:L$86,$L18)) | I18: =IF($L18="","",INDEX(반배정!J$7:J$86,$L18)) | J18: =IF($L18="","",INDEX(반배정!M$7:M$86,$L18)) | K18: =IFERROR(SMALL(반배정!$N$7:$N$86,12),"") | L18: =IF(K18="","",MATCH(K18,반배정!$N$7:$N$86,0))
A19: =IF($L19="","",INDEX(반배정!H$7:H$86,$L19)) | B19: =IF($L19="","",INDEX(반배정!B$7:B$86,$L19)) | C19: =IF($L19="","",INDEX(반배정!C$7:C$86,$L19)) | D19: =IF($L19="","",INDEX(반배정!D$7:D$86,$L19)) | E19: =IF($L19="","",INDEX(반배정!E$7:E$86,$L19)) | F19: =IF($L19="","",INDEX(반배정!F$7:F$86,$L19)) | G19: =IF($L19="","",INDEX(반배정!G$7:G$86,$L19)) | H19: =IF($L19="","",INDEX(반배정!L$7:L$86,$L19)) | I19: =IF($L19="","",INDEX(반배정!J$7:J$86,$L19)) | J19: =IF($L19="","",INDEX(반배정!M$7:M$86,$L19)) | K19: =IFERROR(SMALL(반배정!$N$7:$N$86,13),"") | L19: =IF(K19="","",MATCH(K19,반배정!$N$7:$N$86,0))
A20: =IF($L20="","",INDEX(반배정!H$7:H$86,$L20)) | B20: =IF($L20="","",INDEX(반배정!B$7:B$86,$L20)) | C20: =IF($L20="","",INDEX(반배정!C$7:C$86,$L20)) | D20: =IF($L20="","",INDEX(반배정!D$7:D$86,$L20)) | E20: =IF($L20="","",INDEX(반배정!E$7:E$86,$L20)) | F20: =IF($L20="","",INDEX(반배정!F$7:F$86,$L20)) | G20: =IF($L20="","",INDEX(반배정!G$7:G$86,$L20)) | H20: =IF($L20="","",INDEX(반배정!L$7:L$86,$L20)) | I20: =IF($L20="","",INDEX(반배정!J$7:J$86,$L20)) | J20: =IF($L20="","",INDEX(반배정!M$7:M$86,$L20)) | K20: =IFERROR(SMALL(반배정!$N$7:$N$86,14),"") | L20: =IF(K20="","",MATCH(K20,반배정!$N$7:$N$86,0))
A21: =IF($L21="","",INDEX(반배정!H$7:H$86,$L21)) | B21: =IF($L21="","",INDEX(반배정!B$7:B$86,$L21)) | C21: =IF($L21="","",INDEX(반배정!C$7:C$86,$L21)) | D21: =IF($L21="","",INDEX(반배정!D$7:D$86,$L21)) | E21: =IF($L21="","",INDEX(반배정!E$7:E$86,$L21)) | F21: =IF($L21="","",INDEX(반배정!F$7:F$86,$L21)) | G21: =IF($L21="","",INDEX(반배정!G$7:G$86,$L21)) | H21: =IF($L21="","",INDEX(반배정!L$7:L$86,$L21)) | I21: =IF($L21="","",INDEX(반배정!J$7:J$86,$L21)) | J21: =IF($L21="","",INDEX(반배정!M$7:M$86,$L21)) | K21: =IFERROR(SMALL(반배정!$N$7:$N$86,15),"") | L21: =IF(K21="","",MATCH(K21,반배정!$N$7:$N$86,0))
A22: =IF($L22="","",INDEX(반배정!H$7:H$86,$L22)) | B22: =IF($L22="","",INDEX(반배정!B$7:B$86,$L22)) | C22: =IF($L22="","",INDEX(반배정!C$7:C$86,$L22)) | D22: =IF($L22="","",INDEX(반배정!D$7:D$86,$L22)) | E22: =IF($L22="","",INDEX(반배정!E$7:E$86,$L22)) | F22: =IF($L22="","",INDEX(반배정!F$7:F$86,$L22)) | G22: =IF($L22="","",INDEX(반배정!G$7:G$86,$L22)) | H22: =IF($L22="","",INDEX(반배정!L$7:L$86,$L22)) | I22: =IF($L22="","",INDEX(반배정!J$7:J$86,$L22)) | J22: =IF($L22="","",INDEX(반배정!M$7:M$86,$L22)) | K22: =IFERROR(SMALL(반배정!$N$7:$N$86,16),"") | L22: =IF(K22="","",MATCH(K22,반배정!$N$7:$N$86,0))
A23: =IF($L23="","",INDEX(반배정!H$7:H$86,$L23)) | B23: =IF($L23="","",INDEX(반배정!B$7:B$86,$L23)) | C23: =IF($L23="","",INDEX(반배정!C$7:C$86,$L23)) | D23: =IF($L23="","",INDEX(반배정!D$7:D$86,$L23)) | E23: =IF($L23="","",INDEX(반배정!E$7:E$86,$L23)) | F23: =IF($L23="","",INDEX(반배정!F$7:F$86,$L23)) | G23: =IF($L23="","",INDEX(반배정!G$7:G$86,$L23)) | H23: =IF($L23="","",INDEX(반배정!L$7:L$86,$L23)) | I23: =IF($L23="","",INDEX(반배정!J$7:J$86,$L23)) | J23: =IF($L23="","",INDEX(반배정!M$7:M$86,$L23)) | K23: =IFERROR(SMALL(반배정!$N$7:$N$86,17),"") | L23: =IF(K23="","",MATCH(K23,반배정!$N$7:$N$86,0))
A24: =IF($L24="","",INDEX(반배정!H$7:H$86,$L24)) | B24: =IF($L24="","",INDEX(반배정!B$7:B$86,$L24)) | C24: =IF($L24="","",INDEX(반배정!C$7:C$86,$L24)) | D24: =IF($L24="","",INDEX(반배정!D$7:D$86,$L24)) | E24: =IF($L24="","",INDEX(반배정!E$7:E$86,$L24)) | F24: =IF($L24="","",INDEX(반배정!F$7:F$86,$L24)) | G24: =IF($L24="","",INDEX(반배정!G$7:G$86,$L24)) | H24: =IF($L24="","",INDEX(반배정!L$7:L$86,$L24)) | I24: =IF($L24="","",INDEX(반배정!J$7:J$86,$L24)) | J24: =IF($L24="","",INDEX(반배정!M$7:M$86,$L24)) | K24: =IFERROR(SMALL(반배정!$N$7:$N$86,18),"") | L24: =IF(K24="","",MATCH(K24,반배정!$N$7:$N$86,0))
A25: =IF($L25="","",INDEX(반배정!H$7:H$86,$L25)) | B25: =IF($L25="","",INDEX(반배정!B$7:B$86,$L25)) | C25: =IF($L25="","",INDEX(반배정!C$7:C$86,$L25)) | D25: =IF($L25="","",INDEX(반배정!D$7:D$86,$L25)) | E25: =IF($L25="","",INDEX(반배정!E$7:E$86,$L25)) | F25: =IF($L25="","",INDEX(반배정!F$7:F$86,$L25)) | G25: =IF($L25="","",INDEX(반배정!G$7:G$86,$L25)) | H25: =IF($L25="","",INDEX(반배정!L$7:L$86,$L25)) | I25: =IF($L25="","",INDEX(반배정!J$7:J$86,$L25)) | J25: =IF($L25="","",INDEX(반배정!M$7:M$86,$L25)) | K25: =IFERROR(SMALL(반배정!$N$7:$N$86,19),"") | L25: =IF(K25="","",MATCH(K25,반배정!$N$7:$N$86,0))
A26: =IF($L26="","",INDEX(반배정!H$7:H$86,$L26)) | B26: =IF($L26="","",INDEX(반배정!B$7:B$86,$L26)) | C26: =IF($L26="","",INDEX(반배정!C$7:C$86,$L26)) | D26: =IF($L26="","",INDEX(반배정!D$7:D$86,$L26)) | E26: =IF($L26="","",INDEX(반배정!E$7:E$86,$L26)) | F26: =IF($L26="","",INDEX(반배정!F$7:F$86,$L26)) | G26: =IF($L26="","",INDEX(반배정!G$7:G$86,$L26)) | H26: =IF($L26="","",INDEX(반배정!L$7:L$86,$L26)) | I26: =IF($L26="","",INDEX(반배정!J$7:J$86,$L26)) | J26: =IF($L26="","",INDEX(반배정!M$7:M$86,$L26)) | K26: =IFERROR(SMALL(반배정!$N$7:$N$86,20),"") | L26: =IF(K26="","",MATCH(K26,반배정!$N$7:$N$86,0))
A27: =IF($L27="","",INDEX(반배정!H$7:H$86,$L27)) | B27: =IF($L27="","",INDEX(반배정!B$7:B$86,$L27)) | C27: =IF($L27="","",INDEX(반배정!C$7:C$86,$L27)) | D27: =IF($L27="","",INDEX(반배정!D$7:D$86,$L27)) | E27: =IF($L27="","",INDEX(반배정!E$7:E$86,$L27)) | F27: =IF($L27="","",INDEX(반배정!F$7:F$86,$L27)) | G27: =IF($L27="","",INDEX(반배정!G$7:G$86,$L27)) | H27: =IF($L27="","",INDEX(반배정!L$7:L$86,$L27)) | I27: =IF($L27="","",INDEX(반배정!J$7:J$86,$L27)) | J27: =IF($L27="","",INDEX(반배정!M$7:M$86,$L27)) | K27: =IFERROR(SMALL(반배정!$N$7:$N$86,21),"") | L27: =IF(K27="","",MATCH(K27,반배정!$N$7:$N$86,0))
A28: =IF($L28="","",INDEX(반배정!H$7:H$86,$L28)) | B28: =IF($L28="","",INDEX(반배정!B$7:B$86,$L28)) | C28: =IF($L28="","",INDEX(반배정!C$7:C$86,$L28)) | D28: =IF($L28="","",INDEX(반배정!D$7:D$86,$L28)) | E28: =IF($L28="","",INDEX(반배정!E$7:E$86,$L28)) | F28: =IF($L28="","",INDEX(반배정!F$7:F$86,$L28)) | G28: =IF($L28="","",INDEX(반배정!G$7:G$86,$L28)) | H28: =IF($L28="","",INDEX(반배정!L$7:L$86,$L28)) | I28: =IF($L28="","",INDEX(반배정!J$7:J$86,$L28)) | J28: =IF($L28="","",INDEX(반배정!M$7:M$86,$L28)) | K28: =IFERROR(SMALL(반배정!$N$7:$N$86,22),"") | L28: =IF(K28="","",MATCH(K28,반배정!$N$7:$N$86,0))
A29: =IF($L29="","",INDEX(반배정!H$7:H$86,$L29)) | B29: =IF($L29="","",INDEX(반배정!B$7:B$86,$L29)) | C29: =IF($L29="","",INDEX(반배정!C$7:C$86,$L29)) | D29: =IF($L29="","",INDEX(반배정!D$7:D$86,$L29)) | E29: =IF($L29="","",INDEX(반배정!E$7:E$86,$L29)) | F29: =IF($L29="","",INDEX(반배정!F$7:F$86,$L29)) | G29: =IF($L29="","",INDEX(반배정!G$7:G$86,$L29)) | H29: =IF($L29="","",INDEX(반배정!L$7:L$86,$L29)) | I29: =IF($L29="","",INDEX(반배정!J$7:J$86,$L29)) | J29: =IF($L29="","",INDEX(반배정!M$7:M$86,$L29)) | K29: =IFERROR(SMALL(반배정!$N$7:$N$86,23),"") | L29: =IF(K29="","",MATCH(K29,반배정!$N$7:$N$86,0))
A30: =IF($L30="","",INDEX(반배정!H$7:H$86,$L30)) | B30: =IF($L30="","",INDEX(반배정!B$7:B$86,$L30)) | C30: =IF($L30="","",INDEX(반배정!C$7:C$86,$L30)) | D30: =IF($L30="","",INDEX(반배정!D$7:D$86,$L30)) | E30: =IF($L30="","",INDEX(반배정!E$7:E$86,$L30)) | F30: =IF($L30="","",INDEX(반배정!F$7:F$86,$L30)) | G30: =IF($L30="","",INDEX(반배정!G$7:G$86,$L30)) | H30: =IF($L30="","",INDEX(반배정!L$7:L$86,$L30)) | I30: =IF($L30="","",INDEX(반배정!J$7:J$86,$L30)) | J30: =IF($L30="","",INDEX(반배정!M$7:M$86,$L30)) | K30: =IFERROR(SMALL(반배정!$N$7:$N$86,24),"") | L30: =IF(K30="","",MATCH(K30,반배정!$N$7:$N$86,0))
A31: =IF($L31="","",INDEX(반배정!H$7:H$86,$L31)) | B31: =IF($L31="","",INDEX(반배정!B$7:B$86,$L31)) | C31: =IF($L31="","",INDEX(반배정!C$7:C$86,$L31)) | D31: =IF($L31="","",INDEX(반배정!D$7:D$86,$L31)) | E31: =IF($L31="","",INDEX(반배정!E$7:E$86,$L31)) | F31: =IF($L31="","",INDEX(반배정!F$7:F$86,$L31)) | G31: =IF($L31="","",INDEX(반배정!G$7:G$86,$L31)) | H31: =IF($L31="","",INDEX(반배정!L$7:L$86,$L31)) | I31: =IF($L31="","",INDEX(반배정!J$7:J$86,$L31)) | J31: =IF($L31="","",INDEX(반배정!M$7:M$86,$L31)) | K31: =IFERROR(SMALL(반배정!$N$7:$N$86,25),"") | L31: =IF(K31="","",MATCH(K31,반배정!$N$7:$N$86,0))
A32: =IF($L32="","",INDEX(반배정!H$7:H$86,$L32)) | B32: =IF($L32="","",INDEX(반배정!B$7:B$86,$L32)) | C32: =IF($L32="","",INDEX(반배정!C$7:C$86,$L32)) | D32: =IF($L32="","",INDEX(반배정!D$7:D$86,$L32)) | E32: =IF($L32="","",INDEX(반배정!E$7:E$86,$L32)) | F32: =IF($L32="","",INDEX(반배정!F$7:F$86,$L32)) | G32: =IF($L32="","",INDEX(반배정!G$7:G$86,$L32)) | H32: =IF($L32="","",INDEX(반배정!L$7:L$86,$L32)) | I32: =IF($L32="","",INDEX(반배정!J$7:J$86,$L32)) | J32: =IF($L32="","",INDEX(반배정!M$7:M$86,$L32)) | K32: =IFERROR(SMALL(반배정!$N$7:$N$86,26),"") | L32: =IF(K32="","",MATCH(K32,반배정!$N$7:$N$86,0))
A33: =IF($L33="","",INDEX(반배정!H$7:H$86,$L33)) | B33: =IF($L33="","",INDEX(반배정!B$7:B$86,$L33)) | C33: =IF($L33="","",INDEX(반배정!C$7:C$86,$L33)) | D33: =IF($L33="","",INDEX(반배정!D$7:D$86,$L33)) | E33: =IF($L33="","",INDEX(반배정!E$7:E$86,$L33)) | F33: =IF($L33="","",INDEX(반배정!F$7:F$86,$L33)) | G33: =IF($L33="","",INDEX(반배정!G$7:G$86,$L33)) | H33: =IF($L33="","",INDEX(반배정!L$7:L$86,$L33)) | I33: =IF($L33="","",INDEX(반배정!J$7:J$86,$L33)) | J33: =IF($L33="","",INDEX(반배정!M$7:M$86,$L33)) | K33: =IFERROR(SMALL(반배정!$N$7:$N$86,27),"") | L33: =IF(K33="","",MATCH(K33,반배정!$N$7:$N$86,0))
A34: =IF($L34="","",INDEX(반배정!H$7:H$86,$L34)) | B34: =IF($L34="","",INDEX(반배정!B$7:B$86,$L34)) | C34: =IF($L34="","",INDEX(반배정!C$7:C$86,$L34)) | D34: =IF($L34="","",INDEX(반배정!D$7:D$86,$L34)) | E34: =IF($L34="","",INDEX(반배정!E$7:E$86,$L34)) | F34: =IF($L34="","",INDEX(반배정!F$7:F$86,$L34)) | G34: =IF($L34="","",INDEX(반배정!G$7:G$86,$L34)) | H34: =IF($L34="","",INDEX(반배정!L$7:L$86,$L34)) | I34: =IF($L34="","",INDEX(반배정!J$7:J$86,$L34)) | J34: =IF($L34="","",INDEX(반배정!M$7:M$86,$L34)) | K34: =IFERROR(SMALL(반배정!$N$7:$N$86,28),"") | L34: =IF(K34="","",MATCH(K34,반배정!$N$7:$N$86,0))
A35: =IF($L35="","",INDEX(반배정!H$7:H$86,$L35)) | B35: =IF($L35="","",INDEX(반배정!B$7:B$86,$L35)) | C35: =IF($L35="","",INDEX(반배정!C$7:C$86,$L35)) | D35: =IF($L35="","",INDEX(반배정!D$7:D$86,$L35)) | E35: =IF($L35="","",INDEX(반배정!E$7:E$86,$L35)) | F35: =IF($L35="","",INDEX(반배정!F$7:F$86,$L35)) | G35: =IF($L35="","",INDEX(반배정!G$7:G$86,$L35)) | H35: =IF($L35="","",INDEX(반배정!L$7:L$86,$L35)) | I35: =IF($L35="","",INDEX(반배정!J$7:J$86,$L35)) | J35: =IF($L35="","",INDEX(반배정!M$7:M$86,$L35)) | K35: =IFERROR(SMALL(반배정!$N$7:$N$86,29),"") | L35: =IF(K35="","",MATCH(K35,반배정!$N$7:$N$86,0))
A36: =IF($L36="","",INDEX(반배정!H$7:H$86,$L36)) | B36: =IF($L36="","",INDEX(반배정!B$7:B$86,$L36)) | C36: =IF($L36="","",INDEX(반배정!C$7:C$86,$L36)) | D36: =IF($L36="","",INDEX(반배정!D$7:D$86,$L36)) | E36: =IF($L36="","",INDEX(반배정!E$7:E$86,$L36)) | F36: =IF($L36="","",INDEX(반배정!F$7:F$86,$L36)) | G36: =IF($L36="","",INDEX(반배정!G$7:G$86,$L36)) | H36: =IF($L36="","",INDEX(반배정!L$7:L$86,$L36)) | I36: =IF($L36="","",INDEX(반배정!J$7:J$86,$L36)) | J36: =IF($L36="","",INDEX(반배정!M$7:M$86,$L36)) | K36: =IFERROR(SMALL(반배정!$N$7:$N$86,30),"") | L36: =IF(K36="","",MATCH(K36,반배정!$N$7:$N$86,0))
A37: =IF($L37="","",INDEX(반배정!H$7:H$86,$L37)) | B37: =IF($L37="","",INDEX(반배정!B$7:B$86,$L37)) | C37: =IF($L37="","",INDEX(반배정!C$7:C$86,$L37)) | D37: =IF($L37="","",INDEX(반배정!D$7:D$86,$L37)) | E37: =IF($L37="","",INDEX(반배정!E$7:E$86,$L37)) | F37: =IF($L37="","",INDEX(반배정!F$7:F$86,$L37)) | G37: =IF($L37="","",INDEX(반배정!G$7:G$86,$L37)) | H37: =IF($L37="","",INDEX(반배정!L$7:L$86,$L37)) | I37: =IF($L37="","",INDEX(반배정!J$7:J$86,$L37)) | J37: =IF($L37="","",INDEX(반배정!M$7:M$86,$L37)) | K37: =IFERROR(SMALL(반배정!$N$7:$N$86,31),"") | L37: =IF(K37="","",MATCH(K37,반배정!$N$7:$N$86,0))
A38: =IF($L38="","",INDEX(반배정!H$7:H$86,$L38)) | B38: =IF($L38="","",INDEX(반배정!B$7:B$86,$L38)) | C38: =IF($L38="","",INDEX(반배정!C$7:C$86,$L38)) | D38: =IF($L38="","",INDEX(반배정!D$7:D$86,$L38)) | E38: =IF($L38="","",INDEX(반배정!E$7:E$86,$L38)) | F38: =IF($L38="","",INDEX(반배정!F$7:F$86,$L38)) | G38: =IF($L38="","",INDEX(반배정!G$7:G$86,$L38)) | H38: =IF($L38="","",INDEX(반배정!L$7:L$86,$L38)) | I38: =IF($L38="","",INDEX(반배정!J$7:J$86,$L38)) | J38: =IF($L38="","",INDEX(반배정!M$7:M$86,$L38)) | K38: =IFERROR(SMALL(반배정!$N$7:$N$86,32),"") | L38: =IF(K38="","",MATCH(K38,반배정!$N$7:$N$86,0))
A39: =IF($L39="","",INDEX(반배정!H$7:H$86,$L39)) | B39: =IF($L39="","",INDEX(반배정!B$7:B$86,$L39)) | C39: =IF($L39="","",INDEX(반배정!C$7:C$86,$L39)) | D39: =IF($L39="","",INDEX(반배정!D$7:D$86,$L39)) | E39: =IF($L39="","",INDEX(반배정!E$7:E$86,$L39)) | F39: =IF($L39="","",INDEX(반배정!F$7:F$86,$L39)) | G39: =IF($L39="","",INDEX(반배정!G$7:G$86,$L39)) | H39: =IF($L39="","",INDEX(반배정!L$7:L$86,$L39)) | I39: =IF($L39="","",INDEX(반배정!J$7:J$86,$L39)) | J39: =IF($L39="","",INDEX(반배정!M$7:M$86,$L39)) | K39: =IFERROR(SMALL(반배정!$N$7:$N$86,33),"") | L39: =IF(K39="","",MATCH(K39,반배정!$N$7:$N$86,0))
A40: =IF($L40="","",INDEX(반배정!H$7:H$86,$L40)) | B40: =IF($L40="","",INDEX(반배정!B$7:B$86,$L40)) | C40: =IF($L40="","",INDEX(반배정!C$7:C$86,$L40)) | D40: =IF($L40="","",INDEX(반배정!D$7:D$86,$L40)) | E40: =IF($L40="","",INDEX(반배정!E$7:E$86,$L40)) | F40: =IF($L40="","",INDEX(반배정!F$7:F$86,$L40)) | G40: =IF($L40="","",INDEX(반배정!G$7:G$86,$L40)) | H40: =IF($L40="","",INDEX(반배정!L$7:L$86,$L40)) | I40: =IF($L40="","",INDEX(반배정!J$7:J$86,$L40)) | J40: =IF($L40="","",INDEX(반배정!M$7:M$86,$L40)) | K40: =IFERROR(SMALL(반배정!$N$7:$N$86,34),"") | L40: =IF(K40="","",MATCH(K40,반배정!$N$7:$N$86,0))
A41: =IF($L41="","",INDEX(반배정!H$7:H$86,$L41)) | B41: =IF($L41="","",INDEX(반배정!B$7:B$86,$L41)) | C41: =IF($L41="","",INDEX(반배정!C$7:C$86,$L41)) | D41: =IF($L41="","",INDEX(반배정!D$7:D$86,$L41)) | E41: =IF($L41="","",INDEX(반배정!E$7:E$86,$L41)) | F41: =IF($L41="","",INDEX(반배정!F$7:F$86,$L41)) | G41: =IF($L41="","",INDEX(반배정!G$7:G$86,$L41)) | H41: =IF($L41="","",INDEX(반배정!L$7:L$86,$L41)) | I41: =IF($L41="","",INDEX(반배정!J$7:J$86,$L41)) | J41: =IF($L41="","",INDEX(반배정!M$7:M$86,$L41)) | K41: =IFERROR(SMALL(반배정!$N$7:$N$86,35),"") | L41: =IF(K41="","",MATCH(K41,반배정!$N$7:$N$86,0))
A42: =IF($L42="","",INDEX(반배정!H$7:H$86,$L42)) | B42: =IF($L42="","",INDEX(반배정!B$7:B$86,$L42)) | C42: =IF($L42="","",INDEX(반배정!C$7:C$86,$L42)) | D42: =IF($L42="","",INDEX(반배정!D$7:D$86,$L42)) | E42: =IF($L42="","",INDEX(반배정!E$7:E$86,$L42)) | F42: =IF($L42="","",INDEX(반배정!F$7:F$86,$L42)) | G42: =IF($L42="","",INDEX(반배정!G$7:G$86,$L42)) | H42: =IF($L42="","",INDEX(반배정!L$7:L$86,$L42)) | I42: =IF($L42="","",INDEX(반배정!J$7:J$86,$L42)) | J42: =IF($L42="","",INDEX(반배정!M$7:M$86,$L42)) | K42: =IFERROR(SMALL(반배정!$N$7:$N$86,36),"") | L42: =IF(K42="","",MATCH(K42,반배정!$N$7:$N$86,0))
A43: =IF($L43="","",INDEX(반배정!H$7:H$86,$L43)) | B43: =IF($L43="","",INDEX(반배정!B$7:B$86,$L43)) | C43: =IF($L43="","",INDEX(반배정!C$7:C$86,$L43)) | D43: =IF($L43="","",INDEX(반배정!D$7:D$86,$L43)) | E43: =IF($L43="","",INDEX(반배정!E$7:E$86,$L43)) | F43: =IF($L43="","",INDEX(반배정!F$7:F$86,$L43)) | G43: =IF($L43="","",INDEX(반배정!G$7:G$86,$L43)) | H43: =IF($L43="","",INDEX(반배정!L$7:L$86,$L43)) | I43: =IF($L43="","",INDEX(반배정!J$7:J$86,$L43)) | J43: =IF($L43="","",INDEX(반배정!M$7:M$86,$L43)) | K43: =IFERROR(SMALL(반배정!$N$7:$N$86,37),"") | L43: =IF(K43="","",MATCH(K43,반배정!$N$7:$N$86,0))
A44: =IF($L44="","",INDEX(반배정!H$7:H$86,$L44)) | B44: =IF($L44="","",INDEX(반배정!B$7:B$86,$L44)) | C44: =IF($L44="","",INDEX(반배정!C$7:C$86,$L44)) | D44: =IF($L44="","",INDEX(반배정!D$7:D$86,$L44)) | E44: =IF($L44="","",INDEX(반배정!E$7:E$86,$L44)) | F44: =IF($L44="","",INDEX(반배정!F$7:F$86,$L44)) | G44: =IF($L44="","",INDEX(반배정!G$7:G$86,$L44)) | H44: =IF($L44="","",INDEX(반배정!L$7:L$86,$L44)) | I44: =IF($L44="","",INDEX(반배정!J$7:J$86,$L44)) | J44: =IF($L44="","",INDEX(반배정!M$7:M$86,$L44)) | K44: =IFERROR(SMALL(반배정!$N$7:$N$86,38),"") | L44: =IF(K44="","",MATCH(K44,반배정!$N$7:$N$86,0))
A45: =IF($L45="","",INDEX(반배정!H$7:H$86,$L45)) | B45: =IF($L45="","",INDEX(반배정!B$7:B$86,$L45)) | C45: =IF($L45="","",INDEX(반배정!C$7:C$86,$L45)) | D45: =IF($L45="","",INDEX(반배정!D$7:D$86,$L45)) | E45: =IF($L45="","",INDEX(반배정!E$7:E$86,$L45)) | F45: =IF($L45="","",INDEX(반배정!F$7:F$86,$L45)) | G45: =IF($L45="","",INDEX(반배정!G$7:G$86,$L45)) | H45: =IF($L45="","",INDEX(반배정!L$7:L$86,$L45)) | I45: =IF($L45="","",INDEX(반배정!J$7:J$86,$L45)) | J45: =IF($L45="","",INDEX(반배정!M$7:M$86,$L45)) | K45: =IFERROR(SMALL(반배정!$N$7:$N$86,39),"") | L45: =IF(K45="","",MATCH(K45,반배정!$N$7:$N$86,0))
A46: =IF($L46="","",INDEX(반배정!H$7:H$86,$L46)) | B46: =IF($L46="","",INDEX(반배정!B$7:B$86,$L46)) | C46: =IF($L46="","",INDEX(반배정!C$7:C$86,$L46)) | D46: =IF($L46="","",INDEX(반배정!D$7:D$86,$L46)) | E46: =IF($L46="","",INDEX(반배정!E$7:E$86,$L46)) | F46: =IF($L46="","",INDEX(반배정!F$7:F$86,$L46)) | G46: =IF($L46="","",INDEX(반배정!G$7:G$86,$L46)) | H46: =IF($L46="","",INDEX(반배정!L$7:L$86,$L46)) | I46: =IF($L46="","",INDEX(반배정!J$7:J$86,$L46)) | J46: =IF($L46="","",INDEX(반배정!M$7:M$86,$L46)) | K46: =IFERROR(SMALL(반배정!$N$7:$N$86,40),"") | L46: =IF(K46="","",MATCH(K46,반배정!$N$7:$N$86,0))
A47: =IF($L47="","",INDEX(반배정!H$7:H$86,$L47)) | B47: =IF($L47="","",INDEX(반배정!B$7:B$86,$L47)) | C47: =IF($L47="","",INDEX(반배정!C$7:C$86,$L47)) | D47: =IF($L47="","",INDEX(반배정!D$7:D$86,$L47)) | E47: =IF($L47="","",INDEX(반배정!E$7:E$86,$L47)) | F47: =IF($L47="","",INDEX(반배정!F$7:F$86,$L47)) | G47: =IF($L47="","",INDEX(반배정!G$7:G$86,$L47)) | H47: =IF($L47="","",INDEX(반배정!L$7:L$86,$L47)) | I47: =IF($L47="","",INDEX(반배정!J$7:J$86,$L47)) | J47: =IF($L47="","",INDEX(반배정!M$7:M$86,$L47)) | K47: =IFERROR(SMALL(반배정!$N$7:$N$86,41),"") | L47: =IF(K47="","",MATCH(K47,반배정!$N$7:$N$86,0))
A48: =IF($L48="","",INDEX(반배정!H$7:H$86,$L48)) | B48: =IF($L48="","",INDEX(반배정!B$7:B$86,$L48)) | C48: =IF($L48="","",INDEX(반배정!C$7:C$86,$L48)) | D48: =IF($L48="","",INDEX(반배정!D$7:D$86,$L48)) | E48: =IF($L48="","",INDEX(반배정!E$7:E$86,$L48)) | F48: =IF($L48="","",INDEX(반배정!F$7:F$86,$L48)) | G48: =IF($L48="","",INDEX(반배정!G$7:G$86,$L48)) | H48: =IF($L48="","",INDEX(반배정!L$7:L$86,$L48)) | I48: =IF($L48="","",INDEX(반배정!J$7:J$86,$L48)) | J48: =IF($L48="","",INDEX(반배정!M$7:M$86,$L48)) | K48: =IFERROR(SMALL(반배정!$N$7:$N$86,42),"") | L48: =IF(K48="","",MATCH(K48,반배정!$N$7:$N$86,0))
A49: =IF($L49="","",INDEX(반배정!H$7:H$86,$L49)) | B49: =IF($L49="","",INDEX(반배정!B$7:B$86,$L49)) | C49: =IF($L49="","",INDEX(반배정!C$7:C$86,$L49)) | D49: =IF($L49="","",INDEX(반배정!D$7:D$86,$L49)) | E49: =IF($L49="","",INDEX(반배정!E$7:E$86,$L49)) | F49: =IF($L49="","",INDEX(반배정!F$7:F$86,$L49)) | G49: =IF($L49="","",INDEX(반배정!G$7:G$86,$L49)) | H49: =IF($L49="","",INDEX(반배정!L$7:L$86,$L49)) | I49: =IF($L49="","",INDEX(반배정!J$7:J$86,$L49)) | J49: =IF($L49="","",INDEX(반배정!M$7:M$86,$L49)) | K49: =IFERROR(SMALL(반배정!$N$7:$N$86,43),"") | L49: =IF(K49="","",MATCH(K49,반배정!$N$7:$N$86,0))
A50: =IF($L50="","",INDEX(반배정!H$7:H$86,$L50)) | B50: =IF($L50="","",INDEX(반배정!B$7:B$86,$L50)) | C50: =IF($L50="","",INDEX(반배정!C$7:C$86,$L50)) | D50: =IF($L50="","",INDEX(반배정!D$7:D$86,$L50)) | E50: =IF($L50="","",INDEX(반배정!E$7:E$86,$L50)) | F50: =IF($L50="","",INDEX(반배정!F$7:F$86,$L50)) | G50: =IF($L50="","",INDEX(반배정!G$7:G$86,$L50)) | H50: =IF($L50="","",INDEX(반배정!L$7:L$86,$L50)) | I50: =IF($L50="","",INDEX(반배정!J$7:J$86,$L50)) | J50: =IF($L50="","",INDEX(반배정!M$7:M$86,$L50)) | K50: =IFERROR(SMALL(반배정!$N$7:$N$86,44),"") | L50: =IF(K50="","",MATCH(K50,반배정!$N$7:$N$86,0))
A51: =IF($L51="","",INDEX(반배정!H$7:H$86,$L51)) | B51: =IF($L51="","",INDEX(반배정!B$7:B$86,$L51)) | C51: =IF($L51="","",INDEX(반배정!C$7:C$86,$L51)) | D51: =IF($L51="","",INDEX(반배정!D$7:D$86,$L51)) | E51: =IF($L51="","",INDEX(반배정!E$7:E$86,$L51)) | F51: =IF($L51="","",INDEX(반배정!F$7:F$86,$L51)) | G51: =IF($L51="","",INDEX(반배정!G$7:G$86,$L51)) | H51: =IF($L51="","",INDEX(반배정!L$7:L$86,$L51)) | I51: =IF($L51="","",INDEX(반배정!J$7:J$86,$L51)) | J51: =IF($L51="","",INDEX(반배정!M$7:M$86,$L51)) | K51: =IFERROR(SMALL(반배정!$N$7:$N$86,45),"") | L51: =IF(K51="","",MATCH(K51,반배정!$N$7:$N$86,0))
A52: =IF($L52="","",INDEX(반배정!H$7:H$86,$L52)) | B52: =IF($L52="","",INDEX(반배정!B$7:B$86,$L52)) | C52: =IF($L52="","",INDEX(반배정!C$7:C$86,$L52)) | D52: =IF($L52="","",INDEX(반배정!D$7:D$86,$L52)) | E52: =IF($L52="","",INDEX(반배정!E$7:E$86,$L52)) | F52: =IF($L52="","",INDEX(반배정!F$7:F$86,$L52)) | G52: =IF($L52="","",INDEX(반배정!G$7:G$86,$L52)) | H52: =IF($L52="","",INDEX(반배정!L$7:L$86,$L52)) | I52: =IF($L52="","",INDEX(반배정!J$7:J$86,$L52)) | J52: =IF($L52="","",INDEX(반배정!M$7:M$86,$L52)) | K52: =IFERROR(SMALL(반배정!$N$7:$N$86,46),"") | L52: =IF(K52="","",MATCH(K52,반배정!$N$7:$N$86,0))
A53: =IF($L53="","",INDEX(반배정!H$7:H$86,$L53)) | B53: =IF($L53="","",INDEX(반배정!B$7:B$86,$L53)) | C53: =IF($L53="","",INDEX(반배정!C$7:C$86,$L53)) | D53: =IF($L53="","",INDEX(반배정!D$7:D$86,$L53)) | E53: =IF($L53="","",INDEX(반배정!E$7:E$86,$L53)) | F53: =IF($L53="","",INDEX(반배정!F$7:F$86,$L53)) | G53: =IF($L53="","",INDEX(반배정!G$7:G$86,$L53)) | H53: =IF($L53="","",INDEX(반배정!L$7:L$86,$L53)) | I53: =IF($L53="","",INDEX(반배정!J$7:J$86,$L53)) | J53: =IF($L53="","",INDEX(반배정!M$7:M$86,$L53)) | K53: =IFERROR(SMALL(반배정!$N$7:$N$86,47),"") | L53: =IF(K53="","",MATCH(K53,반배정!$N$7:$N$86,0))
A54: =IF($L54="","",INDEX(반배정!H$7:H$86,$L54)) | B54: =IF($L54="","",INDEX(반배정!B$7:B$86,$L54)) | C54: =IF($L54="","",INDEX(반배정!C$7:C$86,$L54)) | D54: =IF($L54="","",INDEX(반배정!D$7:D$86,$L54)) | E54: =IF($L54="","",INDEX(반배정!E$7:E$86,$L54)) | F54: =IF($L54="","",INDEX(반배정!F$7:F$86,$L54)) | G54: =IF($L54="","",INDEX(반배정!G$7:G$86,$L54)) | H54: =IF($L54="","",INDEX(반배정!L$7:L$86,$L54)) | I54: =IF($L54="","",INDEX(반배정!J$7:J$86,$L54)) | J54: =IF($L54="","",INDEX(반배정!M$7:M$86,$L54)) | K54: =IFERROR(SMALL(반배정!$N$7:$N$86,48),"") | L54: =IF(K54="","",MATCH(K54,반배정!$N$7:$N$86,0))
A55: =IF($L55="","",INDEX(반배정!H$7:H$86,$L55)) | B55: =IF($L55="","",INDEX(반배정!B$7:B$86,$L55)) | C55: =IF($L55="","",INDEX(반배정!C$7:C$86,$L55)) | D55: =IF($L55="","",INDEX(반배정!D$7:D$86,$L55)) | E55: =IF($L55="","",INDEX(반배정!E$7:E$86,$L55)) | F55: =IF($L55="","",INDEX(반배정!F$7:F$86,$L55)) | G55: =IF($L55="","",INDEX(반배정!G$7:G$86,$L55)) | H55: =IF($L55="","",INDEX(반배정!L$7:L$86,$L55)) | I55: =IF($L55="","",INDEX(반배정!J$7:J$86,$L55)) | J55: =IF($L55="","",INDEX(반배정!M$7:M$86,$L55)) | K55: =IFERROR(SMALL(반배정!$N$7:$N$86,49),"") | L55: =IF(K55="","",MATCH(K55,반배정!$N$7:$N$86,0))
A56: =IF($L56="","",INDEX(반배정!H$7:H$86,$L56)) | B56: =IF($L56="","",INDEX(반배정!B$7:B$86,$L56)) | C56: =IF($L56="","",INDEX(반배정!C$7:C$86,$L56)) | D56: =IF($L56="","",INDEX(반배정!D$7:D$86,$L56)) | E56: =IF($L56="","",INDEX(반배정!E$7:E$86,$L56)) | F56: =IF($L56="","",INDEX(반배정!F$7:F$86,$L56)) | G56: =IF($L56="","",INDEX(반배정!G$7:G$86,$L56)) | H56: =IF($L56="","",INDEX(반배정!L$7:L$86,$L56)) | I56: =IF($L56="","",INDEX(반배정!J$7:J$86,$L56)) | J56: =IF($L56="","",INDEX(반배정!M$7:M$86,$L56)) | K56: =IFERROR(SMALL(반배정!$N$7:$N$86,50),"") | L56: =IF(K56="","",MATCH(K56,반배정!$N$7:$N$86,0))
A57: =IF($L57="","",INDEX(반배정!H$7:H$86,$L57)) | B57: =IF($L57="","",INDEX(반배정!B$7:B$86,$L57)) | C57: =IF($L57="","",INDEX(반배정!C$7:C$86,$L57)) | D57: =IF($L57="","",INDEX(반배정!D$7:D$86,$L57)) | E57: =IF($L57="","",INDEX(반배정!E$7:E$86,$L57)) | F57: =IF($L57="","",INDEX(반배정!F$7:F$86,$L57)) | G57: =IF($L57="","",INDEX(반배정!G$7:G$86,$L57)) | H57: =IF($L57="","",INDEX(반배정!L$7:L$86,$L57)) | I57: =IF($L57="","",INDEX(반배정!J$7:J$86,$L57)) | J57: =IF($L57="","",INDEX(반배정!M$7:M$86,$L57)) | K57: =IFERROR(SMALL(반배정!$N$7:$N$86,51),"") | L57: =IF(K57="","",MATCH(K57,반배정!$N$7:$N$86,0))
A58: =IF($L58="","",INDEX(반배정!H$7:H$86,$L58)) | B58: =IF($L58="","",INDEX(반배정!B$7:B$86,$L58)) | C58: =IF($L58="","",INDEX(반배정!C$7:C$86,$L58)) | D58: =IF($L58="","",INDEX(반배정!D$7:D$86,$L58)) | E58: =IF($L58="","",INDEX(반배정!E$7:E$86,$L58)) | F58: =IF($L58="","",INDEX(반배정!F$7:F$86,$L58)) | G58: =IF($L58="","",INDEX(반배정!G$7:G$86,$L58)) | H58: =IF($L58="","",INDEX(반배정!L$7:L$86,$L58)) | I58: =IF($L58="","",INDEX(반배정!J$7:J$86,$L58)) | J58: =IF($L58="","",INDEX(반배정!M$7:M$86,$L58)) | K58: =IFERROR(SMALL(반배정!$N$7:$N$86,52),"") | L58: =IF(K58="","",MATCH(K58,반배정!$N$7:$N$86,0))
A59: =IF($L59="","",INDEX(반배정!H$7:H$86,$L59)) | B59: =IF($L59="","",INDEX(반배정!B$7:B$86,$L59)) | C59: =IF($L59="","",INDEX(반배정!C$7:C$86,$L59)) | D59: =IF($L59="","",INDEX(반배정!D$7:D$86,$L59)) | E59: =IF($L59="","",INDEX(반배정!E$7:E$86,$L59)) | F59: =IF($L59="","",INDEX(반배정!F$7:F$86,$L59)) | G59: =IF($L59="","",INDEX(반배정!G$7:G$86,$L59)) | H59: =IF($L59="","",INDEX(반배정!L$7:L$86,$L59)) | I59: =IF($L59="","",INDEX(반배정!J$7:J$86,$L59)) | J59: =IF($L59="","",INDEX(반배정!M$7:M$86,$L59)) | K59: =IFERROR(SMALL(반배정!$N$7:$N$86,53),"") | L59: =IF(K59="","",MATCH(K59,반배정!$N$7:$N$86,0))
A60: =IF($L60="","",INDEX(반배정!H$7:H$86,$L60)) | B60: =IF($L60="","",INDEX(반배정!B$7:B$86,$L60)) | C60: =IF($L60="","",INDEX(반배정!C$7:C$86,$L60)) | D60: =IF($L60="","",INDEX(반배정!D$7:D$86,$L60)) | E60: =IF($L60="","",INDEX(반배정!E$7:E$86,$L60)) | F60: =IF($L60="","",INDEX(반배정!F$7:F$86,$L60)) | G60: =IF($L60="","",INDEX(반배정!G$7:G$86,$L60)) | H60: =IF($L60="","",INDEX(반배정!L$7:L$86,$L60)) | I60: =IF($L60="","",INDEX(반배정!J$7:J$86,$L60)) | J60: =IF($L60="","",INDEX(반배정!M$7:M$86,$L60)) | K60: =IFERROR(SMALL(반배정!$N$7:$N$86,54),"") | L60: =IF(K60="","",MATCH(K60,반배정!$N$7:$N$86,0))
A61: =IF($L61="","",INDEX(반배정!H$7:H$86,$L61)) | B61: =IF($L61="","",INDEX(반배정!B$7:B$86,$L61)) | C61: =IF($L61="","",INDEX(반배정!C$7:C$86,$L61)) | D61: =IF($L61="","",INDEX(반배정!D$7:D$86,$L61)) | E61: =IF($L61="","",INDEX(반배정!E$7:E$86,$L61)) | F61: =IF($L61="","",INDEX(반배정!F$7:F$86,$L61)) | G61: =IF($L61="","",INDEX(반배정!G$7:G$86,$L61)) | H61: =IF($L61="","",INDEX(반배정!L$7:L$86,$L61)) | I61: =IF($L61="","",INDEX(반배정!J$7:J$86,$L61)) | J61: =IF($L61="","",INDEX(반배정!M$7:M$86,$L61)) | K61: =IFERROR(SMALL(반배정!$N$7:$N$86,55),"") | L61: =IF(K61="","",MATCH(K61,반배정!$N$7:$N$86,0))
A62: =IF($L62="","",INDEX(반배정!H$7:H$86,$L62)) | B62: =IF($L62="","",INDEX(반배정!B$7:B$86,$L62)) | C62: =IF($L62="","",INDEX(반배정!C$7:C$86,$L62)) | D62: =IF($L62="","",INDEX(반배정!D$7:D$86,$L62)) | E62: =IF($L62="","",INDEX(반배정!E$7:E$86,$L62)) | F62: =IF($L62="","",INDEX(반배정!F$7:F$86,$L62)) | G62: =IF($L62="","",INDEX(반배정!G$7:G$86,$L62)) | H62: =IF($L62="","",INDEX(반배정!L$7:L$86,$L62)) | I62: =IF($L62="","",INDEX(반배정!J$7:J$86,$L62)) | J62: =IF($L62="","",INDEX(반배정!M$7:M$86,$L62)) | K62: =IFERROR(SMALL(반배정!$N$7:$N$86,56),"") | L62: =IF(K62="","",MATCH(K62,반배정!$N$7:$N$86,0))
A63: =IF($L63="","",INDEX(반배정!H$7:H$86,$L63)) | B63: =IF($L63="","",INDEX(반배정!B$7:B$86,$L63)) | C63: =IF($L63="","",INDEX(반배정!C$7:C$86,$L63)) | D63: =IF($L63="","",INDEX(반배정!D$7:D$86,$L63)) | E63: =IF($L63="","",INDEX(반배정!E$7:E$86,$L63)) | F63: =IF($L63="","",INDEX(반배정!F$7:F$86,$L63)) | G63: =IF($L63="","",INDEX(반배정!G$7:G$86,$L63)) | H63: =IF($L63="","",INDEX(반배정!L$7:L$86,$L63)) | I63: =IF($L63="","",INDEX(반배정!J$7:J$86,$L63)) | J63: =IF($L63="","",INDEX(반배정!M$7:M$86,$L63)) | K63: =IFERROR(SMALL(반배정!$N$7:$N$86,57),"") | L63: =IF(K63="","",MATCH(K63,반배정!$N$7:$N$86,0))
A64: =IF($L64="","",INDEX(반배정!H$7:H$86,$L64)) | B64: =IF($L64="","",INDEX(반배정!B$7:B$86,$L64)) | C64: =IF($L64="","",INDEX(반배정!C$7:C$86,$L64)) | D64: =IF($L64="","",INDEX(반배정!D$7:D$86,$L64)) | E64: =IF($L64="","",INDEX(반배정!E$7:E$86,$L64)) | F64: =IF($L64="","",INDEX(반배정!F$7:F$86,$L64)) | G64: =IF($L64="","",INDEX(반배정!G$7:G$86,$L64)) | H64: =IF($L64="","",INDEX(반배정!L$7:L$86,$L64)) | I64: =IF($L64="","",INDEX(반배정!J$7:J$86,$L64)) | J64: =IF($L64="","",INDEX(반배정!M$7:M$86,$L64)) | K64: =IFERROR(SMALL(반배정!$N$7:$N$86,58),"") | L64: =IF(K64="","",MATCH(K64,반배정!$N$7:$N$86,0))
A65: =IF($L65="","",INDEX(반배정!H$7:H$86,$L65)) | B65: =IF($L65="","",INDEX(반배정!B$7:B$86,$L65)) | C65: =IF($L65="","",INDEX(반배정!C$7:C$86,$L65)) | D65: =IF($L65="","",INDEX(반배정!D$7:D$86,$L65)) | E65: =IF($L65="","",INDEX(반배정!E$7:E$86,$L65)) | F65: =IF($L65="","",INDEX(반배정!F$7:F$86,$L65)) | G65: =IF($L65="","",INDEX(반배정!G$7:G$86,$L65)) | H65: =IF($L65="","",INDEX(반배정!L$7:L$86,$L65)) | I65: =IF($L65="","",INDEX(반배정!J$7:J$86,$L65)) | J65: =IF($L65="","",INDEX(반배정!M$7:M$86,$L65)) | K65: =IFERROR(SMALL(반배정!$N$7:$N$86,59),"") | L65: =IF(K65="","",MATCH(K65,반배정!$N$7:$N$86,0))
A66: =IF($L66="","",INDEX(반배정!H$7:H$86,$L66)) | B66: =IF($L66="","",INDEX(반배정!B$7:B$86,$L66)) | C66: =IF($L66="","",INDEX(반배정!C$7:C$86,$L66)) | D66: =IF($L66="","",INDEX(반배정!D$7:D$86,$L66)) | E66: =IF($L66="","",INDEX(반배정!E$7:E$86,$L66)) | F66: =IF($L66="","",INDEX(반배정!F$7:F$86,$L66)) | G66: =IF($L66="","",INDEX(반배정!G$7:G$86,$L66)) | H66: =IF($L66="","",INDEX(반배정!L$7:L$86,$L66)) | I66: =IF($L66="","",INDEX(반배정!J$7:J$86,$L66)) | J66: =IF($L66="","",INDEX(반배정!M$7:M$86,$L66)) | K66: =IFERROR(SMALL(반배정!$N$7:$N$86,60),"") | L66: =IF(K66="","",MATCH(K66,반배정!$N$7:$N$86,0))
A67: =IF($L67="","",INDEX(반배정!H$7:H$86,$L67)) | B67: =IF($L67="","",INDEX(반배정!B$7:B$86,$L67)) | C67: =IF($L67="","",INDEX(반배정!C$7:C$86,$L67)) | D67: =IF($L67="","",INDEX(반배정!D$7:D$86,$L67)) | E67: =IF($L67="","",INDEX(반배정!E$7:E$86,$L67)) | F67: =IF($L67="","",INDEX(반배정!F$7:F$86,$L67)) | G67: =IF($L67="","",INDEX(반배정!G$7:G$86,$L67)) | H67: =IF($L67="","",INDEX(반배정!L$7:L$86,$L67)) | I67: =IF($L67="","",INDEX(반배정!J$7:J$86,$L67)) | J67: =IF($L67="","",INDEX(반배정!M$7:M$86,$L67)) | K67: =IFERROR(SMALL(반배정!$N$7:$N$86,61),"") | L67: =IF(K67="","",MATCH(K67,반배정!$N$7:$N$86,0))
A68: =IF($L68="","",INDEX(반배정!H$7:H$86,$L68)) | B68: =IF($L68="","",INDEX(반배정!B$7:B$86,$L68)) | C68: =IF($L68="","",INDEX(반배정!C$7:C$86,$L68)) | D68: =IF($L68="","",INDEX(반배정!D$7:D$86,$L68)) | E68: =IF($L68="","",INDEX(반배정!E$7:E$86,$L68)) | F68: =IF($L68="","",INDEX(반배정!F$7:F$86,$L68)) | G68: =IF($L68="","",INDEX(반배정!G$7:G$86,$L68)) | H68: =IF($L68="","",INDEX(반배정!L$7:L$86,$L68)) | I68: =IF($L68="","",INDEX(반배정!J$7:J$86,$L68)) | J68: =IF($L68="","",INDEX(반배정!M$7:M$86,$L68)) | K68: =IFERROR(SMALL(반배정!$N$7:$N$86,62),"") | L68: =IF(K68="","",MATCH(K68,반배정!$N$7:$N$86,0))
A69: =IF($L69="","",INDEX(반배정!H$7:H$86,$L69)) | B69: =IF($L69="","",INDEX(반배정!B$7:B$86,$L69)) | C69: =IF($L69="","",INDEX(반배정!C$7:C$86,$L69)) | D69: =IF($L69="","",INDEX(반배정!D$7:D$86,$L69)) | E69: =IF($L69="","",INDEX(반배정!E$7:E$86,$L69)) | F69: =IF($L69="","",INDEX(반배정!F$7:F$86,$L69)) | G69: =IF($L69="","",INDEX(반배정!G$7:G$86,$L69)) | H69: =IF($L69="","",INDEX(반배정!L$7:L$86,$L69)) | I69: =IF($L69="","",INDEX(반배정!J$7:J$86,$L69)) | J69: =IF($L69="","",INDEX(반배정!M$7:M$86,$L69)) | K69: =IFERROR(SMALL(반배정!$N$7:$N$86,63),"") | L69: =IF(K69="","",MATCH(K69,반배정!$N$7:$N$86,0))
A70: =IF($L70="","",INDEX(반배정!H$7:H$86,$L70)) | B70: =IF($L70="","",INDEX(반배정!B$7:B$86,$L70)) | C70: =IF($L70="","",INDEX(반배정!C$7:C$86,$L70)) | D70: =IF($L70="","",INDEX(반배정!D$7:D$86,$L70)) | E70: =IF($L70="","",INDEX(반배정!E$7:E$86,$L70)) | F70: =IF($L70="","",INDEX(반배정!F$7:F$86,$L70)) | G70: =IF($L70="","",INDEX(반배정!G$7:G$86,$L70)) | H70: =IF($L70="","",INDEX(반배정!L$7:L$86,$L70)) | I70: =IF($L70="","",INDEX(반배정!J$7:J$86,$L70)) | J70: =IF($L70="","",INDEX(반배정!M$7:M$86,$L70)) | K70: =IFERROR(SMALL(반배정!$N$7:$N$86,64),"") | L70: =IF(K70="","",MATCH(K70,반배정!$N$7:$N$86,0))
A71: =IF($L71="","",INDEX(반배정!H$7:H$86,$L71)) | B71: =IF($L71="","",INDEX(반배정!B$7:B$86,$L71)) | C71: =IF($L71="","",INDEX(반배정!C$7:C$86,$L71)) | D71: =IF($L71="","",INDEX(반배정!D$7:D$86,$L71)) | E71: =IF($L71="","",INDEX(반배정!E$7:E$86,$L71)) | F71: =IF($L71="","",INDEX(반배정!F$7:F$86,$L71)) | G71: =IF($L71="","",INDEX(반배정!G$7:G$86,$L71)) | H71: =IF($L71="","",INDEX(반배정!L$7:L$86,$L71)) | I71: =IF($L71="","",INDEX(반배정!J$7:J$86,$L71)) | J71: =IF($L71="","",INDEX(반배정!M$7:M$86,$L71)) | K71: =IFERROR(SMALL(반배정!$N$7:$N$86,65),"") | L71: =IF(K71="","",MATCH(K71,반배정!$N$7:$N$86,0))
A72: =IF($L72="","",INDEX(반배정!H$7:H$86,$L72)) | B72: =IF($L72="","",INDEX(반배정!B$7:B$86,$L72)) | C72: =IF($L72="","",INDEX(반배정!C$7:C$86,$L72)) | D72: =IF($L72="","",INDEX(반배정!D$7:D$86,$L72)) | E72: =IF($L72="","",INDEX(반배정!E$7:E$86,$L72)) | F72: =IF($L72="","",INDEX(반배정!F$7:F$86,$L72)) | G72: =IF($L72="","",INDEX(반배정!G$7:G$86,$L72)) | H72: =IF($L72="","",INDEX(반배정!L$7:L$86,$L72)) | I72: =IF($L72="","",INDEX(반배정!J$7:J$86,$L72)) | J72: =IF($L72="","",INDEX(반배정!M$7:M$86,$L72)) | K72: =IFERROR(SMALL(반배정!$N$7:$N$86,66),"") | L72: =IF(K72="","",MATCH(K72,반배정!$N$7:$N$86,0))
A73: =IF($L73="","",INDEX(반배정!H$7:H$86,$L73)) | B73: =IF($L73="","",INDEX(반배정!B$7:B$86,$L73)) | C73: =IF($L73="","",INDEX(반배정!C$7:C$86,$L73)) | D73: =IF($L73="","",INDEX(반배정!D$7:D$86,$L73)) | E73: =IF($L73="","",INDEX(반배정!E$7:E$86,$L73)) | F73: =IF($L73="","",INDEX(반배정!F$7:F$86,$L73)) | G73: =IF($L73="","",INDEX(반배정!G$7:G$86,$L73)) | H73: =IF($L73="","",INDEX(반배정!L$7:L$86,$L73)) | I73: =IF($L73="","",INDEX(반배정!J$7:J$86,$L73)) | J73: =IF($L73="","",INDEX(반배정!M$7:M$86,$L73)) | K73: =IFERROR(SMALL(반배정!$N$7:$N$86,67),"") | L73: =IF(K73="","",MATCH(K73,반배정!$N$7:$N$86,0))
A74: =IF($L74="","",INDEX(반배정!H$7:H$86,$L74)) | B74: =IF($L74="","",INDEX(반배정!B$7:B$86,$L74)) | C74: =IF($L74="","",INDEX(반배정!C$7:C$86,$L74)) | D74: =IF($L74="","",INDEX(반배정!D$7:D$86,$L74)) | E74: =IF($L74="","",INDEX(반배정!E$7:E$86,$L74)) | F74: =IF($L74="","",INDEX(반배정!F$7:F$86,$L74)) | G74: =IF($L74="","",INDEX(반배정!G$7:G$86,$L74)) | H74: =IF($L74="","",INDEX(반배정!L$7:L$86,$L74)) | I74: =IF($L74="","",INDEX(반배정!J$7:J$86,$L74)) | J74: =IF($L74="","",INDEX(반배정!M$7:M$86,$L74)) | K74: =IFERROR(SMALL(반배정!$N$7:$N$86,68),"") | L74: =IF(K74="","",MATCH(K74,반배정!$N$7:$N$86,0))
A75: =IF($L75="","",INDEX(반배정!H$7:H$86,$L75)) | B75: =IF($L75="","",INDEX(반배정!B$7:B$86,$L75)) | C75: =IF($L75="","",INDEX(반배정!C$7:C$86,$L75)) | D75: =IF($L75="","",INDEX(반배정!D$7:D$86,$L75)) | E75: =IF($L75="","",INDEX(반배정!E$7:E$86,$L75)) | F75: =IF($L75="","",INDEX(반배정!F$7:F$86,$L75)) | G75: =IF($L75="","",INDEX(반배정!G$7:G$86,$L75)) | H75: =IF($L75="","",INDEX(반배정!L$7:L$86,$L75)) | I75: =IF($L75="","",INDEX(반배정!J$7:J$86,$L75)) | J75: =IF($L75="","",INDEX(반배정!M$7:M$86,$L75)) | K75: =IFERROR(SMALL(반배정!$N$7:$N$86,69),"") | L75: =IF(K75="","",MATCH(K75,반배정!$N$7:$N$86,0))
A76: =IF($L76="","",INDEX(반배정!H$7:H$86,$L76)) | B76: =IF($L76="","",INDEX(반배정!B$7:B$86,$L76)) | C76: =IF($L76="","",INDEX(반배정!C$7:C$86,$L76)) | D76: =IF($L76="","",INDEX(반배정!D$7:D$86,$L76)) | E76: =IF($L76="","",INDEX(반배정!E$7:E$86,$L76)) | F76: =IF($L76="","",INDEX(반배정!F$7:F$86,$L76)) | G76: =IF($L76="","",INDEX(반배정!G$7:G$86,$L76)) | H76: =IF($L76="","",INDEX(반배정!L$7:L$86,$L76)) | I76: =IF($L76="","",INDEX(반배정!J$7:J$86,$L76)) | J76: =IF($L76="","",INDEX(반배정!M$7:M$86,$L76)) | K76: =IFERROR(SMALL(반배정!$N$7:$N$86,70),"") | L76: =IF(K76="","",MATCH(K76,반배정!$N$7:$N$86,0))
A77: =IF($L77="","",INDEX(반배정!H$7:H$86,$L77)) | B77: =IF($L77="","",INDEX(반배정!B$7:B$86,$L77)) | C77: =IF($L77="","",INDEX(반배정!C$7:C$86,$L77)) | D77: =IF($L77="","",INDEX(반배정!D$7:D$86,$L77)) | E77: =IF($L77="","",INDEX(반배정!E$7:E$86,$L77)) | F77: =IF($L77="","",INDEX(반배정!F$7:F$86,$L77)) | G77: =IF($L77="","",INDEX(반배정!G$7:G$86,$L77)) | H77: =IF($L77="","",INDEX(반배정!L$7:L$86,$L77)) | I77: =IF($L77="","",INDEX(반배정!J$7:J$86,$L77)) | J77: =IF($L77="","",INDEX(반배정!M$7:M$86,$L77)) | K77: =IFERROR(SMALL(반배정!$N$7:$N$86,71),"") | L77: =IF(K77="","",MATCH(K77,반배정!$N$7:$N$86,0))
A78: =IF($L78="","",INDEX(반배정!H$7:H$86,$L78)) | B78: =IF($L78="","",INDEX(반배정!B$7:B$86,$L78)) | C78: =IF($L78="","",INDEX(반배정!C$7:C$86,$L78)) | D78: =IF($L78="","",INDEX(반배정!D$7:D$86,$L78)) | E78: =IF($L78="","",INDEX(반배정!E$7:E$86,$L78)) | F78: =IF($L78="","",INDEX(반배정!F$7:F$86,$L78)) | G78: =IF($L78="","",INDEX(반배정!G$7:G$86,$L78)) | H78: =IF($L78="","",INDEX(반배정!L$7:L$86,$L78)) | I78: =IF($L78="","",INDEX(반배정!J$7:J$86,$L78)) | J78: =IF($L78="","",INDEX(반배정!M$7:M$86,$L78)) | K78: =IFERROR(SMALL(반배정!$N$7:$N$86,72),"") | L78: =IF(K78="","",MATCH(K78,반배정!$N$7:$N$86,0))
A79: =IF($L79="","",INDEX(반배정!H$7:H$86,$L79)) | B79: =IF($L79="","",INDEX(반배정!B$7:B$86,$L79)) | C79: =IF($L79="","",INDEX(반배정!C$7:C$86,$L79)) | D79: =IF($L79="","",INDEX(반배정!D$7:D$86,$L79)) | E79: =IF($L79="","",INDEX(반배정!E$7:E$86,$L79)) | F79: =IF($L79="","",INDEX(반배정!F$7:F$86,$L79)) | G79: =IF($L79="","",INDEX(반배정!G$7:G$86,$L79)) | H79: =IF($L79="","",INDEX(반배정!L$7:L$86,$L79)) | I79: =IF($L79="","",INDEX(반배정!J$7:J$86,$L79)) | J79: =IF($L79="","",INDEX(반배정!M$7:M$86,$L79)) | K79: =IFERROR(SMALL(반배정!$N$7:$N$86,73),"") | L79: =IF(K79="","",MATCH(K79,반배정!$N$7:$N$86,0))
A80: =IF($L80="","",INDEX(반배정!H$7:H$86,$L80)) | B80: =IF($L80="","",INDEX(반배정!B$7:B$86,$L80)) | C80: =IF($L80="","",INDEX(반배정!C$7:C$86,$L80)) | D80: =IF($L80="","",INDEX(반배정!D$7:D$86,$L80)) | E80: =IF($L80="","",INDEX(반배정!E$7:E$86,$L80)) | F80: =IF($L80="","",INDEX(반배정!F$7:F$86,$L80)) | G80: =IF($L80="","",INDEX(반배정!G$7:G$86,$L80)) | H80: =IF($L80="","",INDEX(반배정!L$7:L$86,$L80)) | I80: =IF($L80="","",INDEX(반배정!J$7:J$86,$L80)) | J80: =IF($L80="","",INDEX(반배정!M$7:M$86,$L80)) | K80: =IFERROR(SMALL(반배정!$N$7:$N$86,74),"") | L80: =IF(K80="","",MATCH(K80,반배정!$N$7:$N$86,0))
A81: =IF($L81="","",INDEX(반배정!H$7:H$86,$L81)) | B81: =IF($L81="","",INDEX(반배정!B$7:B$86,$L81)) | C81: =IF($L81="","",INDEX(반배정!C$7:C$86,$L81)) | D81: =IF($L81="","",INDEX(반배정!D$7:D$86,$L81)) | E81: =IF($L81="","",INDEX(반배정!E$7:E$86,$L81)) | F81: =IF($L81="","",INDEX(반배정!F$7:F$86,$L81)) | G81: =IF($L81="","",INDEX(반배정!G$7:G$86,$L81)) | H81: =IF($L81="","",INDEX(반배정!L$7:L$86,$L81)) | I81: =IF($L81="","",INDEX(반배정!J$7:J$86,$L81)) | J81: =IF($L81="","",INDEX(반배정!M$7:M$86,$L81)) | K81: =IFERROR(SMALL(반배정!$N$7:$N$86,75),"") | L81: =IF(K81="","",MATCH(K81,반배정!$N$7:$N$86,0))
A82: =IF($L82="","",INDEX(반배정!H$7:H$86,$L82)) | B82: =IF($L82="","",INDEX(반배정!B$7:B$86,$L82)) | C82: =IF($L82="","",INDEX(반배정!C$7:C$86,$L82)) | D82: =IF($L82="","",INDEX(반배정!D$7:D$86,$L82)) | E82: =IF($L82="","",INDEX(반배정!E$7:E$86,$L82)) | F82: =IF($L82="","",INDEX(반배정!F$7:F$86,$L82)) | G82: =IF($L82="","",INDEX(반배정!G$7:G$86,$L82)) | H82: =IF($L82="","",INDEX(반배정!L$7:L$86,$L82)) | I82: =IF($L82="","",INDEX(반배정!J$7:J$86,$L82)) | J82: =IF($L82="","",INDEX(반배정!M$7:M$86,$L82)) | K82: =IFERROR(SMALL(반배정!$N$7:$N$86,76),"") | L82: =IF(K82="","",MATCH(K82,반배정!$N$7:$N$86,0))
A83: =IF($L83="","",INDEX(반배정!H$7:H$86,$L83)) | B83: =IF($L83="","",INDEX(반배정!B$7:B$86,$L83)) | C83: =IF($L83="","",INDEX(반배정!C$7:C$86,$L83)) | D83: =IF($L83="","",INDEX(반배정!D$7:D$86,$L83)) | E83: =IF($L83="","",INDEX(반배정!E$7:E$86,$L83)) | F83: =IF($L83="","",INDEX(반배정!F$7:F$86,$L83)) | G83: =IF($L83="","",INDEX(반배정!G$7:G$86,$L83)) | H83: =IF($L83="","",INDEX(반배정!L$7:L$86,$L83)) | I83: =IF($L83="","",INDEX(반배정!J$7:J$86,$L83)) | J83: =IF($L83="","",INDEX(반배정!M$7:M$86,$L83)) | K83: =IFERROR(SMALL(반배정!$N$7:$N$86,77),"") | L83: =IF(K83="","",MATCH(K83,반배정!$N$7:$N$86,0))
A84: =IF($L84="","",INDEX(반배정!H$7:H$86,$L84)) | B84: =IF($L84="","",INDEX(반배정!B$7:B$86,$L84)) | C84: =IF($L84="","",INDEX(반배정!C$7:C$86,$L84)) | D84: =IF($L84="","",INDEX(반배정!D$7:D$86,$L84)) | E84: =IF($L84="","",INDEX(반배정!E$7:E$86,$L84)) | F84: =IF($L84="","",INDEX(반배정!F$7:F$86,$L84)) | G84: =IF($L84="","",INDEX(반배정!G$7:G$86,$L84)) | H84: =IF($L84="","",INDEX(반배정!L$7:L$86,$L84)) | I84: =IF($L84="","",INDEX(반배정!J$7:J$86,$L84)) | J84: =IF($L84="","",INDEX(반배정!M$7:M$86,$L84)) | K84: =IFERROR(SMALL(반배정!$N$7:$N$86,78),"") | L84: =IF(K84="","",MATCH(K84,반배정!$N$7:$N$86,0))
A85: =IF($L85="","",INDEX(반배정!H$7:H$86,$L85)) | B85: =IF($L85="","",INDEX(반배정!B$7:B$86,$L85)) | C85: =IF($L85="","",INDEX(반배정!C$7:C$86,$L85)) | D85: =IF($L85="","",INDEX(반배정!D$7:D$86,$L85)) | E85: =IF($L85="","",INDEX(반배정!E$7:E$86,$L85)) | F85: =IF($L85="","",INDEX(반배정!F$7:F$86,$L85)) | G85: =IF($L85="","",INDEX(반배정!G$7:G$86,$L85)) | H85: =IF($L85="","",INDEX(반배정!L$7:L$86,$L85)) | I85: =IF($L85="","",INDEX(반배정!J$7:J$86,$L85)) | J85: =IF($L85="","",INDEX(반배정!M$7:M$86,$L85)) | K85: =IFERROR(SMALL(반배정!$N$7:$N$86,79),"") | L85: =IF(K85="","",MATCH(K85,반배정!$N$7:$N$86,0))
A86: =IF($L86="","",INDEX(반배정!H$7:H$86,$L86)) | B86: =IF($L86="","",INDEX(반배정!B$7:B$86,$L86)) | C86: =IF($L86="","",INDEX(반배정!C$7:C$86,$L86)) | D86: =IF($L86="","",INDEX(반배정!D$7:D$86,$L86)) | E86: =IF($L86="","",INDEX(반배정!E$7:E$86,$L86)) | F86: =IF($L86="","",INDEX(반배정!F$7:F$86,$L86)) | G86: =IF($L86="","",INDEX(반배정!G$7:G$86,$L86)) | H86: =IF($L86="","",INDEX(반배정!L$7:L$86,$L86)) | I86: =IF($L86="","",INDEX(반배정!J$7:J$86,$L86)) | J86: =IF($L86="","",INDEX(반배정!M$7:M$86,$L86)) | K86: =IFERROR(SMALL(반배정!$N$7:$N$86,80),"") | L86: =IF(K86="","",MATCH(K86,반배정!$N$7:$N$86,0))

Sheet 문항분석
A1: 문항 분석
A2: 변별도 = 1반 정답률 − 3반 정답률 (0.3 이상이면 반을 잘 가르는 문항). 객관식은 선지별 선택 인원으로 매력적 오답을 확인하세요.
A4: 공통수학1
A5: 문항 | B5: 유형 | C5: 단원 | D5: 난이도 | E5: 배점 | F5: 정답 | G5: 응시 | H5: 정답자 | I5: 정답률 | J5: =설정!$B$6&" 정답률" -> 심화반 정답률 | K5: =설정!$B$7&" 정답률" -> 정규반 정답률 | L5: =설정!$B$8&" 정답률" -> 기본반 정답률 | M5: 변별도 | N5: 진단 | O5: ① | P5: ② | Q5: ③ | R5: ④ | S5: ⑤
A6: 1 | B6: 객관식 | C6: =공수1!D4 -> 다항식 | D6: =공수1!D5 -> 하 | E6: =공수1!D3 -> 5 | F6: =IF(공수1!$D$2="","",공수1!$D$2) | G6: =COUNT(공수1!$Y$7:$Y$86) -> 0 | H6: =IF(F6="","",SUMPRODUCT((공수1!$D$7:$D$86=공수1!$D$2)*(공수1!$D$7:$D$86<>""))) | I6: =IF(OR(F6="",G6=0),"",H6/G6) | J6: =IF(F6="","",IFERROR(SUMPRODUCT((공수1!$D$7:$D$86=공수1!$D$2)*(공수1!$D$7:$D$86<>"")*(반배정!$I$7:$I$86=설정!$B$6))/COUNTIFS(반배정!$I$7:$I$86,설정!$B$6,공수1!$Y$7:$Y$86,">=0"),"")) | K6: =IF(F6="","",IFERROR(SUMPRODUCT((공수1!$D$7:$D$86=공수1!$D$2)*(공수1!$D$7:$D$86<>"")*(반배정!$I$7:$I$86=설정!$B$7))/COUNTIFS(반배정!$I$7:$I$86,설정!$B$7,공수1!$Y$7:$Y$86,">=0"),"")) | L6: =IF(F6="","",IFERROR(SUMPRODUCT((공수1!$D$7:$D$86=공수1!$D$2)*(공수1!$D$7:$D$86<>"")*(반배정!$I$7:$I$86=설정!$B$8))/COUNTIFS(반배정!$I$7:$I$86,설정!$B$8,공수1!$Y$7:$Y$86,">=0"),"")) | M6: =IF(OR(J6="",L6=""),"",J6-L6) | N6: =IF(I6="","",IF(AND(M6<>"",M6<0),"역변별·문항검토",IF(I6>=0.9,"매우 쉬움",IF(I6<=0.15,"매우 어려움",IF(AND(M6<>"",M6<0.2),"변별력 낮음","양호"))))) | O6: =IF(G6=0,"",COUNTIF(공수1!$D$7:$D$86,1)) | P6: =IF(G6=0,"",COUNTIF(공수1!$D$7:$D$86,2)) | Q6: =IF(G6=0,"",COUNTIF(공수1!$D$7:$D$86,3)) | R6: =IF(G6=0,"",COUNTIF(공수1!$D$7:$D$86,4)) | S6: =IF(G6=0,"",COUNTIF(공수1!$D$7:$D$86,5))
A7: 2 | B7: 객관식 | C7: =공수1!E4 -> 다항식 | D7: =공수1!E5 -> 하 | E7: =공수1!E3 -> 5 | F7: =IF(공수1!$E$2="","",공수1!$E$2) | G7: =COUNT(공수1!$Y$7:$Y$86) -> 0 | H7: =IF(F7="","",SUMPRODUCT((공수1!$E$7:$E$86=공수1!$E$2)*(공수1!$E$7:$E$86<>""))) | I7: =IF(OR(F7="",G7=0),"",H7/G7) | J7: =IF(F7="","",IFERROR(SUMPRODUCT((공수1!$E$7:$E$86=공수1!$E$2)*(공수1!$E$7:$E$86<>"")*(반배정!$I$7:$I$86=설정!$B$6))/COUNTIFS(반배정!$I$7:$I$86,설정!$B$6,공수1!$Y$7:$Y$86,">=0"),"")) | K7: =IF(F7="","",IFERROR(SUMPRODUCT((공수1!$E$7:$E$86=공수1!$E$2)*(공수1!$E$7:$E$86<>"")*(반배정!$I$7:$I$86=설정!$B$7))/COUNTIFS(반배정!$I$7:$I$86,설정!$B$7,공수1!$Y$7:$Y$86,">=0"),"")) | L7: =IF(F7="","",IFERROR(SUMPRODUCT((공수1!$E$7:$E$86=공수1!$E$2)*(공수1!$E$7:$E$86<>"")*(반배정!$I$7:$I$86=설정!$B$8))/COUNTIFS(반배정!$I$7:$I$86,설정!$B$8,공수1!$Y$7:$Y$86,">=0"),"")) | M7: =IF(OR(J7="",L7=""),"",J7-L7) | N7: =IF(I7="","",IF(AND(M7<>"",M7<0),"역변별·문항검토",IF(I7>=0.9,"매우 쉬움",IF(I7<=0.15,"매우 어려움",IF(AND(M7<>"",M7<0.2),"변별력 낮음","양호"))))) | O7: =IF(G7=0,"",COUNTIF(공수1!$E$7:$E$86,1)) | P7: =IF(G7=0,"",COUNTIF(공수1!$E$7:$E$86,2)) | Q7: =IF(G7=0,"",COUNTIF(공수1!$E$7:$E$86,3)) | R7: =IF(G7=0,"",COUNTIF(공수1!$E$7:$E$86,4)) | S7: =IF(G7=0,"",COUNTIF(공수1!$E$7:$E$86,5))
A8: 3 | B8: 객관식 | C8: =공수1!F4 -> 다항식 | D8: =공수1!F5 -> 하 | E8: =공수1!F3 -> 5 | F8: =IF(공수1!$F$2="","",공수1!$F$2) | G8: =COUNT(공수1!$Y$7:$Y$86) -> 0 | H8: =IF(F8="","",SUMPRODUCT((공수1!$F$7:$F$86=공수1!$F$2)*(공수1!$F$7:$F$86<>""))) | I8: =IF(OR(F8="",G8=0),"",H8/G8) | J8: =IF(F8="","",IFERROR(SUMPRODUCT((공수1!$F$7:$F$86=공수1!$F$2)*(공수1!$F$7:$F$86<>"")*(반배정!$I$7:$I$86=설정!$B$6))/COUNTIFS(반배정!$I$7:$I$86,설정!$B$6,공수1!$Y$7:$Y$86,">=0"),"")) | K8: =IF(F8="","",IFERROR(SUMPRODUCT((공수1!$F$7:$F$86=공수1!$F$2)*(공수1!$F$7:$F$86<>"")*(반배정!$I$7:$I$86=설정!$B$7))/COUNTIFS(반배정!$I$7:$I$86,설정!$B$7,공수1!$Y$7:$Y$86,">=0"),"")) | L8: =IF(F8="","",IFERROR(SUMPRODUCT((공수1!$F$7:$F$86=공수1!$F$2)*(공수1!$F$7:$F$86<>"")*(반배정!$I$7:$I$86=설정!$B$8))/COUNTIFS(반배정!$I$7:$I$86,설정!$B$8,공수1!$Y$7:$Y$86,">=0"),"")) | M8: =IF(OR(J8="",L8=""),"",J8-L8) | N8: =IF(I8="","",IF(AND(M8<>"",M8<0),"역변별·문항검토",IF(I8>=0.9,"매우 쉬움",IF(I8<=0.15,"매우 어려움",IF(AND(M8<>"",M8<0.2),"변별력 낮음","양호"))))) | O8: =IF(G8=0,"",COUNTIF(공수1!$F$7:$F$86,1)) | P8: =IF(G8=0,"",COUNTIF(공수1!$F$7:$F$86,2)) | Q8: =IF(G8=0,"",COUNTIF(공수1!$F$7:$F$86,3)) | R8: =IF(G8=0,"",COUNTIF(공수1!$F$7:$F$86,4)) | S8: =IF(G8=0,"",COUNTIF(공수1!$F$7:$F$86,5))
A9: 4 | B9: 객관식 | C9: =공수1!G4 -> 다항식 | D9: =공수1!G5 -> 하 | E9: =공수1!G3 -> 5 | F9: =IF(공수1!$G$2="","",공수1!$G$2) | G9: =COUNT(공수1!$Y$7:$Y$86) -> 0 | H9: =IF(F9="","",SUMPRODUCT((공수1!$G$7:$G$86=공수1!$G$2)*(공수1!$G$7:$G$86<>""))) | I9: =IF(OR(F9="",G9=0),"",H9/G9) | J9: =IF(F9="","",IFERROR(SUMPRODUCT((공수1!$G$7:$G$86=공수1!$G$2)*(공수1!$G$7:$G$86<>"")*(반배정!$I$7:$I$86=설정!$B$6))/COUNTIFS(반배정!$I$7:$I$86,설정!$B$6,공수1!$Y$7:$Y$86,">=0"),"")) | K9: =IF(F9="","",IFERROR(SUMPRODUCT((공수1!$G$7:$G$86=공수1!$G$2)*(공수1!$G$7:$G$86<>"")*(반배정!$I$7:$I$86=설정!$B$7))/COUNTIFS(반배정!$I$7:$I$86,설정!$B$7,공수1!$Y$7:$Y$86,">=0"),"")) | L9: =IF(F9="","",IFERROR(SUMPRODUCT((공수1!$G$7:$G$86=공수1!$G$2)*(공수1!$G$7:$G$86<>"")*(반배정!$I$7:$I$86=설정!$B$8))/COUNTIFS(반배정!$I$7:$I$86,설정!$B$8,공수1!$Y$7:$Y$86,">=0"),"")) | M9: =IF(OR(J9="",L9=""),"",J9-L9) | N9: =IF(I9="","",IF(AND(M9<>"",M9<0),"역변별·문항검토",IF(I9>=0.9,"매우 쉬움",IF(I9<=0.15,"매우 어려움",IF(AND(M9<>"",M9<0.2),"변별력 낮음","양호"))))) | O9: =IF(G9=0,"",COUNTIF(공수1!$G$7:$G$86,1)) | P9: =IF(G9=0,"",COUNTIF(공수1!$G$7:$G$86,2)) | Q9: =IF(G9=0,"",COUNTIF(공수1!$G$7:$G$86,3)) | R9: =IF(G9=0,"",COUNTIF(공수1!$G$7:$G$86,4)) | S9: =IF(G9=0,"",COUNTIF(공수1!$G$7:$G$86,5))
A10: 5 | B10: 객관식 | C10: =공수1!H4 -> 다항식 | D10: =공수1!H5 -> 하 | E10: =공수1!H3 -> 5 | F10: =IF(공수1!$H$2="","",공수1!$H$2) | G10: =COUNT(공수1!$Y$7:$Y$86) -> 0 | H10: =IF(F10="","",SUMPRODUCT((공수1!$H$7:$H$86=공수1!$H$2)*(공수1!$H$7:$H$86<>""))) | I10: =IF(OR(F10="",G10=0),"",H10/G10) | J10: =IF(F10="","",IFERROR(SUMPRODUCT((공수1!$H$7:$H$86=공수1!$H$2)*(공수1!$H$7:$H$86<>"")*(반배정!$I$7:$I$86=설정!$B$6))/COUNTIFS(반배정!$I$7:$I$86,설정!$B$6,공수1!$Y$7:$Y$86,">=0"),"")) | K10: =IF(F10="","",IFERROR(SUMPRODUCT((공수1!$H$7:$H$86=공수1!$H$2)*(공수1!$H$7:$H$86<>"")*(반배정!$I$7:$I$86=설정!$B$7))/COUNTIFS(반배정!$I$7:$I$86,설정!$B$7,공수1!$Y$7:$Y$86,">=0"),"")) | L10: =IF(F10="","",IFERROR(SUMPRODUCT((공수1!$H$7:$H$86=공수1!$H$2)*(공수1!$H$7:$H$86<>"")*(반배정!$I$7:$I$86=설정!$B$8))/COUNTIFS(반배정!$I$7:$I$86,설정!$B$8,공수1!$Y$7:$Y$86,">=0"),"")) | M10: =IF(OR(J10="",L10=""),"",J10-L10) | N10: =IF(I10="","",IF(AND(M10<>"",M10<0),"역변별·문항검토",IF(I10>=0.9,"매우 쉬움",IF(I10<=0.15,"매우 어려움",IF(AND(M10<>"",M10<0.2),"변별력 낮음","양호"))))) | O10: =IF(G10=0,"",COUNTIF(공수1!$H$7:$H$86,1)) | P10: =IF(G10=0,"",COUNTIF(공수1!$H$7:$H$86,2)) | Q10: =IF(G10=0,"",COUNTIF(공수1!$H$7:$H$86,3)) | R10: =IF(G10=0,"",COUNTIF(공수1!$H$7:$H$86,4)) | S10: =IF(G10=0,"",COUNTIF(공수1!$H$7:$H$86,5))
A11: 6 | B11: 객관식 | C11: =공수1!I4 -> 방정식과 부등식 | D11: =공수1!I5 -> 중 | E11: =공수1!I3 -> 5 | F11: =IF(공수1!$I$2="","",공수1!$I$2) | G11: =COUNT(공수1!$Y$7:$Y$86) -> 0 | H11: =IF(F11="","",SUMPRODUCT((공수1!$I$7:$I$86=공수1!$I$2)*(공수1!$I$7:$I$86<>""))) | I11: =IF(OR(F11="",G11=0),"",H11/G11) | J11: =IF(F11="","",IFERROR(SUMPRODUCT((공수1!$I$7:$I$86=공수1!$I$2)*(공수1!$I$7:$I$86<>"")*(반배정!$I$7:$I$86=설정!$B$6))/COUNTIFS(반배정!$I$7:$I$86,설정!$B$6,공수1!$Y$7:$Y$86,">=0"),"")) | K11: =IF(F11="","",IFERROR(SUMPRODUCT((공수1!$I$7:$I$86=공수1!$I$2)*(공수1!$I$7:$I$86<>"")*(반배정!$I$7:$I$86=설정!$B$7))/COUNTIFS(반배정!$I$7:$I$86,설정!$B$7,공수1!$Y$7:$Y$86,">=0"),"")) | L11: =IF(F11="","",IFERROR(SUMPRODUCT((공수1!$I$7:$I$86=공수1!$I$2)*(공수1!$I$7:$I$86<>"")*(반배정!$I$7:$I$86=설정!$B$8))/COUNTIFS(반배정!$I$7:$I$86,설정!$B$8,공수1!$Y$7:$Y$86,">=0"),"")) | M11: =IF(OR(J11="",L11=""),"",J11-L11) | N11: =IF(I11="","",IF(AND(M11<>"",M11<0),"역변별·문항검토",IF(I11>=0.9,"매우 쉬움",IF(I11<=0.15,"매우 어려움",IF(AND(M11<>"",M11<0.2),"변별력 낮음","양호"))))) | O11: =IF(G11=0,"",COUNTIF(공수1!$I$7:$I$86,1)) | P11: =IF(G11=0,"",COUNTIF(공수1!$I$7:$I$86,2)) | Q11: =IF(G11=0,"",COUNTIF(공수1!$I$7:$I$86,3)) | R11: =IF(G11=0,"",COUNTIF(공수1!$I$7:$I$86,4)) | S11: =IF(G11=0,"",COUNTIF(공수1!$I$7:$I$86,5))
A12: 7 | B12: 객관식 | C12: =공수1!J4 -> 방정식과 부등식 | D12: =공수1!J5 -> 중 | E12: =공수1!J3 -> 5 | F12: =IF(공수1!$J$2="","",공수1!$J$2) | G12: =COUNT(공수1!$Y$7:$Y$86) -> 0 | H12: =IF(F12="","",SUMPRODUCT((공수1!$J$7:$J$86=공수1!$J$2)*(공수1!$J$7:$J$86<>""))) | I12: =IF(OR(F12="",G12=0),"",H12/G12) | J12: =IF(F12="","",IFERROR(SUMPRODUCT((공수1!$J$7:$J$86=공수1!$J$2)*(공수1!$J$7:$J$86<>"")*(반배정!$I$7:$I$86=설정!$B$6))/COUNTIFS(반배정!$I$7:$I$86,설정!$B$6,공수1!$Y$7:$Y$86,">=0"),"")) | K12: =IF(F12="","",IFERROR(SUMPRODUCT((공수1!$J$7:$J$86=공수1!$J$2)*(공수1!$J$7:$J$86<>"")*(반배정!$I$7:$I$86=설정!$B$7))/COUNTIFS(반배정!$I$7:$I$86,설정!$B$7,공수1!$Y$7:$Y$86,">=0"),"")) | L12: =IF(F12="","",IFERROR(SUMPRODUCT((공수1!$J$7:$J$86=공수1!$J$2)*(공수1!$J$7:$J$86<>"")*(반배정!$I$7:$I$86=설정!$B$8))/COUNTIFS(반배정!$I$7:$I$86,설정!$B$8,공수1!$Y$7:$Y$86,">=0"),"")) | M12: =IF(OR(J12="",L12=""),"",J12-L12) | N12: =IF(I12="","",IF(AND(M12<>"",M12<0),"역변별·문항검토",IF(I12>=0.9,"매우 쉬움",IF(I12<=0.15,"매우 어려움",IF(AND(M12<>"",M12<0.2),"변별력 낮음","양호"))))) | O12: =IF(G12=0,"",COUNTIF(공수1!$J$7:$J$86,1)) | P12: =IF(G12=0,"",COUNTIF(공수1!$J$7:$J$86,2)) | Q12: =IF(G12=0,"",COUNTIF(공수1!$J$7:$J$86,3)) | R12: =IF(G12=0,"",COUNTIF(공수1!$J$7:$J$86,4)) | S12: =IF(G12=0,"",COUNTIF(공수1!$J$7:$J$86,5))
A13: 8 | B13: 객관식 | C13: =공수1!K4 -> 방정식과 부등식 | D13: =공수1!K5 -> 중 | E13: =공수1!K3 -> 5 | F13: =IF(공수1!$K$2="","",공수1!$K$2) | G13: =COUNT(공수1!$Y$7:$Y$86) -> 0 | H13: =IF(F13="","",SUMPRODUCT((공수1!$K$7:$K$86=공수1!$K$2)*(공수1!$K$7:$K$86<>""))) | I13: =IF(OR(F13="",G13=0),"",H13/G13) | J13: =IF(F13="","",IFERROR(SUMPRODUCT((공수1!$K$7:$K$86=공수1!$K$2)*(공수1!$K$7:$K$86<>"")*(반배정!$I$7:$I$86=설정!$B$6))/COUNTIFS(반배정!$I$7:$I$86,설정!$B$6,공수1!$Y$7:$Y$86,">=0"),"")) | K13: =IF(F13="","",IFERROR(SUMPRODUCT((공수1!$K$7:$K$86=공수1!$K$2)*(공수1!$K$7:$K$86<>"")*(반배정!$I$7:$I$86=설정!$B$7))/COUNTIFS(반배정!$I$7:$I$86,설정!$B$7,공수1!$Y$7:$Y$86,">=0"),"")) | L13: =IF(F13="","",IFERROR(SUMPRODUCT((공수1!$K$7:$K$86=공수1!$K$2)*(공수1!$K$7:$K$86<>"")*(반배정!$I$7:$I$86=설정!$B$8))/COUNTIFS(반배정!$I$7:$I$86,설정!$B$8,공수1!$Y$7:$Y$86,">=0"),"")) | M13: =IF(OR(J13="",L13=""),"",J13-L13) | N13: =IF(I13="","",IF(AND(M13<>"",M13<0),"역변별·문항검토",IF(I13>=0.9,"매우 쉬움",IF(I13<=0.15,"매우 어려움",IF(AND(M13<>"",M13<0.2),"변별력 낮음","양호"))))) | O13: =IF(G13=0,"",COUNTIF(공수1!$K$7:$K$86,1)) | P13: =IF(G13=0,"",COUNTIF(공수1!$K$7:$K$86,2)) | Q13: =IF(G13=0,"",COUNTIF(공수1!$K$7:$K$86,3)) | R13: =IF(G13=0,"",COUNTIF(공수1!$K$7:$K$86,4)) | S13: =IF(G13=0,"",COUNTIF(공수1!$K$7:$K$86,5))
A14: 9 | B14: 객관식 | C14: =공수1!L4 -> 방정식과 부등식 | D14: =공수1!L5 -> 중 | E14: =공수1!L3 -> 5 | F14: =IF(공수1!$L$2="","",공수1!$L$2) | G14: =COUNT(공수1!$Y$7:$Y$86) -> 0 | H14: =IF(F14="","",SUMPRODUCT((공수1!$L$7:$L$86=공수1!$L$2)*(공수1!$L$7:$L$86<>""))) | I14: =IF(OR(F14="",G14=0),"",H14/G14) | J14: =IF(F14="","",IFERROR(SUMPRODUCT((공수1!$L$7:$L$86=공수1!$L$2)*(공수1!$L$7:$L$86<>"")*(반배정!$I$7:$I$86=설정!$B$6))/COUNTIFS(반배정!$I$7:$I$86,설정!$B$6,공수1!$Y$7:$Y$86,">=0"),"")) | K14: =IF(F14="","",IFERROR(SUMPRODUCT((공수1!$L$7:$L$86=공수1!$L$2)*(공수1!$L$7:$L$86<>"")*(반배정!$I$7:$I$86=설정!$B$7))/COUNTIFS(반배정!$I$7:$I$86,설정!$B$7,공수1!$Y$7:$Y$86,">=0"),"")) | L14: =IF(F14="","",IFERROR(SUMPRODUCT((공수1!$L$7:$L$86=공수1!$L$2)*(공수1!$L$7:$L$86<>"")*(반배정!$I$7:$I$86=설정!$B$8))/COUNTIFS(반배정!$I$7:$I$86,설정!$B$8,공수1!$Y$7:$Y$86,">=0"),"")) | M14: =IF(OR(J14="",L14=""),"",J14-L14) | N14: =IF(I14="","",IF(AND(M14<>"",M14<0),"역변별·문항검토",IF(I14>=0.9,"매우 쉬움",IF(I14<=0.15,"매우 어려움",IF(AND(M14<>"",M14<0.2),"변별력 낮음","양호"))))) | O14: =IF(G14=0,"",COUNTIF(공수1!$L$7:$L$86,1)) | P14: =IF(G14=0,"",COUNTIF(공수1!$L$7:$L$86,2)) | Q14: =IF(G14=0,"",COUNTIF(공수1!$L$7:$L$86,3)) | R14: =IF(G14=0,"",COUNTIF(공수1!$L$7:$L$86,4)) | S14: =IF(G14=0,"",COUNTIF(공수1!$L$7:$L$86,5))
A15: 10 | B15: 객관식 | C15: =공수1!M4 -> 방정식과 부등식 | D15: =공수1!M5 -> 중 | E15: =공수1!M3 -> 5 | F15: =IF(공수1!$M$2="","",공수1!$M$2) | G15: =COUNT(공수1!$Y$7:$Y$86) -> 0 | H15: =IF(F15="","",SUMPRODUCT((공수1!$M$7:$M$86=공수1!$M$2)*(공수1!$M$7:$M$86<>""))) | I15: =IF(OR(F15="",G15=0),"",H15/G15) | J15: =IF(F15="","",IFERROR(SUMPRODUCT((공수1!$M$7:$M$86=공수1!$M$2)*(공수1!$M$7:$M$86<>"")*(반배정!$I$7:$I$86=설정!$B$6))/COUNTIFS(반배정!$I$7:$I$86,설정!$B$6,공수1!$Y$7:$Y$86,">=0"),"")) | K15: =IF(F15="","",IFERROR(SUMPRODUCT((공수1!$M$7:$M$86=공수1!$M$2)*(공수1!$M$7:$M$86<>"")*(반배정!$I$7:$I$86=설정!$B$7))/COUNTIFS(반배정!$I$7:$I$86,설정!$B$7,공수1!$Y$7:$Y$86,">=0"),"")) | L15: =IF(F15="","",IFERROR(SUMPRODUCT((공수1!$M$7:$M$86=공수1!$M$2)*(공수1!$M$7:$M$86<>"")*(반배정!$I$7:$I$86=설정!$B$8))/COUNTIFS(반배정!$I$7:$I$86,설정!$B$8,공수1!$Y$7:$Y$86,">=0"),"")) | M15: =IF(OR(J15="",L15=""),"",J15-L15) | N15: =IF(I15="","",IF(AND(M15<>"",M15<0),"역변별·문항검토",IF(I15>=0.9,"매우 쉬움",IF(I15<=0.15,"매우 어려움",IF(AND(M15<>"",M15<0.2),"변별력 낮음","양호"))))) | O15: =IF(G15=0,"",COUNTIF(공수1!$M$7:$M$86,1)) | P15: =IF(G15=0,"",COUNTIF(공수1!$M$7:$M$86,2)) | Q15: =IF(G15=0,"",COUNTIF(공수1!$M$7:$M$86,3)) | R15: =IF(G15=0,"",COUNTIF(공수1!$M$7:$M$86,4)) | S15: =IF(G15=0,"",COUNTIF(공수1!$M$7:$M$86,5))
A16: 11 | B16: 객관식 | C16: =공수1!N4 -> 방정식과 부등식 | D16: =공수1!N5 -> 중 | E16: =공수1!N3 -> 5 | F16: =IF(공수1!$N$2="","",공수1!$N$2) | G16: =COUNT(공수1!$Y$7:$Y$86) -> 0 | H16: =IF(F16="","",SUMPRODUCT((공수1!$N$7:$N$86=공수1!$N$2)*(공수1!$N$7:$N$86<>""))) | I16: =IF(OR(F16="",G16=0),"",H16/G16) | J16: =IF(F16="","",IFERROR(SUMPRODUCT((공수1!$N$7:$N$86=공수1!$N$2)*(공수1!$N$7:$N$86<>"")*(반배정!$I$7:$I$86=설정!$B$6))/COUNTIFS(반배정!$I$7:$I$86,설정!$B$6,공수1!$Y$7:$Y$86,">=0"),"")) | K16: =IF(F16="","",IFERROR(SUMPRODUCT((공수1!$N$7:$N$86=공수1!$N$2)*(공수1!$N$7:$N$86<>"")*(반배정!$I$7:$I$86=설정!$B$7))/COUNTIFS(반배정!$I$7:$I$86,설정!$B$7,공수1!$Y$7:$Y$86,">=0"),"")) | L16: =IF(F16="","",IFERROR(SUMPRODUCT((공수1!$N$7:$N$86=공수1!$N$2)*(공수1!$N$7:$N$86<>"")*(반배정!$I$7:$I$86=설정!$B$8))/COUNTIFS(반배정!$I$7:$I$86,설정!$B$8,공수1!$Y$7:$Y$86,">=0"),"")) | M16: =IF(OR(J16="",L16=""),"",J16-L16) | N16: =IF(I16="","",IF(AND(M16<>"",M16<0),"역변별·문항검토",IF(I16>=0.9,"매우 쉬움",IF(I16<=0.15,"매우 어려움",IF(AND(M16<>"",M16<0.2),"변별력 낮음","양호"))))) | O16: =IF(G16=0,"",COUNTIF(공수1!$N$7:$N$86,1)) | P16: =IF(G16=0,"",COUNTIF(공수1!$N$7:$N$86,2)) | Q16: =IF(G16=0,"",COUNTIF(공수1!$N$7:$N$86,3)) | R16: =IF(G16=0,"",COUNTIF(공수1!$N$7:$N$86,4)) | S16: =IF(G16=0,"",COUNTIF(공수1!$N$7:$N$86,5))
A17: 12 | B17: 객관식 | C17: =공수1!O4 -> 방정식과 부등식 | D17: =공수1!O5 -> 상 | E17: =공수1!O3 -> 5 | F17: =IF(공수1!$O$2="","",공수1!$O$2) | G17: =COUNT(공수1!$Y$7:$Y$86) -> 0 | H17: =IF(F17="","",SUMPRODUCT((공수1!$O$7:$O$86=공수1!$O$2)*(공수1!$O$7:$O$86<>""))) | I17: =IF(OR(F17="",G17=0),"",H17/G17) | J17: =IF(F17="","",IFERROR(SUMPRODUCT((공수1!$O$7:$O$86=공수1!$O$2)*(공수1!$O$7:$O$86<>"")*(반배정!$I$7:$I$86=설정!$B$6))/COUNTIFS(반배정!$I$7:$I$86,설정!$B$6,공수1!$Y$7:$Y$86,">=0"),"")) | K17: =IF(F17="","",IFERROR(SUMPRODUCT((공수1!$O$7:$O$86=공수1!$O$2)*(공수1!$O$7:$O$86<>"")*(반배정!$I$7:$I$86=설정!$B$7))/COUNTIFS(반배정!$I$7:$I$86,설정!$B$7,공수1!$Y$7:$Y$86,">=0"),"")) | L17: =IF(F17="","",IFERROR(SUMPRODUCT((공수1!$O$7:$O$86=공수1!$O$2)*(공수1!$O$7:$O$86<>"")*(반배정!$I$7:$I$86=설정!$B$8))/COUNTIFS(반배정!$I$7:$I$86,설정!$B$8,공수1!$Y$7:$Y$86,">=0"),"")) | M17: =IF(OR(J17="",L17=""),"",J17-L17) | N17: =IF(I17="","",IF(AND(M17<>"",M17<0),"역변별·문항검토",IF(I17>=0.9,"매우 쉬움",IF(I17<=0.15,"매우 어려움",IF(AND(M17<>"",M17<0.2),"변별력 낮음","양호"))))) | O17: =IF(G17=0,"",COUNTIF(공수1!$O$7:$O$86,1)) | P17: =IF(G17=0,"",COUNTIF(공수1!$O$7:$O$86,2)) | Q17: =IF(G17=0,"",COUNTIF(공수1!$O$7:$O$86,3)) | R17: =IF(G17=0,"",COUNTIF(공수1!$O$7:$O$86,4)) | S17: =IF(G17=0,"",COUNTIF(공수1!$O$7:$O$86,5))
A18: 13 | B18: 객관식 | C18: =공수1!P4 -> 방정식과 부등식 | D18: =공수1!P5 -> 상 | E18: =공수1!P3 -> 5 | F18: =IF(공수1!$P$2="","",공수1!$P$2) | G18: =COUNT(공수1!$Y$7:$Y$86) -> 0 | H18: =IF(F18="","",SUMPRODUCT((공수1!$P$7:$P$86=공수1!$P$2)*(공수1!$P$7:$P$86<>""))) | I18: =IF(OR(F18="",G18=0),"",H18/G18) | J18: =IF(F18="","",IFERROR(SUMPRODUCT((공수1!$P$7:$P$86=공수1!$P$2)*(공수1!$P$7:$P$86<>"")*(반배정!$I$7:$I$86=설정!$B$6))/COUNTIFS(반배정!$I$7:$I$86,설정!$B$6,공수1!$Y$7:$Y$86,">=0"),"")) | K18: =IF(F18="","",IFERROR(SUMPRODUCT((공수1!$P$7:$P$86=공수1!$P$2)*(공수1!$P$7:$P$86<>"")*(반배정!$I$7:$I$86=설정!$B$7))/COUNTIFS(반배정!$I$7:$I$86,설정!$B$7,공수1!$Y$7:$Y$86,">=0"),"")) | L18: =IF(F18="","",IFERROR(SUMPRODUCT((공수1!$P$7:$P$86=공수1!$P$2)*(공수1!$P$7:$P$86<>"")*(반배정!$I$7:$I$86=설정!$B$8))/COUNTIFS(반배정!$I$7:$I$86,설정!$B$8,공수1!$Y$7:$Y$86,">=0"),"")) | M18: =IF(OR(J18="",L18=""),"",J18-L18) | N18: =IF(I18="","",IF(AND(M18<>"",M18<0),"역변별·문항검토",IF(I18>=0.9,"매우 쉬움",IF(I18<=0.15,"매우 어려움",IF(AND(M18<>"",M18<0.2),"변별력 낮음","양호"))))) | O18: =IF(G18=0,"",COUNTIF(공수1!$P$7:$P$86,1)) | P18: =IF(G18=0,"",COUNTIF(공수1!$P$7:$P$86,2)) | Q18: =IF(G18=0,"",COUNTIF(공수1!$P$7:$P$86,3)) | R18: =IF(G18=0,"",COUNTIF(공수1!$P$7:$P$86,4)) | S18: =IF(G18=0,"",COUNTIF(공수1!$P$7:$P$86,5))
A19: 14 | B19: 객관식 | C19: =공수1!Q4 -> 경우의 수 | D19: =공수1!Q5 -> 상 | E19: =공수1!Q3 -> 5 | F19: =IF(공수1!$Q$2="","",공수1!$Q$2) | G19: =COUNT(공수1!$Y$7:$Y$86) -> 0 | H19: =IF(F19="","",SUMPRODUCT((공수1!$Q$7:$Q$86=공수1!$Q$2)*(공수1!$Q$7:$Q$86<>""))) | I19: =IF(OR(F19="",G19=0),"",H19/G19) | J19: =IF(F19="","",IFERROR(SUMPRODUCT((공수1!$Q$7:$Q$86=공수1!$Q$2)*(공수1!$Q$7:$Q$86<>"")*(반배정!$I$7:$I$86=설정!$B$6))/COUNTIFS(반배정!$I$7:$I$86,설정!$B$6,공수1!$Y$7:$Y$86,">=0"),"")) | K19: =IF(F19="","",IFERROR(SUMPRODUCT((공수1!$Q$7:$Q$86=공수1!$Q$2)*(공수1!$Q$7:$Q$86<>"")*(반배정!$I$7:$I$86=설정!$B$7))/COUNTIFS(반배정!$I$7:$I$86,설정!$B$7,공수1!$Y$7:$Y$86,">=0"),"")) | L19: =IF(F19="","",IFERROR(SUMPRODUCT((공수1!$Q$7:$Q$86=공수1!$Q$2)*(공수1!$Q$7:$Q$86<>"")*(반배정!$I$7:$I$86=설정!$B$8))/COUNTIFS(반배정!$I$7:$I$86,설정!$B$8,공수1!$Y$7:$Y$86,">=0"),"")) | M19: =IF(OR(J19="",L19=""),"",J19-L19) | N19: =IF(I19="","",IF(AND(M19<>"",M19<0),"역변별·문항검토",IF(I19>=0.9,"매우 쉬움",IF(I19<=0.15,"매우 어려움",IF(AND(M19<>"",M19<0.2),"변별력 낮음","양호"))))) | O19: =IF(G19=0,"",COUNTIF(공수1!$Q$7:$Q$86,1)) | P19: =IF(G19=0,"",COUNTIF(공수1!$Q$7:$Q$86,2)) | Q19: =IF(G19=0,"",COUNTIF(공수1!$Q$7:$Q$86,3)) | R19: =IF(G19=0,"",COUNTIF(공수1!$Q$7:$Q$86,4)) | S19: =IF(G19=0,"",COUNTIF(공수1!$Q$7:$Q$86,5))
A20: 15 | B20: 단답형 | C20: =공수1!R4 -> 경우의 수 | D20: =공수1!R5 -> 하 | E20: =공수1!R3 -> 5 | F20: =IF(공수1!$R$2="","",공수1!$R$2) | G20: =COUNT(공수1!$Y$7:$Y$86) -> 0 | H20: =IF(F20="","",SUMPRODUCT((공수1!$R$7:$R$86=공수1!$R$2)*(공수1!$R$7:$R$86<>""))) | I20: =IF(OR(F20="",G20=0),"",H20/G20) | J20: =IF(F20="","",IFERROR(SUMPRODUCT((공수1!$R$7:$R$86=공수1!$R$2)*(공수1!$R$7:$R$86<>"")*(반배정!$I$7:$I$86=설정!$B$6))/COUNTIFS(반배정!$I$7:$I$86,설정!$B$6,공수1!$Y$7:$Y$86,">=0"),"")) | K20: =IF(F20="","",IFERROR(SUMPRODUCT((공수1!$R$7:$R$86=공수1!$R$2)*(공수1!$R$7:$R$86<>"")*(반배정!$I$7:$I$86=설정!$B$7))/COUNTIFS(반배정!$I$7:$I$86,설정!$B$7,공수1!$Y$7:$Y$86,">=0"),"")) | L20: =IF(F20="","",IFERROR(SUMPRODUCT((공수1!$R$7:$R$86=공수1!$R$2)*(공수1!$R$7:$R$86<>"")*(반배정!$I$7:$I$86=설정!$B$8))/COUNTIFS(반배정!$I$7:$I$86,설정!$B$8,공수1!$Y$7:$Y$86,">=0"),"")) | M20: =IF(OR(J20="",L20=""),"",J20-L20) | N20: =IF(I20="","",IF(AND(M20<>"",M20<0),"역변별·문항검토",IF(I20>=0.9,"매우 쉬움",IF(I20<=0.15,"매우 어려움",IF(AND(M20<>"",M20<0.2),"변별력 낮음","양호"))))) | O20: - | P20: - | Q20: - | R20: - | S20: -
A21: 16 | B21: 단답형 | C21: =공수1!S4 -> 경우의 수 | D21: =공수1!S5 -> 중 | E21: =공수1!S3 -> 5 | F21: =IF(공수1!$S$2="","",공수1!$S$2) | G21: =COUNT(공수1!$Y$7:$Y$86) -> 0 | H21: =IF(F21="","",SUMPRODUCT((공수1!$S$7:$S$86=공수1!$S$2)*(공수1!$S$7:$S$86<>""))) | I21: =IF(OR(F21="",G21=0),"",H21/G21) | J21: =IF(F21="","",IFERROR(SUMPRODUCT((공수1!$S$7:$S$86=공수1!$S$2)*(공수1!$S$7:$S$86<>"")*(반배정!$I$7:$I$86=설정!$B$6))/COUNTIFS(반배정!$I$7:$I$86,설정!$B$6,공수1!$Y$7:$Y$86,">=0"),"")) | K21: =IF(F21="","",IFERROR(SUMPRODUCT((공수1!$S$7:$S$86=공수1!$S$2)*(공수1!$S$7:$S$86<>"")*(반배정!$I$7:$I$86=설정!$B$7))/COUNTIFS(반배정!$I$7:$I$86,설정!$B$7,공수1!$Y$7:$Y$86,">=0"),"")) | L21: =IF(F21="","",IFERROR(SUMPRODUCT((공수1!$S$7:$S$86=공수1!$S$2)*(공수1!$S$7:$S$86<>"")*(반배정!$I$7:$I$86=설정!$B$8))/COUNTIFS(반배정!$I$7:$I$86,설정!$B$8,공수1!$Y$7:$Y$86,">=0"),"")) | M21: =IF(OR(J21="",L21=""),"",J21-L21) | N21: =IF(I21="","",IF(AND(M21<>"",M21<0),"역변별·문항검토",IF(I21>=0.9,"매우 쉬움",IF(I21<=0.15,"매우 어려움",IF(AND(M21<>"",M21<0.2),"변별력 낮음","양호"))))) | O21: - | P21: - | Q21: - | R21: - | S21: -
A22: 17 | B22: 단답형 | C22: =공수1!T4 -> 경우의 수 | D22: =공수1!T5 -> 중 | E22: =공수1!T3 -> 5 | F22: =IF(공수1!$T$2="","",공수1!$T$2) | G22: =COUNT(공수1!$Y$7:$Y$86) -> 0 | H22: =IF(F22="","",SUMPRODUCT((공수1!$T$7:$T$86=공수1!$T$2)*(공수1!$T$7:$T$86<>""))) | I22: =IF(OR(F22="",G22=0),"",H22/G22) | J22: =IF(F22="","",IFERROR(SUMPRODUCT((공수1!$T$7:$T$86=공수1!$T$2)*(공수1!$T$7:$T$86<>"")*(반배정!$I$7:$I$86=설정!$B$6))/COUNTIFS(반배정!$I$7:$I$86,설정!$B$6,공수1!$Y$7:$Y$86,">=0"),"")) | K22: =IF(F22="","",IFERROR(SUMPRODUCT((공수1!$T$7:$T$86=공수1!$T$2)*(공수1!$T$7:$T$86<>"")*(반배정!$I$7:$I$86=설정!$B$7))/COUNTIFS(반배정!$I$7:$I$86,설정!$B$7,공수1!$Y$7:$Y$86,">=0"),"")) | L22: =IF(F22="","",IFERROR(SUMPRODUCT((공수1!$T$7:$T$86=공수1!$T$2)*(공수1!$T$7:$T$86<>"")*(반배정!$I$7:$I$86=설정!$B$8))/COUNTIFS(반배정!$I$7:$I$86,설정!$B$8,공수1!$Y$7:$Y$86,">=0"),"")) | M22: =IF(OR(J22="",L22=""),"",J22-L22) | N22: =IF(I22="","",IF(AND(M22<>"",M22<0),"역변별·문항검토",IF(I22>=0.9,"매우 쉬움",IF(I22<=0.15,"매우 어려움",IF(AND(M22<>"",M22<0.2),"변별력 낮음","양호"))))) | O22: - | P22: - | Q22: - | R22: - | S22: -
A23: 18 | B23: 단답형 | C23: =공수1!U4 -> 행렬 | D23: =공수1!U5 -> 상 | E23: =공수1!U3 -> 5 | F23: =IF(공수1!$U$2="","",공수1!$U$2) | G23: =COUNT(공수1!$Y$7:$Y$86) -> 0 | H23: =IF(F23="","",SUMPRODUCT((공수1!$U$7:$U$86=공수1!$U$2)*(공수1!$U$7:$U$86<>""))) | I23: =IF(OR(F23="",G23=0),"",H23/G23) | J23: =IF(F23="","",IFERROR(SUMPRODUCT((공수1!$U$7:$U$86=공수1!$U$2)*(공수1!$U$7:$U$86<>"")*(반배정!$I$7:$I$86=설정!$B$6))/COUNTIFS(반배정!$I$7:$I$86,설정!$B$6,공수1!$Y$7:$Y$86,">=0"),"")) | K23: =IF(F23="","",IFERROR(SUMPRODUCT((공수1!$U$7:$U$86=공수1!$U$2)*(공수1!$U$7:$U$86<>"")*(반배정!$I$7:$I$86=설정!$B$7))/COUNTIFS(반배정!$I$7:$I$86,설정!$B$7,공수1!$Y$7:$Y$86,">=0"),"")) | L23: =IF(F23="","",IFERROR(SUMPRODUCT((공수1!$U$7:$U$86=공수1!$U$2)*(공수1!$U$7:$U$86<>"")*(반배정!$I$7:$I$86=설정!$B$8))/COUNTIFS(반배정!$I$7:$I$86,설정!$B$8,공수1!$Y$7:$Y$86,">=0"),"")) | M23: =IF(OR(J23="",L23=""),"",J23-L23) | N23: =IF(I23="","",IF(AND(M23<>"",M23<0),"역변별·문항검토",IF(I23>=0.9,"매우 쉬움",IF(I23<=0.15,"매우 어려움",IF(AND(M23<>"",M23<0.2),"변별력 낮음","양호"))))) | O23: - | P23: - | Q23: - | R23: - | S23: -
A24: 19 | B24: 단답형 | C24: =공수1!V4 -> 행렬 | D24: =공수1!V5 -> 상 | E24: =공수1!V3 -> 5 | F24: =IF(공수1!$V$2="","",공수1!$V$2) | G24: =COUNT(공수1!$Y$7:$Y$86) -> 0 | H24: =IF(F24="","",SUMPRODUCT((공수1!$V$7:$V$86=공수1!$V$2)*(공수1!$V$7:$V$86<>""))) | I24: =IF(OR(F24="",G24=0),"",H24/G24) | J24: =IF(F24="","",IFERROR(SUMPRODUCT((공수1!$V$7:$V$86=공수1!$V$2)*(공수1!$V$7:$V$86<>"")*(반배정!$I$7:$I$86=설정!$B$6))/COUNTIFS(반배정!$I$7:$I$86,설정!$B$6,공수1!$Y$7:$Y$86,">=0"),"")) | K24: =IF(F24="","",IFERROR(SUMPRODUCT((공수1!$V$7:$V$86=공수1!$V$2)*(공수1!$V$7:$V$86<>"")*(반배정!$I$7:$I$86=설정!$B$7))/COUNTIFS(반배정!$I$7:$I$86,설정!$B$7,공수1!$Y$7:$Y$86,">=0"),"")) | L24: =IF(F24="","",IFERROR(SUMPRODUCT((공수1!$V$7:$V$86=공수1!$V$2)*(공수1!$V$7:$V$86<>"")*(반배정!$I$7:$I$86=설정!$B$8))/COUNTIFS(반배정!$I$7:$I$86,설정!$B$8,공수1!$Y$7:$Y$86,">=0"),"")) | M24: =IF(OR(J24="",L24=""),"",J24-L24) | N24: =IF(I24="","",IF(AND(M24<>"",M24<0),"역변별·문항검토",IF(I24>=0.9,"매우 쉬움",IF(I24<=0.15,"매우 어려움",IF(AND(M24<>"",M24<0.2),"변별력 낮음","양호"))))) | O24: - | P24: - | Q24: - | R24: - | S24: -
A25: 20 | B25: 단답형 | C25: =공수1!W4 -> 행렬 | D25: =공수1!W5 -> 최상 | E25: =공수1!W3 -> 5 | F25: =IF(공수1!$W$2="","",공수1!$W$2) | G25: =COUNT(공수1!$Y$7:$Y$86) -> 0 | H25: =IF(F25="","",SUMPRODUCT((공수1!$W$7:$W$86=공수1!$W$2)*(공수1!$W$7:$W$86<>""))) | I25: =IF(OR(F25="",G25=0),"",H25/G25) | J25: =IF(F25="","",IFERROR(SUMPRODUCT((공수1!$W$7:$W$86=공수1!$W$2)*(공수1!$W$7:$W$86<>"")*(반배정!$I$7:$I$86=설정!$B$6))/COUNTIFS(반배정!$I$7:$I$86,설정!$B$6,공수1!$Y$7:$Y$86,">=0"),"")) | K25: =IF(F25="","",IFERROR(SUMPRODUCT((공수1!$W$7:$W$86=공수1!$W$2)*(공수1!$W$7:$W$86<>"")*(반배정!$I$7:$I$86=설정!$B$7))/COUNTIFS(반배정!$I$7:$I$86,설정!$B$7,공수1!$Y$7:$Y$86,">=0"),"")) | L25: =IF(F25="","",IFERROR(SUMPRODUCT((공수1!$W$7:$W$86=공수1!$W$2)*(공수1!$W$7:$W$86<>"")*(반배정!$I$7:$I$86=설정!$B$8))/COUNTIFS(반배정!$I$7:$I$86,설정!$B$8,공수1!$Y$7:$Y$86,">=0"),"")) | M25: =IF(OR(J25="",L25=""),"",J25-L25) | N25: =IF(I25="","",IF(AND(M25<>"",M25<0),"역변별·문항검토",IF(I25>=0.9,"매우 쉬움",IF(I25<=0.15,"매우 어려움",IF(AND(M25<>"",M25<0.2),"변별력 낮음","양호"))))) | O25: - | P25: - | Q25: - | R25: - | S25: -
A28: 공통수학2
A29: 문항 | B29: 유형 | C29: 단원 | D29: 난이도 | E29: 배점 | F29: 정답 | G29: 응시 | H29: 정답자 | I29: 정답률 | J29: =설정!$B$6&" 정답률" -> 심화반 정답률 | K29: =설정!$B$7&" 정답률" -> 정규반 정답률 | L29: =설정!$B$8&" 정답률" -> 기본반 정답률 | M29: 변별도 | N29: 진단 | O29: ① | P29: ② | Q29: ③ | R29: ④ | S29: ⑤
A30: 1 | B30: 객관식 | C30: =공수2!D4 -> 도형의 방정식 | D30: =공수2!D5 -> 하 | E30: =공수2!D3 -> 5 | F30: =IF(공수2!$D$2="","",공수2!$D$2) | G30: =COUNT(공수2!$Y$7:$Y$86) -> 0 | H30: =IF(F30="","",SUMPRODUCT((공수2!$D$7:$D$86=공수2!$D$2)*(공수2!$D$7:$D$86<>""))) | I30: =IF(OR(F30="",G30=0),"",H30/G30) | J30: =IF(F30="","",IFERROR(SUMPRODUCT((공수2!$D$7:$D$86=공수2!$D$2)*(공수2!$D$7:$D$86<>"")*(반배정!$I$7:$I$86=설정!$B$6))/COUNTIFS(반배정!$I$7:$I$86,설정!$B$6,공수2!$Y$7:$Y$86,">=0"),"")) | K30: =IF(F30="","",IFERROR(SUMPRODUCT((공수2!$D$7:$D$86=공수2!$D$2)*(공수2!$D$7:$D$86<>"")*(반배정!$I$7:$I$86=설정!$B$7))/COUNTIFS(반배정!$I$7:$I$86,설정!$B$7,공수2!$Y$7:$Y$86,">=0"),"")) | L30: =IF(F30="","",IFERROR(SUMPRODUCT((공수2!$D$7:$D$86=공수2!$D$2)*(공수2!$D$7:$D$86<>"")*(반배정!$I$7:$I$86=설정!$B$8))/COUNTIFS(반배정!$I$7:$I$86,설정!$B$8,공수2!$Y$7:$Y$86,">=0"),"")) | M30: =IF(OR(J30="",L30=""),"",J30-L30) | N30: =IF(I30="","",IF(AND(M30<>"",M30<0),"역변별·문항검토",IF(I30>=0.9,"매우 쉬움",IF(I30<=0.15,"매우 어려움",IF(AND(M30<>"",M30<0.2),"변별력 낮음","양호"))))) | O30: =IF(G30=0,"",COUNTIF(공수2!$D$7:$D$86,1)) | P30: =IF(G30=0,"",COUNTIF(공수2!$D$7:$D$86,2)) | Q30: =IF(G30=0,"",COUNTIF(공수2!$D$7:$D$86,3)) | R30: =IF(G30=0,"",COUNTIF(공수2!$D$7:$D$86,4)) | S30: =IF(G30=0,"",COUNTIF(공수2!$D$7:$D$86,5))
A31: 2 | B31: 객관식 | C31: =공수2!E4 -> 도형의 방정식 | D31: =공수2!E5 -> 하 | E31: =공수2!E3 -> 5 | F31: =IF(공수2!$E$2="","",공수2!$E$2) | G31: =COUNT(공수2!$Y$7:$Y$86) -> 0 | H31: =IF(F31="","",SUMPRODUCT((공수2!$E$7:$E$86=공수2!$E$2)*(공수2!$E$7:$E$86<>""))) | I31: =IF(OR(F31="",G31=0),"",H31/G31) | J31: =IF(F31="","",IFERROR(SUMPRODUCT((공수2!$E$7:$E$86=공수2!$E$2)*(공수2!$E$7:$E$86<>"")*(반배정!$I$7:$I$86=설정!$B$6))/COUNTIFS(반배정!$I$7:$I$86,설정!$B$6,공수2!$Y$7:$Y$86,">=0"),"")) | K31: =IF(F31="","",IFERROR(SUMPRODUCT((공수2!$E$7:$E$86=공수2!$E$2)*(공수2!$E$7:$E$86<>"")*(반배정!$I$7:$I$86=설정!$B$7))/COUNTIFS(반배정!$I$7:$I$86,설정!$B$7,공수2!$Y$7:$Y$86,">=0"),"")) | L31: =IF(F31="","",IFERROR(SUMPRODUCT((공수2!$E$7:$E$86=공수2!$E$2)*(공수2!$E$7:$E$86<>"")*(반배정!$I$7:$I$86=설정!$B$8))/COUNTIFS(반배정!$I$7:$I$86,설정!$B$8,공수2!$Y$7:$Y$86,">=0"),"")) | M31: =IF(OR(J31="",L31=""),"",J31-L31) | N31: =IF(I31="","",IF(AND(M31<>"",M31<0),"역변별·문항검토",IF(I31>=0.9,"매우 쉬움",IF(I31<=0.15,"매우 어려움",IF(AND(M31<>"",M31<0.2),"변별력 낮음","양호"))))) | O31: =IF(G31=0,"",COUNTIF(공수2!$E$7:$E$86,1)) | P31: =IF(G31=0,"",COUNTIF(공수2!$E$7:$E$86,2)) | Q31: =IF(G31=0,"",COUNTIF(공수2!$E$7:$E$86,3)) | R31: =IF(G31=0,"",COUNTIF(공수2!$E$7:$E$86,4)) | S31: =IF(G31=0,"",COUNTIF(공수2!$E$7:$E$86,5))
A32: 3 | B32: 객관식 | C32: =공수2!F4 -> 도형의 방정식 | D32: =공수2!F5 -> 하 | E32: =공수2!F3 -> 5 | F32: =IF(공수2!$F$2="","",공수2!$F$2) | G32: =COUNT(공수2!$Y$7:$Y$86) -> 0 | H32: =IF(F32="","",SUMPRODUCT((공수2!$F$7:$F$86=공수2!$F$2)*(공수2!$F$7:$F$86<>""))) | I32: =IF(OR(F32="",G32=0),"",H32/G32) | J32: =IF(F32="","",IFERROR(SUMPRODUCT((공수2!$F$7:$F$86=공수2!$F$2)*(공수2!$F$7:$F$86<>"")*(반배정!$I$7:$I$86=설정!$B$6))/COUNTIFS(반배정!$I$7:$I$86,설정!$B$6,공수2!$Y$7:$Y$86,">=0"),"")) | K32: =IF(F32="","",IFERROR(SUMPRODUCT((공수2!$F$7:$F$86=공수2!$F$2)*(공수2!$F$7:$F$86<>"")*(반배정!$I$7:$I$86=설정!$B$7))/COUNTIFS(반배정!$I$7:$I$86,설정!$B$7,공수2!$Y$7:$Y$86,">=0"),"")) | L32: =IF(F32="","",IFERROR(SUMPRODUCT((공수2!$F$7:$F$86=공수2!$F$2)*(공수2!$F$7:$F$86<>"")*(반배정!$I$7:$I$86=설정!$B$8))/COUNTIFS(반배정!$I$7:$I$86,설정!$B$8,공수2!$Y$7:$Y$86,">=0"),"")) | M32: =IF(OR(J32="",L32=""),"",J32-L32) | N32: =IF(I32="","",IF(AND(M32<>"",M32<0),"역변별·문항검토",IF(I32>=0.9,"매우 쉬움",IF(I32<=0.15,"매우 어려움",IF(AND(M32<>"",M32<0.2),"변별력 낮음","양호"))))) | O32: =IF(G32=0,"",COUNTIF(공수2!$F$7:$F$86,1)) | P32: =IF(G32=0,"",COUNTIF(공수2!$F$7:$F$86,2)) | Q32: =IF(G32=0,"",COUNTIF(공수2!$F$7:$F$86,3)) | R32: =IF(G32=0,"",COUNTIF(공수2!$F$7:$F$86,4)) | S32: =IF(G32=0,"",COUNTIF(공수2!$F$7:$F$86,5))
A33: 4 | B33: 객관식 | C33: =공수2!G4 -> 도형의 방정식 | D33: =공수2!G5 -> 하 | E33: =공수2!G3 -> 5 | F33: =IF(공수2!$G$2="","",공수2!$G$2) | G33: =COUNT(공수2!$Y$7:$Y$86) -> 0 | H33: =IF(F33="","",SUMPRODUCT((공수2!$G$7:$G$86=공수2!$G$2)*(공수2!$G$7:$G$86<>""))) | I33: =IF(OR(F33="",G33=0),"",H33/G33) | J33: =IF(F33="","",IFERROR(SUMPRODUCT((공수2!$G$7:$G$86=공수2!$G$2)*(공수2!$G$7:$G$86<>"")*(반배정!$I$7:$I$86=설정!$B$6))/COUNTIFS(반배정!$I$7:$I$86,설정!$B$6,공수2!$Y$7:$Y$86,">=0"),"")) | K33: =IF(F33="","",IFERROR(SUMPRODUCT((공수2!$G$7:$G$86=공수2!$G$2)*(공수2!$G$7:$G$86<>"")*(반배정!$I$7:$I$86=설정!$B$7))/COUNTIFS(반배정!$I$7:$I$86,설정!$B$7,공수2!$Y$7:$Y$86,">=0"),"")) | L33: =IF(F33="","",IFERROR(SUMPRODUCT((공수2!$G$7:$G$86=공수2!$G$2)*(공수2!$G$7:$G$86<>"")*(반배정!$I$7:$I$86=설정!$B$8))/COUNTIFS(반배정!$I$7:$I$86,설정!$B$8,공수2!$Y$7:$Y$86,">=0"),"")) | M33: =IF(OR(J33="",L33=""),"",J33-L33) | N33: =IF(I33="","",IF(AND(M33<>"",M33<0),"역변별·문항검토",IF(I33>=0.9,"매우 쉬움",IF(I33<=0.15,"매우 어려움",IF(AND(M33<>"",M33<0.2),"변별력 낮음","양호"))))) | O33: =IF(G33=0,"",COUNTIF(공수2!$G$7:$G$86,1)) | P33: =IF(G33=0,"",COUNTIF(공수2!$G$7:$G$86,2)) | Q33: =IF(G33=0,"",COUNTIF(공수2!$G$7:$G$86,3)) | R33: =IF(G33=0,"",COUNTIF(공수2!$G$7:$G$86,4)) | S33: =IF(G33=0,"",COUNTIF(공수2!$G$7:$G$86,5))
A34: 5 | B34: 객관식 | C34: =공수2!H4 -> 도형의 방정식 | D34: =공수2!H5 -> 하 | E34: =공수2!H3 -> 5 | F34: =IF(공수2!$H$2="","",공수2!$H$2) | G34: =COUNT(공수2!$Y$7:$Y$86) -> 0 | H34: =IF(F34="","",SUMPRODUCT((공수2!$H$7:$H$86=공수2!$H$2)*(공수2!$H$7:$H$86<>""))) | I34: =IF(OR(F34="",G34=0),"",H34/G34) | J34: =IF(F34="","",IFERROR(SUMPRODUCT((공수2!$H$7:$H$86=공수2!$H$2)*(공수2!$H$7:$H$86<>"")*(반배정!$I$7:$I$86=설정!$B$6))/COUNTIFS(반배정!$I$7:$I$86,설정!$B$6,공수2!$Y$7:$Y$86,">=0"),"")) | K34: =IF(F34="","",IFERROR(SUMPRODUCT((공수2!$H$7:$H$86=공수2!$H$2)*(공수2!$H$7:$H$86<>"")*(반배정!$I$7:$I$86=설정!$B$7))/COUNTIFS(반배정!$I$7:$I$86,설정!$B$7,공수2!$Y$7:$Y$86,">=0"),"")) | L34: =IF(F34="","",IFERROR(SUMPRODUCT((공수2!$H$7:$H$86=공수2!$H$2)*(공수2!$H$7:$H$86<>"")*(반배정!$I$7:$I$86=설정!$B$8))/COUNTIFS(반배정!$I$7:$I$86,설정!$B$8,공수2!$Y$7:$Y$86,">=0"),"")) | M34: =IF(OR(J34="",L34=""),"",J34-L34) | N34: =IF(I34="","",IF(AND(M34<>"",M34<0),"역변별·문항검토",IF(I34>=0.9,"매우 쉬움",IF(I34<=0.15,"매우 어려움",IF(AND(M34<>"",M34<0.2),"변별력 낮음","양호"))))) | O34: =IF(G34=0,"",COUNTIF(공수2!$H$7:$H$86,1)) | P34: =IF(G34=0,"",COUNTIF(공수2!$H$7:$H$86,2)) | Q34: =IF(G34=0,"",COUNTIF(공수2!$H$7:$H$86,3)) | R34: =IF(G34=0,"",COUNTIF(공수2!$H$7:$H$86,4)) | S34: =IF(G34=0,"",COUNTIF(공수2!$H$7:$H$86,5))
A35: 6 | B35: 객관식 | C35: =공수2!I4 -> 도형의 방정식 | D35: =공수2!I5 -> 중 | E35: =공수2!I3 -> 5 | F35: =IF(공수2!$I$2="","",공수2!$I$2) | G35: =COUNT(공수2!$Y$7:$Y$86) -> 0 | H35: =IF(F35="","",SUMPRODUCT((공수2!$I$7:$I$86=공수2!$I$2)*(공수2!$I$7:$I$86<>""))) | I35: =IF(OR(F35="",G35=0),"",H35/G35) | J35: =IF(F35="","",IFERROR(SUMPRODUCT((공수2!$I$7:$I$86=공수2!$I$2)*(공수2!$I$7:$I$86<>"")*(반배정!$I$7:$I$86=설정!$B$6))/COUNTIFS(반배정!$I$7:$I$86,설정!$B$6,공수2!$Y$7:$Y$86,">=0"),"")) | K35: =IF(F35="","",IFERROR(SUMPRODUCT((공수2!$I$7:$I$86=공수2!$I$2)*(공수2!$I$7:$I$86<>"")*(반배정!$I$7:$I$86=설정!$B$7))/COUNTIFS(반배정!$I$7:$I$86,설정!$B$7,공수2!$Y$7:$Y$86,">=0"),"")) | L35: =IF(F35="","",IFERROR(SUMPRODUCT((공수2!$I$7:$I$86=공수2!$I$2)*(공수2!$I$7:$I$86<>"")*(반배정!$I$7:$I$86=설정!$B$8))/COUNTIFS(반배정!$I$7:$I$86,설정!$B$8,공수2!$Y$7:$Y$86,">=0"),"")) | M35: =IF(OR(J35="",L35=""),"",J35-L35) | N35: =IF(I35="","",IF(AND(M35<>"",M35<0),"역변별·문항검토",IF(I35>=0.9,"매우 쉬움",IF(I35<=0.15,"매우 어려움",IF(AND(M35<>"",M35<0.2),"변별력 낮음","양호"))))) | O35: =IF(G35=0,"",COUNTIF(공수2!$I$7:$I$86,1)) | P35: =IF(G35=0,"",COUNTIF(공수2!$I$7:$I$86,2)) | Q35: =IF(G35=0,"",COUNTIF(공수2!$I$7:$I$86,3)) | R35: =IF(G35=0,"",COUNTIF(공수2!$I$7:$I$86,4)) | S35: =IF(G35=0,"",COUNTIF(공수2!$I$7:$I$86,5))
A36: 7 | B36: 객관식 | C36: =공수2!J4 -> 도형의 방정식 | D36: =공수2!J5 -> 중 | E36: =공수2!J3 -> 5 | F36: =IF(공수2!$J$2="","",공수2!$J$2) | G36: =COUNT(공수2!$Y$7:$Y$86) -> 0 | H36: =IF(F36="","",SUMPRODUCT((공수2!$J$7:$J$86=공수2!$J$2)*(공수2!$J$7:$J$86<>""))) | I36: =IF(OR(F36="",G36=0),"",H36/G36) | J36: =IF(F36="","",IFERROR(SUMPRODUCT((공수2!$J$7:$J$86=공수2!$J$2)*(공수2!$J$7:$J$86<>"")*(반배정!$I$7:$I$86=설정!$B$6))/COUNTIFS(반배정!$I$7:$I$86,설정!$B$6,공수2!$Y$7:$Y$86,">=0"),"")) | K36: =IF(F36="","",IFERROR(SUMPRODUCT((공수2!$J$7:$J$86=공수2!$J$2)*(공수2!$J$7:$J$86<>"")*(반배정!$I$7:$I$86=설정!$B$7))/COUNTIFS(반배정!$I$7:$I$86,설정!$B$7,공수2!$Y$7:$Y$86,">=0"),"")) | L36: =IF(F36="","",IFERROR(SUMPRODUCT((공수2!$J$7:$J$86=공수2!$J$2)*(공수2!$J$7:$J$86<>"")*(반배정!$I$7:$I$86=설정!$B$8))/COUNTIFS(반배정!$I$7:$I$86,설정!$B$8,공수2!$Y$7:$Y$86,">=0"),"")) | M36: =IF(OR(J36="",L36=""),"",J36-L36) | N36: =IF(I36="","",IF(AND(M36<>"",M36<0),"역변별·문항검토",IF(I36>=0.9,"매우 쉬움",IF(I36<=0.15,"매우 어려움",IF(AND(M36<>"",M36<0.2),"변별력 낮음","양호"))))) | O36: =IF(G36=0,"",COUNTIF(공수2!$J$7:$J$86,1)) | P36: =IF(G36=0,"",COUNTIF(공수2!$J$7:$J$86,2)) | Q36: =IF(G36=0,"",COUNTIF(공수2!$J$7:$J$86,3)) | R36: =IF(G36=0,"",COUNTIF(공수2!$J$7:$J$86,4)) | S36: =IF(G36=0,"",COUNTIF(공수2!$J$7:$J$86,5))
A37: 8 | B37: 객관식 | C37: =공수2!K4 -> 도형의 방정식 | D37: =공수2!K5 -> 중 | E37: =공수2!K3 -> 5 | F37: =IF(공수2!$K$2="","",공수2!$K$2) | G37: =COUNT(공수2!$Y$7:$Y$86) -> 0 | H37: =IF(F37="","",SUMPRODUCT((공수2!$K$7:$K$86=공수2!$K$2)*(공수2!$K$7:$K$86<>""))) | I37: =IF(OR(F37="",G37=0),"",H37/G37) | J37: =IF(F37="","",IFERROR(SUMPRODUCT((공수2!$K$7:$K$86=공수2!$K$2)*(공수2!$K$7:$K$86<>"")*(반배정!$I$7:$I$86=설정!$B$6))/COUNTIFS(반배정!$I$7:$I$86,설정!$B$6,공수2!$Y$7:$Y$86,">=0"),"")) | K37: =IF(F37="","",IFERROR(SUMPRODUCT((공수2!$K$7:$K$86=공수2!$K$2)*(공수2!$K$7:$K$86<>"")*(반배정!$I$7:$I$86=설정!$B$7))/COUNTIFS(반배정!$I$7:$I$86,설정!$B$7,공수2!$Y$7:$Y$86,">=0"),"")) | L37: =IF(F37="","",IFERROR(SUMPRODUCT((공수2!$K$7:$K$86=공수2!$K$2)*(공수2!$K$7:$K$86<>"")*(반배정!$I$7:$I$86=설정!$B$8))/COUNTIFS(반배정!$I$7:$I$86,설정!$B$8,공수2!$Y$7:$Y$86,">=0"),"")) | M37: =IF(OR(J37="",L37=""),"",J37-L37) | N37: =IF(I37="","",IF(AND(M37<>"",M37<0),"역변별·문항검토",IF(I37>=0.9,"매우 쉬움",IF(I37<=0.15,"매우 어려움",IF(AND(M37<>"",M37<0.2),"변별력 낮음","양호"))))) | O37: =IF(G37=0,"",COUNTIF(공수2!$K$7:$K$86,1)) | P37: =IF(G37=0,"",COUNTIF(공수2!$K$7:$K$86,2)) | Q37: =IF(G37=0,"",COUNTIF(공수2!$K$7:$K$86,3)) | R37: =IF(G37=0,"",COUNTIF(공수2!$K$7:$K$86,4)) | S37: =IF(G37=0,"",COUNTIF(공수2!$K$7:$K$86,5))
A38: 9 | B38: 객관식 | C38: =공수2!L4 -> 집합과 명제 | D38: =공수2!L5 -> 중 | E38: =공수2!L3 -> 5 | F38: =IF(공수2!$L$2="","",공수2!$L$2) | G38: =COUNT(공수2!$Y$7:$Y$86) -> 0 | H38: =IF(F38="","",SUMPRODUCT((공수2!$L$7:$L$86=공수2!$L$2)*(공수2!$L$7:$L$86<>""))) | I38: =IF(OR(F38="",G38=0),"",H38/G38) | J38: =IF(F38="","",IFERROR(SUMPRODUCT((공수2!$L$7:$L$86=공수2!$L$2)*(공수2!$L$7:$L$86<>"")*(반배정!$I$7:$I$86=설정!$B$6))/COUNTIFS(반배정!$I$7:$I$86,설정!$B$6,공수2!$Y$7:$Y$86,">=0"),"")) | K38: =IF(F38="","",IFERROR(SUMPRODUCT((공수2!$L$7:$L$86=공수2!$L$2)*(공수2!$L$7:$L$86<>"")*(반배정!$I$7:$I$86=설정!$B$7))/COUNTIFS(반배정!$I$7:$I$86,설정!$B$7,공수2!$Y$7:$Y$86,">=0"),"")) | L38: =IF(F38="","",IFERROR(SUMPRODUCT((공수2!$L$7:$L$86=공수2!$L$2)*(공수2!$L$7:$L$86<>"")*(반배정!$I$7:$I$86=설정!$B$8))/COUNTIFS(반배정!$I$7:$I$86,설정!$B$8,공수2!$Y$7:$Y$86,">=0"),"")) | M38: =IF(OR(J38="",L38=""),"",J38-L38) | N38: =IF(I38="","",IF(AND(M38<>"",M38<0),"역변별·문항검토",IF(I38>=0.9,"매우 쉬움",IF(I38<=0.15,"매우 어려움",IF(AND(M38<>"",M38<0.2),"변별력 낮음","양호"))))) | O38: =IF(G38=0,"",COUNTIF(공수2!$L$7:$L$86,1)) | P38: =IF(G38=0,"",COUNTIF(공수2!$L$7:$L$86,2)) | Q38: =IF(G38=0,"",COUNTIF(공수2!$L$7:$L$86,3)) | R38: =IF(G38=0,"",COUNTIF(공수2!$L$7:$L$86,4)) | S38: =IF(G38=0,"",COUNTIF(공수2!$L$7:$L$86,5))
A39: 10 | B39: 객관식 | C39: =공수2!M4 -> 집합과 명제 | D39: =공수2!M5 -> 중 | E39: =공수2!M3 -> 5 | F39: =IF(공수2!$M$2="","",공수2!$M$2) | G39: =COUNT(공수2!$Y$7:$Y$86) -> 0 | H39: =IF(F39="","",SUMPRODUCT((공수2!$M$7:$M$86=공수2!$M$2)*(공수2!$M$7:$M$86<>""))) | I39: =IF(OR(F39="",G39=0),"",H39/G39) | J39: =IF(F39="","",IFERROR(SUMPRODUCT((공수2!$M$7:$M$86=공수2!$M$2)*(공수2!$M$7:$M$86<>"")*(반배정!$I$7:$I$86=설정!$B$6))/COUNTIFS(반배정!$I$7:$I$86,설정!$B$6,공수2!$Y$7:$Y$86,">=0"),"")) | K39: =IF(F39="","",IFERROR(SUMPRODUCT((공수2!$M$7:$M$86=공수2!$M$2)*(공수2!$M$7:$M$86<>"")*(반배정!$I$7:$I$86=설정!$B$7))/COUNTIFS(반배정!$I$7:$I$86,설정!$B$7,공수2!$Y$7:$Y$86,">=0"),"")) | L39: =IF(F39="","",IFERROR(SUMPRODUCT((공수2!$M$7:$M$86=공수2!$M$2)*(공수2!$M$7:$M$86<>"")*(반배정!$I$7:$I$86=설정!$B$8))/COUNTIFS(반배정!$I$7:$I$86,설정!$B$8,공수2!$Y$7:$Y$86,">=0"),"")) | M39: =IF(OR(J39="",L39=""),"",J39-L39) | N39: =IF(I39="","",IF(AND(M39<>"",M39<0),"역변별·문항검토",IF(I39>=0.9,"매우 쉬움",IF(I39<=0.15,"매우 어려움",IF(AND(M39<>"",M39<0.2),"변별력 낮음","양호"))))) | O39: =IF(G39=0,"",COUNTIF(공수2!$M$7:$M$86,1)) | P39: =IF(G39=0,"",COUNTIF(공수2!$M$7:$M$86,2)) | Q39: =IF(G39=0,"",COUNTIF(공수2!$M$7:$M$86,3)) | R39: =IF(G39=0,"",COUNTIF(공수2!$M$7:$M$86,4)) | S39: =IF(G39=0,"",COUNTIF(공수2!$M$7:$M$86,5))
A40: 11 | B40: 객관식 | C40: =공수2!N4 -> 집합과 명제 | D40: =공수2!N5 -> 중 | E40: =공수2!N3 -> 5 | F40: =IF(공수2!$N$2="","",공수2!$N$2) | G40: =COUNT(공수2!$Y$7:$Y$86) -> 0 | H40: =IF(F40="","",SUMPRODUCT((공수2!$N$7:$N$86=공수2!$N$2)*(공수2!$N$7:$N$86<>""))) | I40: =IF(OR(F40="",G40=0),"",H40/G40) | J40: =IF(F40="","",IFERROR(SUMPRODUCT((공수2!$N$7:$N$86=공수2!$N$2)*(공수2!$N$7:$N$86<>"")*(반배정!$I$7:$I$86=설정!$B$6))/COUNTIFS(반배정!$I$7:$I$86,설정!$B$6,공수2!$Y$7:$Y$86,">=0"),"")) | K40: =IF(F40="","",IFERROR(SUMPRODUCT((공수2!$N$7:$N$86=공수2!$N$2)*(공수2!$N$7:$N$86<>"")*(반배정!$I$7:$I$86=설정!$B$7))/COUNTIFS(반배정!$I$7:$I$86,설정!$B$7,공수2!$Y$7:$Y$86,">=0"),"")) | L40: =IF(F40="","",IFERROR(SUMPRODUCT((공수2!$N$7:$N$86=공수2!$N$2)*(공수2!$N$7:$N$86<>"")*(반배정!$I$7:$I$86=설정!$B$8))/COUNTIFS(반배정!$I$7:$I$86,설정!$B$8,공수2!$Y$7:$Y$86,">=0"),"")) | M40: =IF(OR(J40="",L40=""),"",J40-L40) | N40: =IF(I40="","",IF(AND(M40<>"",M40<0),"역변별·문항검토",IF(I40>=0.9,"매우 쉬움",IF(I40<=0.15,"매우 어려움",IF(AND(M40<>"",M40<0.2),"변별력 낮음","양호"))))) | O40: =IF(G40=0,"",COUNTIF(공수2!$N$7:$N$86,1)) | P40: =IF(G40=0,"",COUNTIF(공수2!$N$7:$N$86,2)) | Q40: =IF(G40=0,"",COUNTIF(공수2!$N$7:$N$86,3)) | R40: =IF(G40=0,"",COUNTIF(공수2!$N$7:$N$86,4)) | S40: =IF(G40=0,"",COUNTIF(공수2!$N$7:$N$86,5))
A41: 12 | B41: 객관식 | C41: =공수2!O4 -> 집합과 명제 | D41: =공수2!O5 -> 상 | E41: =공수2!O3 -> 5 | F41: =IF(공수2!$O$2="","",공수2!$O$2) | G41: =COUNT(공수2!$Y$7:$Y$86) -> 0 | H41: =IF(F41="","",SUMPRODUCT((공수2!$O$7:$O$86=공수2!$O$2)*(공수2!$O$7:$O$86<>""))) | I41: =IF(OR(F41="",G41=0),"",H41/G41) | J41: =IF(F41="","",IFERROR(SUMPRODUCT((공수2!$O$7:$O$86=공수2!$O$2)*(공수2!$O$7:$O$86<>"")*(반배정!$I$7:$I$86=설정!$B$6))/COUNTIFS(반배정!$I$7:$I$86,설정!$B$6,공수2!$Y$7:$Y$86,">=0"),"")) | K41: =IF(F41="","",IFERROR(SUMPRODUCT((공수2!$O$7:$O$86=공수2!$O$2)*(공수2!$O$7:$O$86<>"")*(반배정!$I$7:$I$86=설정!$B$7))/COUNTIFS(반배정!$I$7:$I$86,설정!$B$7,공수2!$Y$7:$Y$86,">=0"),"")) | L41: =IF(F41="","",IFERROR(SUMPRODUCT((공수2!$O$7:$O$86=공수2!$O$2)*(공수2!$O$7:$O$86<>"")*(반배정!$I$7:$I$86=설정!$B$8))/COUNTIFS(반배정!$I$7:$I$86,설정!$B$8,공수2!$Y$7:$Y$86,">=0"),"")) | M41: =IF(OR(J41="",L41=""),"",J41-L41) | N41: =IF(I41="","",IF(AND(M41<>"",M41<0),"역변별·문항검토",IF(I41>=0.9,"매우 쉬움",IF(I41<=0.15,"매우 어려움",IF(AND(M41<>"",M41<0.2),"변별력 낮음","양호"))))) | O41: =IF(G41=0,"",COUNTIF(공수2!$O$7:$O$86,1)) | P41: =IF(G41=0,"",COUNTIF(공수2!$O$7:$O$86,2)) | Q41: =IF(G41=0,"",COUNTIF(공수2!$O$7:$O$86,3)) | R41: =IF(G41=0,"",COUNTIF(공수2!$O$7:$O$86,4)) | S41: =IF(G41=0,"",COUNTIF(공수2!$O$7:$O$86,5))
A42: 13 | B42: 객관식 | C42: =공수2!P4 -> 집합과 명제 | D42: =공수2!P5 -> 상 | E42: =공수2!P3 -> 5 | F42: =IF(공수2!$P$2="","",공수2!$P$2) | G42: =COUNT(공수2!$Y$7:$Y$86) -> 0 | H42: =IF(F42="","",SUMPRODUCT((공수2!$P$7:$P$86=공수2!$P$2)*(공수2!$P$7:$P$86<>""))) | I42: =IF(OR(F42="",G42=0),"",H42/G42) | J42: =IF(F42="","",IFERROR(SUMPRODUCT((공수2!$P$7:$P$86=공수2!$P$2)*(공수2!$P$7:$P$86<>"")*(반배정!$I$7:$I$86=설정!$B$6))/COUNTIFS(반배정!$I$7:$I$86,설정!$B$6,공수2!$Y$7:$Y$86,">=0"),"")) | K42: =IF(F42="","",IFERROR(SUMPRODUCT((공수2!$P$7:$P$86=공수2!$P$2)*(공수2!$P$7:$P$86<>"")*(반배정!$I$7:$I$86=설정!$B$7))/COUNTIFS(반배정!$I$7:$I$86,설정!$B$7,공수2!$Y$7:$Y$86,">=0"),"")) | L42: =IF(F42="","",IFERROR(SUMPRODUCT((공수2!$P$7:$P$86=공수2!$P$2)*(공수2!$P$7:$P$86<>"")*(반배정!$I$7:$I$86=설정!$B$8))/COUNTIFS(반배정!$I$7:$I$86,설정!$B$8,공수2!$Y$7:$Y$86,">=0"),"")) | M42: =IF(OR(J42="",L42=""),"",J42-L42) | N42: =IF(I42="","",IF(AND(M42<>"",M42<0),"역변별·문항검토",IF(I42>=0.9,"매우 쉬움",IF(I42<=0.15,"매우 어려움",IF(AND(M42<>"",M42<0.2),"변별력 낮음","양호"))))) | O42: =IF(G42=0,"",COUNTIF(공수2!$P$7:$P$86,1)) | P42: =IF(G42=0,"",COUNTIF(공수2!$P$7:$P$86,2)) | Q42: =IF(G42=0,"",COUNTIF(공수2!$P$7:$P$86,3)) | R42: =IF(G42=0,"",COUNTIF(공수2!$P$7:$P$86,4)) | S42: =IF(G42=0,"",COUNTIF(공수2!$P$7:$P$86,5))
A43: 14 | B43: 객관식 | C43: =공수2!Q4 -> 집합과 명제 | D43: =공수2!Q5 -> 상 | E43: =공수2!Q3 -> 5 | F43: =IF(공수2!$Q$2="","",공수2!$Q$2) | G43: =COUNT(공수2!$Y$7:$Y$86) -> 0 | H43: =IF(F43="","",SUMPRODUCT((공수2!$Q$7:$Q$86=공수2!$Q$2)*(공수2!$Q$7:$Q$86<>""))) | I43: =IF(OR(F43="",G43=0),"",H43/G43) | J43: =IF(F43="","",IFERROR(SUMPRODUCT((공수2!$Q$7:$Q$86=공수2!$Q$2)*(공수2!$Q$7:$Q$86<>"")*(반배정!$I$7:$I$86=설정!$B$6))/COUNTIFS(반배정!$I$7:$I$86,설정!$B$6,공수2!$Y$7:$Y$86,">=0"),"")) | K43: =IF(F43="","",IFERROR(SUMPRODUCT((공수2!$Q$7:$Q$86=공수2!$Q$2)*(공수2!$Q$7:$Q$86<>"")*(반배정!$I$7:$I$86=설정!$B$7))/COUNTIFS(반배정!$I$7:$I$86,설정!$B$7,공수2!$Y$7:$Y$86,">=0"),"")) | L43: =IF(F43="","",IFERROR(SUMPRODUCT((공수2!$Q$7:$Q$86=공수2!$Q$2)*(공수2!$Q$7:$Q$86<>"")*(반배정!$I$7:$I$86=설정!$B$8))/COUNTIFS(반배정!$I$7:$I$86,설정!$B$8,공수2!$Y$7:$Y$86,">=0"),"")) | M43: =IF(OR(J43="",L43=""),"",J43-L43) | N43: =IF(I43="","",IF(AND(M43<>"",M43<0),"역변별·문항검토",IF(I43>=0.9,"매우 쉬움",IF(I43<=0.15,"매우 어려움",IF(AND(M43<>"",M43<0.2),"변별력 낮음","양호"))))) | O43: =IF(G43=0,"",COUNTIF(공수2!$Q$7:$Q$86,1)) | P43: =IF(G43=0,"",COUNTIF(공수2!$Q$7:$Q$86,2)) | Q43: =IF(G43=0,"",COUNTIF(공수2!$Q$7:$Q$86,3)) | R43: =IF(G43=0,"",COUNTIF(공수2!$Q$7:$Q$86,4)) | S43: =IF(G43=0,"",COUNTIF(공수2!$Q$7:$Q$86,5))
A44: 15 | B44: 단답형 | C44: =공수2!R4 -> 함수와 그래프 | D44: =공수2!R5 -> 하 | E44: =공수2!R3 -> 5 | F44: =IF(공수2!$R$2="","",공수2!$R$2) | G44: =COUNT(공수2!$Y$7:$Y$86) -> 0 | H44: =IF(F44="","",SUMPRODUCT((공수2!$R$7:$R$86=공수2!$R$2)*(공수2!$R$7:$R$86<>""))) | I44: =IF(OR(F44="",G44=0),"",H44/G44) | J44: =IF(F44="","",IFERROR(SUMPRODUCT((공수2!$R$7:$R$86=공수2!$R$2)*(공수2!$R$7:$R$86<>"")*(반배정!$I$7:$I$86=설정!$B$6))/COUNTIFS(반배정!$I$7:$I$86,설정!$B$6,공수2!$Y$7:$Y$86,">=0"),"")) | K44: =IF(F44="","",IFERROR(SUMPRODUCT((공수2!$R$7:$R$86=공수2!$R$2)*(공수2!$R$7:$R$86<>"")*(반배정!$I$7:$I$86=설정!$B$7))/COUNTIFS(반배정!$I$7:$I$86,설정!$B$7,공수2!$Y$7:$Y$86,">=0"),"")) | L44: =IF(F44="","",IFERROR(SUMPRODUCT((공수2!$R$7:$R$86=공수2!$R$2)*(공수2!$R$7:$R$86<>"")*(반배정!$I$7:$I$86=설정!$B$8))/COUNTIFS(반배정!$I$7:$I$86,설정!$B$8,공수2!$Y$7:$Y$86,">=0"),"")) | M44: =IF(OR(J44="",L44=""),"",J44-L44) | N44: =IF(I44="","",IF(AND(M44<>"",M44<0),"역변별·문항검토",IF(I44>=0.9,"매우 쉬움",IF(I44<=0.15,"매우 어려움",IF(AND(M44<>"",M44<0.2),"변별력 낮음","양호"))))) | O44: - | P44: - | Q44: - | R44: - | S44: -
A45: 16 | B45: 단답형 | C45: =공수2!S4 -> 함수와 그래프 | D45: =공수2!S5 -> 중 | E45: =공수2!S3 -> 5 | F45: =IF(공수2!$S$2="","",공수2!$S$2) | G45: =COUNT(공수2!$Y$7:$Y$86) -> 0 | H45: =IF(F45="","",SUMPRODUCT((공수2!$S$7:$S$86=공수2!$S$2)*(공수2!$S$7:$S$86<>""))) | I45: =IF(OR(F45="",G45=0),"",H45/G45) | J45: =IF(F45="","",IFERROR(SUMPRODUCT((공수2!$S$7:$S$86=공수2!$S$2)*(공수2!$S$7:$S$86<>"")*(반배정!$I$7:$I$86=설정!$B$6))/COUNTIFS(반배정!$I$7:$I$86,설정!$B$6,공수2!$Y$7:$Y$86,">=0"),"")) | K45: =IF(F45="","",IFERROR(SUMPRODUCT((공수2!$S$7:$S$86=공수2!$S$2)*(공수2!$S$7:$S$86<>"")*(반배정!$I$7:$I$86=설정!$B$7))/COUNTIFS(반배정!$I$7:$I$86,설정!$B$7,공수2!$Y$7:$Y$86,">=0"),"")) | L45: =IF(F45="","",IFERROR(SUMPRODUCT((공수2!$S$7:$S$86=공수2!$S$2)*(공수2!$S$7:$S$86<>"")*(반배정!$I$7:$I$86=설정!$B$8))/COUNTIFS(반배정!$I$7:$I$86,설정!$B$8,공수2!$Y$7:$Y$86,">=0"),"")) | M45: =IF(OR(J45="",L45=""),"",J45-L45) | N45: =IF(I45="","",IF(AND(M45<>"",M45<0),"역변별·문항검토",IF(I45>=0.9,"매우 쉬움",IF(I45<=0.15,"매우 어려움",IF(AND(M45<>"",M45<0.2),"변별력 낮음","양호"))))) | O45: - | P45: - | Q45: - | R45: - | S45: -
A46: 17 | B46: 단답형 | C46: =공수2!T4 -> 함수와 그래프 | D46: =공수2!T5 -> 중 | E46: =공수2!T3 -> 5 | F46: =IF(공수2!$T$2="","",공수2!$T$2) | G46: =COUNT(공수2!$Y$7:$Y$86) -> 0 | H46: =IF(F46="","",SUMPRODUCT((공수2!$T$7:$T$86=공수2!$T$2)*(공수2!$T$7:$T$86<>""))) | I46: =IF(OR(F46="",G46=0),"",H46/G46) | J46: =IF(F46="","",IFERROR(SUMPRODUCT((공수2!$T$7:$T$86=공수2!$T$2)*(공수2!$T$7:$T$86<>"")*(반배정!$I$7:$I$86=설정!$B$6))/COUNTIFS(반배정!$I$7:$I$86,설정!$B$6,공수2!$Y$7:$Y$86,">=0"),"")) | K46: =IF(F46="","",IFERROR(SUMPRODUCT((공수2!$T$7:$T$86=공수2!$T$2)*(공수2!$T$7:$T$86<>"")*(반배정!$I$7:$I$86=설정!$B$7))/COUNTIFS(반배정!$I$7:$I$86,설정!$B$7,공수2!$Y$7:$Y$86,">=0"),"")) | L46: =IF(F46="","",IFERROR(SUMPRODUCT((공수2!$T$7:$T$86=공수2!$T$2)*(공수2!$T$7:$T$86<>"")*(반배정!$I$7:$I$86=설정!$B$8))/COUNTIFS(반배정!$I$7:$I$86,설정!$B$8,공수2!$Y$7:$Y$86,">=0"),"")) | M46: =IF(OR(J46="",L46=""),"",J46-L46) | N46: =IF(I46="","",IF(AND(M46<>"",M46<0),"역변별·문항검토",IF(I46>=0.9,"매우 쉬움",IF(I46<=0.15,"매우 어려움",IF(AND(M46<>"",M46<0.2),"변별력 낮음","양호"))))) | O46: - | P46: - | Q46: - | R46: - | S46: -
A47: 18 | B47: 단답형 | C47: =공수2!U4 -> 함수와 그래프 | D47: =공수2!U5 -> 상 | E47: =공수2!U3 -> 5 | F47: =IF(공수2!$U$2="","",공수2!$U$2) | G47: =COUNT(공수2!$Y$7:$Y$86) -> 0 | H47: =IF(F47="","",SUMPRODUCT((공수2!$U$7:$U$86=공수2!$U$2)*(공수2!$U$7:$U$86<>""))) | I47: =IF(OR(F47="",G47=0),"",H47/G47) | J47: =IF(F47="","",IFERROR(SUMPRODUCT((공수2!$U$7:$U$86=공수2!$U$2)*(공수2!$U$7:$U$86<>"")*(반배정!$I$7:$I$86=설정!$B$6))/COUNTIFS(반배정!$I$7:$I$86,설정!$B$6,공수2!$Y$7:$Y$86,">=0"),"")) | K47: =IF(F47="","",IFERROR(SUMPRODUCT((공수2!$U$7:$U$86=공수2!$U$2)*(공수2!$U$7:$U$86<>"")*(반배정!$I$7:$I$86=설정!$B$7))/COUNTIFS(반배정!$I$7:$I$86,설정!$B$7,공수2!$Y$7:$Y$86,">=0"),"")) | L47: =IF(F47="","",IFERROR(SUMPRODUCT((공수2!$U$7:$U$86=공수2!$U$2)*(공수2!$U$7:$U$86<>"")*(반배정!$I$7:$I$86=설정!$B$8))/COUNTIFS(반배정!$I$7:$I$86,설정!$B$8,공수2!$Y$7:$Y$86,">=0"),"")) | M47: =IF(OR(J47="",L47=""),"",J47-L47) | N47: =IF(I47="","",IF(AND(M47<>"",M47<0),"역변별·문항검토",IF(I47>=0.9,"매우 쉬움",IF(I47<=0.15,"매우 어려움",IF(AND(M47<>"",M47<0.2),"변별력 낮음","양호"))))) | O47: - | P47: - | Q47: - | R47: - | S47: -
A48: 19 | B48: 단답형 | C48: =공수2!V4 -> 함수와 그래프 | D48: =공수2!V5 -> 상 | E48: =공수2!V3 -> 5 | F48: =IF(공수2!$V$2="","",공수2!$V$2) | G48: =COUNT(공수2!$Y$7:$Y$86) -> 0 | H48: =IF(F48="","",SUMPRODUCT((공수2!$V$7:$V$86=공수2!$V$2)*(공수2!$V$7:$V$86<>""))) | I48: =IF(OR(F48="",G48=0),"",H48/G48) | J48: =IF(F48="","",IFERROR(SUMPRODUCT((공수2!$V$7:$V$86=공수2!$V$2)*(공수2!$V$7:$V$86<>"")*(반배정!$I$7:$I$86=설정!$B$6))/COUNTIFS(반배정!$I$7:$I$86,설정!$B$6,공수2!$Y$7:$Y$86,">=0"),"")) | K48: =IF(F48="","",IFERROR(SUMPRODUCT((공수2!$V$7:$V$86=공수2!$V$2)*(공수2!$V$7:$V$86<>"")*(반배정!$I$7:$I$86=설정!$B$7))/COUNTIFS(반배정!$I$7:$I$86,설정!$B$7,공수2!$Y$7:$Y$86,">=0"),"")) | L48: =IF(F48="","",IFERROR(SUMPRODUCT((공수2!$V$7:$V$86=공수2!$V$2)*(공수2!$V$7:$V$86<>"")*(반배정!$I$7:$I$86=설정!$B$8))/COUNTIFS(반배정!$I$7:$I$86,설정!$B$8,공수2!$Y$7:$Y$86,">=0"),"")) | M48: =IF(OR(J48="",L48=""),"",J48-L48) | N48: =IF(I48="","",IF(AND(M48<>"",M48<0),"역변별·문항검토",IF(I48>=0.9,"매우 쉬움",IF(I48<=0.15,"매우 어려움",IF(AND(M48<>"",M48<0.2),"변별력 낮음","양호"))))) | O48: - | P48: - | Q48: - | R48: - | S48: -
A49: 20 | B49: 단답형 | C49: =공수2!W4 -> 함수와 그래프 | D49: =공수2!W5 -> 최상 | E49: =공수2!W3 -> 5 | F49: =IF(공수2!$W$2="","",공수2!$W$2) | G49: =COUNT(공수2!$Y$7:$Y$86) -> 0 | H49: =IF(F49="","",SUMPRODUCT((공수2!$W$7:$W$86=공수2!$W$2)*(공수2!$W$7:$W$86<>""))) | I49: =IF(OR(F49="",G49=0),"",H49/G49) | J49: =IF(F49="","",IFERROR(SUMPRODUCT((공수2!$W$7:$W$86=공수2!$W$2)*(공수2!$W$7:$W$86<>"")*(반배정!$I$7:$I$86=설정!$B$6))/COUNTIFS(반배정!$I$7:$I$86,설정!$B$6,공수2!$Y$7:$Y$86,">=0"),"")) | K49: =IF(F49="","",IFERROR(SUMPRODUCT((공수2!$W$7:$W$86=공수2!$W$2)*(공수2!$W$7:$W$86<>"")*(반배정!$I$7:$I$86=설정!$B$7))/COUNTIFS(반배정!$I$7:$I$86,설정!$B$7,공수2!$Y$7:$Y$86,">=0"),"")) | L49: =IF(F49="","",IFERROR(SUMPRODUCT((공수2!$W$7:$W$86=공수2!$W$2)*(공수2!$W$7:$W$86<>"")*(반배정!$I$7:$I$86=설정!$B$8))/COUNTIFS(반배정!$I$7:$I$86,설정!$B$8,공수2!$Y$7:$Y$86,">=0"),"")) | M49: =IF(OR(J49="",L49=""),"",J49-L49) | N49: =IF(I49="","",IF(AND(M49<>"",M49<0),"역변별·문항검토",IF(I49>=0.9,"매우 쉬움",IF(I49<=0.15,"매우 어려움",IF(AND(M49<>"",M49<0.2),"변별력 낮음","양호"))))) | O49: - | P49: - | Q49: - | R49: - | S49: -
