Workbook

Sheet 설정
A1: 예비고1 반편성고사 — 설정
A2: 노란 칸만 입력하세요. 반 이름·정원·반영비율·단원명을 바꾸면 모든 시트에 자동 반영됩니다. 정답·배점·단원·난이도는 '공수1', '공수2' 시트 위쪽(2~5행)에서 입력합니다.
A4: ① 반 배정 기준 (절대평가)
A5: 순서 | B5: 반 이름 | C5: 공수1 이상 | D5: 합계 이상 | E5: 한 과목 이하 | F5: 합계 이하 | H5: · 점수(100점 만점)로 판정. 한 줄 안의 조건은 '하나라도' 맞으면 그 반(또는) · 위 순위부터 차례로 확인해 처음 맞는 반에 배정, 조건이 모두 빈 줄은 '나머지' · 합계 = 공수1 + 공수2, 한 과목 이하 = 공수1·공수2 중 하나라도 그 점수 이하 · 예) TF1반: 공수1 51점 이상 또는 합계 120점 이상
A6: 1순위 | B6: TF1반 | C6: 51 | D6: 120
A7: 2순위 | B7: HF반 | E7: 20 | F7: 60
A8: 3순위 | B8: TF2반
A9: 그 외 | B9: 보류 | C9: 미응시 과목이 있어 위 기준으로 정할 수 없으면 보류 → 상담 후 수동 배정
A11: ② 점수 반영
B12: 항목 | C12: 값
B13: 공통수학1 반영비율 | C13: 1 | E13: 환산총점(석차·참고용) = 공수1 점수×비율 + 공수2 점수×비율
B14: 공통수학2 반영비율 | C14: 1 | E14: 반 배정은 ①의 기준(과목 점수·합계)으로만 결정
B15: 경계 범위(점) | C15: 3 | E15: 과목 점수나 합계가 ①의 기준 점수와 이 값 이내로 차이 나면 '경계'로 표시 → 상담·재검토 대상
A17: ③ 단원 목록 · 출제 설계 확인
A18: 과목 | B18: 단원 | C18: 문항 수 | D18: 배점 합 | E18: 포함 내용(2022 개정)
A19: 공통수학1 | B19: 다항식 | C19: =COUNTIF('공수1'!$D$4:$W$4,B19) | D19: =SUMIF('공수1'!$D$4:$W$4,B19,'공수1'!$D$3:$W$3) | E19: 다항식의 연산, 나머지정리, 인수분해
A20: 공통수학1 | B20: 방정식과 부등식 | C20: =COUNTIF('공수1'!$D$4:$W$4,B20) | D20: =SUMIF('공수1'!$D$4:$W$4,B20,'공수1'!$D$3:$W$3) | E20: 복소수, 이차방정식, 이차함수, 여러 가지 방정식·부등식
A21: 공통수학1 | B21: 경우의 수 | C21: =COUNTIF('공수1'!$D$4:$W$4,B21) | D21: =SUMIF('공수1'!$D$4:$W$4,B21,'공수1'!$D$3:$W$3) | E21: 합·곱의 법칙, 순열, 조합
A22: 공통수학1 | B22: 행렬 | C22: =COUNTIF('공수1'!$D$4:$W$4,B22) | D22: =SUMIF('공수1'!$D$4:$W$4,B22,'공수1'!$D$3:$W$3) | E22: 행렬과 그 연산
A23: 공통수학1 | B23: 합계 | C23: =SUM(C19:C22) | D23: =SUM(D19:D22) | E23: ← 문항 수 20, 배점 합 100인지 확인
A24: 공통수학2 | B24: 도형의 방정식 | C24: =COUNTIF('공수2'!$D$4:$W$4,B24) | D24: =SUMIF('공수2'!$D$4:$W$4,B24,'공수2'!$D$3:$W$3) | E24: 평면좌표, 직선·원의 방정식, 도형의 이동
A25: 공통수학2 | B25: 집합과 명제 | C25: =COUNTIF('공수2'!$D$4:$W$4,B25) | D25: =SUMIF('공수2'!$D$4:$W$4,B25,'공수2'!$D$3:$W$3) | E25: 집합, 명제
A26: 공통수학2 | B26: 함수와 그래프 | C26: =COUNTIF('공수2'!$D$4:$W$4,B26) | D26: =SUMIF('공수2'!$D$4:$W$4,B26,'공수2'!$D$3:$W$3) | E26: 함수, 합성·역함수, 유리·무리함수
A27: 공통수학2 | B27: 합계 | C27: =SUM(C24:C26) | D27: =SUM(D24:D26) | E27: ← 문항 수 20, 배점 합 100인지 확인
A30: ④ 학부모 보고서 설정
A31: 항목 | B31: 값
A32: 학원명 | B32: OO수학학원
A33: 보고서 제목 | B33: 예비고1 진단평가 결과 보고서
A34: 시험일 | B34: 2026년 12월 00일
A35: 전체 평균 표시 | B35: 표시 | F35: '숨김'이면 보고서에 평균을 싣지 않음
A36: '매우 우수' 기준(득점률 %) | B36: 85
A37: '우수' 기준(득점률 %) | B37: 70
A38: '양호' 기준(득점률 %) | B38: 50 | F38: 득점률이 '양호' 기준 미만이면 '보완 필요'
A39: 상담 안내 문구 | B39: 보고서를 받아보신 뒤 개별 상담을 진행합니다. 상담 일정은 담당 선생님께서 개별적으로 연락드리겠습니다.
A40: 학원 연락처 | B40: 02-000-0000
A43: ⑤ 단원별 학습 제언 (보완이 필요한 단원에 자동 기재)
A44: 단원 | B44: 학습 제언 문구
A45: =B19 | B45: 다항식의 연산과 나머지정리, 인수분해 공식을 정확하고 빠르게 적용하는 연습이 필요합니다.
A46: =B20 | B46: 복소수 계산과 이차방정식·이차함수의 관계를 그래프와 연결해 이해하는 학습이 필요합니다.
A47: =B21 | B47: 합·곱의 법칙과 순열·조합을 구분하는 기준을 정리하고, 빠짐없이 중복 없이 세는 연습이 필요합니다.
A48: =B22 | B48: 행렬의 연산 규칙을 정확히 익히고, 계산 과정에서의 실수를 줄이는 연습이 필요합니다.
A49: =B24 | B49: 좌표와 식을 연결하는 연습, 특히 직선·원의 방정식과 도형의 이동을 그림과 함께 해석하는 훈련이 필요합니다.
A50: =B25 | B50: 용어와 기호의 정확한 의미를 정리하고, 명제의 참·거짓을 논리적으로 판단하는 연습이 필요합니다.
A51: =B26 | B51: 함수의 정의와 합성함수·역함수 개념을 정리하고, 유리·무리함수의 그래프를 직접 그려 보는 학습이 필요합니다.
A53: ⑥ 공통수학반 소개 (공통수학 시험 결과로 배정 · 학부모 보고서 문구 · 선택 목록)
A54: 공통수학반 이름 | B54: 소개 문구
A55: =B6 | B55: 공통수학1·2의 탄탄한 기초를 바탕으로 개념 심화와 고난도 문항 해결력, 고1 내신 상위권 대비까지 진행하는 반입니다.
A56: =B7 | B56: 중등 연계 개념부터 차근차근 점검하며, 공통수학1·2의 핵심 개념과 기본 유형을 확실히 다지는 반입니다.
A57: =B8 | B57: 공통수학1·2의 개념을 체계적으로 정리하고 유형별 문제 해결력을 키워, 두 과목의 균형을 맞추는 반입니다.
F58: ← 공통수학반이 더 있으면 반 이름과 소개를 추가
A62: ⑦ 선행 과목반 소개 (학습 진도에 따라 1과목 선택 · 학부모 보고서 문구 · 선택 목록)
A63: 선행 과목반 이름 | B63: 소개 문구
F64: ← 선행 과목반 이름·소개가 정해지면 입력(예: 대수반). 비어 있어도 보고서는 '상담을 통해 안내'로 표시

Sheet 학생명단
A1: 학생 명단
A2: 노란 칸에 학생 정보를 입력하세요. 여기 입력한 순서(행)가 공수1·공수2·반배정 시트의 행과 그대로 연결됩니다. 7행은 예시이니 지우고 사용하세요. 기존 반명: 재원생은 현재 반, 신규 학생은 '신규'.
A6: No | B6: 이름 | C6: 학교 | D6: 구분 | E6: 기존 반명 | F6: 학습 진도 | G6: 현재 등원 요일 | H6: 성취도 | I6: 공통수학1 | J6: 공통수학2 | K6: 자사/일반
A7: 1 | B7: 홍길동(예시) | C7: OO중 | D7: 외부 | E7: 신규 | F7: 공통수학까지 | G7: 월수금 | I7: =IF('공수1'!Y7="","",'공수1'!Y7) | J7: =IF('공수2'!Y7="","",'공수2'!Y7)
A8: 2 | I8: =IF('공수1'!Y8="","",'공수1'!Y8) | J8: =IF('공수2'!Y8="","",'공수2'!Y8)
A9: 3 | I9: =IF('공수1'!Y9="","",'공수1'!Y9) | J9: =IF('공수2'!Y9="","",'공수2'!Y9)
A10: 4 | I10: =IF('공수1'!Y10="","",'공수1'!Y10) | J10: =IF('공수2'!Y10="","",'공수2'!Y10)
A11: 5 | I11: =IF('공수1'!Y11="","",'공수1'!Y11) | J11: =IF('공수2'!Y11="","",'공수2'!Y11)
A12: 6 | I12: =IF('공수1'!Y12="","",'공수1'!Y12) | J12: =IF('공수2'!Y12="","",'공수2'!Y12)
A13: 7 | I13: =IF('공수1'!Y13="","",'공수1'!Y13) | J13: =IF('공수2'!Y13="","",'공수2'!Y13)
A14: 8 | I14: =IF('공수1'!Y14="","",'공수1'!Y14) | J14: =IF('공수2'!Y14="","",'공수2'!Y14)
A15: 9 | I15: =IF('공수1'!Y15="","",'공수1'!Y15) | J15: =IF('공수2'!Y15="","",'공수2'!Y15)
A16: 10 | I16: =IF('공수1'!Y16="","",'공수1'!Y16) | J16: =IF('공수2'!Y16="","",'공수2'!Y16)
A17: 11 | I17: =IF('공수1'!Y17="","",'공수1'!Y17) | J17: =IF('공수2'!Y17="","",'공수2'!Y17)
A18: 12 | I18: =IF('공수1'!Y18="","",'공수1'!Y18) | J18: =IF('공수2'!Y18="","",'공수2'!Y18)
A19: 13 | I19: =IF('공수1'!Y19="","",'공수1'!Y19) | J19: =IF('공수2'!Y19="","",'공수2'!Y19)
... A156: 150 | I156: =IF('공수1'!Y156="","",'공수1'!Y156) | J156: =IF('공수2'!Y156="","",'공수2'!Y156)

Sheet 공수1
A1: 공통수학1 채점표 | D1: 객관식 1~14번: 학생이 고른 번호(1~5, 답안지 스캔으로 자동 입력 가능) 단답형 15~20번: 직접 채점해 맞으면 1, 틀리면 0 → 틀린 칸은 빨간색, 점수 자동 계산. 결시생은 비워두면 미응시 처리.
A2: 정답 ▶ | D2: 4 | E2: 2 | F2: 3 | G2: 5 | H2: 1 | I2: 3 | J2: 4 | K2: 2 | L2: 5 | M2: 1 | N2: 2 | O2: 3 | P2: 4 | Q2: 5 | R2: 1 | S2: 1 | T2: 1 | U2: 1 | V2: 1 | W2: 1
A3: 배점 ▶ | D3: 3 | E3: 3 | F3: 3 | G3: 4 | H3: 4 | I3: 4 | J3: 5 | K3: 5 | L3: 5 | M3: 6 | N3: 6 | O3: 6 | P3: 6 | Q3: 6 | R3: 5 | S3: 5 | T3: 5 | U3: 6 | V3: 6 | W3: 7 | X3: =COUNT(D2:W2) | Y3: =SUM(D3:W3) | Z3: =SUMIF($D$4:$W$4,Z$6,$D$3:$W$3) | AA3: =SUMIF($D$4:$W$4,AA$6,$D$3:$W$3) | AB3: =SUMIF($D$4:$W$4,AB$6,$D$3:$W$3) | AC3: =SUMIF($D$4:$W$4,AC$6,$D$3:$W$3)
A4: 단원 ▶ | D4: 다항식 | E4: 행렬 | F4: 방정식과 부등식 | G4: 방정식과 부등식 | H4: 다항식 | I4: 방정식과 부등식 | J4: 방정식과 부등식 | K4: 경우의 수 | L4: 방정식과 부등식 | M4: 행렬 | N4: 경우의 수 | O4: 방정식과 부등식 | P4: 다항식 | Q4: 방정식과 부등식 | R4: 방정식과 부등식 | S4: 경우의 수 | T4: 다항식 | U4: 행렬 | V4: 방정식과 부등식 | W4: 다항식
A5: 난이도 ▶ | D5: 하 | E5: 하 | F5: 하 | G5: 중하 | H5: 중하 | I5: 중하 | J5: 중상 | K5: 중상 | L5: 중상 | M5: 상 | N5: 상 | O5: 상 | P5: 최상 | Q5: 최상 | R5: 중상 | S5: 중상 | T5: 중상 | U5: 상 | V5: 최상 | W5: 최상 | X5: 정답입력수▲ | Y5: 만점 ▲ | Z5: 만점 ▲ | AA5: 만점 ▲ | AB5: 만점 ▲ | AC5: 만점 ▲
A6: No | B6: 이름 | C6: 학교 | D6: 1 객관식 | E6: 2 객관식 | F6: 3 객관식 | G6: 4 객관식 | H6: 5 객관식 | I6: 6 객관식 | J6: 7 객관식 | K6: 8 객관식 | L6: 9 객관식 | M6: 10 객관식 | N6: 11 객관식 | O6: 12 객관식 | P6: 13 객관식 | Q6: 14 객관식 | R6: 15 단답형 답 24 | S6: 16 단답형 답 864 | T6: 17 단답형 답 8 | U6: 18 단답형 답 76 | V6: 19 단답형 답 27 | W6: 20 단답형 답 65 | X6: 맞힌 개수 | Y6: 총점 | Z6: ='설정'!B19 | AA6: ='설정'!B20 | AB6: ='설정'!B21 | AC6: ='설정'!B22
A7: 1 | B7: =IF('학생명단'!B7="","",'학생명단'!B7) | C7: =IF('학생명단'!C7="","",'학생명단'!C7) | X7: =IF(COUNTA(D7:W7)=0,"",SUMPRODUCT((D7:W7=$D$2:$W$2)*(D7:W7<>""))) | Y7: =IF(COUNTA(D7:W7)=0,"",SUMPRODUCT((D7:W7=$D$2:$W$2)*(D7:W7<>"")*$D$3:$W$3)) | Z7: =IF($Y7="","",SUMPRODUCT(($D7:$W7=$D$2:$W$2)*($D7:$W7<>"")*$D$3:$W$3*($D$4:$W$4=Z$6))) | AA7: =IF($Y7="","",SUMPRODUCT(($D7:$W7=$D$2:$W$2)*($D7:$W7<>"")*$D$3:$W$3*($D$4:$W$4=AA$6))) | AB7: =IF($Y7="","",SUMPRODUCT(($D7:$W7=$D$2:$W$2)*($D7:$W7<>"")*$D$3:$W$3*($D$4:$W$4=AB$6))) | AC7: =IF($Y7="","",SUMPRODUCT(($D7:$W7=$D$2:$W$2)*($D7:$W7<>"")*$D$3:$W$3*($D$4:$W$4=AC$6)))
A8: 2 | B8: =IF('학생명단'!B8="","",'학생명단'!B8) | C8: =IF('학생명단'!C8="","",'학생명단'!C8) | X8: =IF(COUNTA(D8:W8)=0,"",SUMPRODUCT((D8:W8=$D$2:$W$2)*(D8:W8<>""))) | Y8: =IF(COUNTA(D8:W8)=0,"",SUMPRODUCT((D8:W8=$D$2:$W$2)*(D8:W8<>"")*$D$3:$W$3)) | Z8: =IF($Y8="","",SUMPRODUCT(($D8:$W8=$D$2:$W$2)*($D8:$W8<>"")*$D$3:$W$3*($D$4:$W$4=Z$6))) | AA8: =IF($Y8="","",SUMPRODUCT(($D8:$W8=$D$2:$W$2)*($D8:$W8<>"")*$D$3:$W$3*($D$4:$W$4=AA$6))) | AB8: =IF($Y8="","",SUMPRODUCT(($D8:$W8=$D$2:$W$2)*($D8:$W8<>"")*$D$3:$W$3*($D$4:$W$4=AB$6))) | AC8: =IF($Y8="","",SUMPRODUCT(($D8:$W8=$D$2:$W$2)*($D8:$W8<>"")*$D$3:$W$3*($D$4:$W$4=AC$6)))
A9: 3 | B9: =IF('학생명단'!B9="","",'학생명단'!B9) | C9: =IF('학생명단'!C9="","",'학생명단'!C9) | X9: =IF(COUNTA(D9:W9)=0,"",SUMPRODUCT((D9:W9=$D$2:$W$2)*(D9:W9<>""))) | Y9: =IF(COUNTA(D9:W9)=0,"",SUMPRODUCT((D9:W9=$D$2:$W$2)*(D9:W9<>"")*$D$3:$W$3)) | Z9: =IF($Y9="","",SUMPRODUCT(($D9:$W9=$D$2:$W$2)*($D9:$W9<>"")*$D$3:$W$3*($D$4:$W$4=Z$6))) | AA9: =IF($Y9="","",SUMPRODUCT(($D9:$W9=$D$2:$W$2)*($D9:$W9<>"")*$D$3:$W$3*($D$4:$W$4=AA$6))) | AB9: =IF($Y9="","",SUMPRODUCT(($D9:$W9=$D$2:$W$2)*($D9:$W9<>"")*$D$3:$W$3*($D$4:$W$4=AB$6))) | AC9: =IF($Y9="","",SUMPRODUCT(($D9:$W9=$D$2:$W$2)*($D9:$W9<>"")*$D$3:$W$3*($D$4:$W$4=AC$6)))
A10: 4 | B10: =IF('학생명단'!B10="","",'학생명단'!B10) | C10: =IF('학생명단'!C10="","",'학생명단'!C10) | X10: =IF(COUNTA(D10:W10)=0,"",SUMPRODUCT((D10:W10=$D$2:$W$2)*(D10:W10<>""))) | Y10: =IF(COUNTA(D10:W10)=0,"",SUMPRODUCT((D10:W10=$D$2:$W$2)*(D10:W10<>"")*$D$3:$W$3)) | Z10: =IF($Y10="","",SUMPRODUCT(($D10:$W10=$D$2:$W$2)*($D10:$W10<>"")*$D$3:$W$3*($D$4:$W$4=Z$6))) | AA10: =IF($Y10="","",SUMPRODUCT(($D10:$W10=$D$2:$W$2)*($D10:$W10<>"")*$D$3:$W$3*($D$4:$W$4=AA$6))) | AB10: =IF($Y10="","",SUMPRODUCT(($D10:$W10=$D$2:$W$2)*($D10:$W10<>"")*$D$3:$W$3*($D$4:$W$4=AB$6))) | AC10: =IF($Y10="","",SUMPRODUCT(($D10:$W10=$D$2:$W$2)*($D10:$W10<>"")*$D$3:$W$3*($D$4:$W$4=AC$6)))
A11: 5 | B11: =IF('학생명단'!B11="","",'학생명단'!B11) | C11: =IF('학생명단'!C11="","",'학생명단'!C11) | X11: =IF(COUNTA(D11:W11)=0,"",SUMPRODUCT((D11:W11=$D$2:$W$2)*(D11:W11<>""))) | Y11: =IF(COUNTA(D11:W11)=0,"",SUMPRODUCT((D11:W11=$D$2:$W$2)*(D11:W11<>"")*$D$3:$W$3)) | Z11: =IF($Y11="","",SUMPRODUCT(($D11:$W11=$D$2:$W$2)*($D11:$W11<>"")*$D$3:$W$3*($D$4:$W$4=Z$6))) | AA11: =IF($Y11="","",SUMPRODUCT(($D11:$W11=$D$2:$W$2)*($D11:$W11<>"")*$D$3:$W$3*($D$4:$W$4=AA$6))) | AB11: =IF($Y11="","",SUMPRODUCT(($D11:$W11=$D$2:$W$2)*($D11:$W11<>"")*$D$3:$W$3*($D$4:$W$4=AB$6))) | AC11: =IF($Y11="","",SUMPRODUCT(($D11:$W11=$D$2:$W$2)*($D11:$W11<>"")*$D$3:$W$3*($D$4:$W$4=AC$6)))
A12: 6 | B12: =IF('학생명단'!B12="","",'학생명단'!B12) | C12: =IF('학생명단'!C12="","",'학생명단'!C12) | X12: =IF(COUNTA(D12:W12)=0,"",SUMPRODUCT((D12:W12=$D$2:$W$2)*(D12:W12<>""))) | Y12: =IF(COUNTA(D12:W12)=0,"",SUMPRODUCT((D12:W12=$D$2:$W$2)*(D12:W12<>"")*$D$3:$W$3)) | Z12: =IF($Y12="","",SUMPRODUCT(($D12:$W12=$D$2:$W$2)*($D12:$W12<>"")*$D$3:$W$3*($D$4:$W$4=Z$6))) | AA12: =IF($Y12="","",SUMPRODUCT(($D12:$W12=$D$2:$W$2)*($D12:$W12<>"")*$D$3:$W$3*($D$4:$W$4=AA$6))) | AB12: =IF($Y12="","",SUMPRODUCT(($D12:$W12=$D$2:$W$2)*($D12:$W12<>"")*$D$3:$W$3*($D$4:$W$4=AB$6))) | AC12: =IF($Y12="","",SUMPRODUCT(($D12:$W12=$D$2:$W$2)*($D12:$W12<>"")*$D$3:$W$3*($D$4:$W$4=AC$6)))
A13: 7 | B13: =IF('학생명단'!B13="","",'학생명단'!B13) | C13: =IF('학생명단'!C13="","",'학생명단'!C13) | X13: =IF(COUNTA(D13:W13)=0,"",SUMPRODUCT((D13:W13=$D$2:$W$2)*(D13:W13<>""))) | Y13: =IF(COUNTA(D13:W13)=0,"",SUMPRODUCT((D13:W13=$D$2:$W$2)*(D13:W13<>"")*$D$3:$W$3)) | Z13: =IF($Y13="","",SUMPRODUCT(($D13:$W13=$D$2:$W$2)*($D13:$W13<>"")*$D$3:$W$3*($D$4:$W$4=Z$6))) | AA13: =IF($Y13="","",SUMPRODUCT(($D13:$W13=$D$2:$W$2)*($D13:$W13<>"")*$D$3:$W$3*($D$4:$W$4=AA$6))) | AB13: =IF($Y13="","",SUMPRODUCT(($D13:$W13=$D$2:$W$2)*($D13:$W13<>"")*$D$3:$W$3*($D$4:$W$4=AB$6))) | AC13: =IF($Y13="","",SUMPRODUCT(($D13:$W13=$D$2:$W$2)*($D13:$W13<>"")*$D$3:$W$3*($D$4:$W$4=AC$6)))
A14: 8 | B14: =IF('학생명단'!B14="","",'학생명단'!B14) | C14: =IF('학생명단'!C14="","",'학생명단'!C14) | X14: =IF(COUNTA(D14:W14)=0,"",SUMPRODUCT((D14:W14=$D$2:$W$2)*(D14:W14<>""))) | Y14: =IF(COUNTA(D14:W14)=0,"",SUMPRODUCT((D14:W14=$D$2:$W$2)*(D14:W14<>"")*$D$3:$W$3)) | Z14: =IF($Y14="","",SUMPRODUCT(($D14:$W14=$D$2:$W$2)*($D14:$W14<>"")*$D$3:$W$3*($D$4:$W$4=Z$6))) | AA14: =IF($Y14="","",SUMPRODUCT(($D14:$W14=$D$2:$W$2)*($D14:$W14<>"")*$D$3:$W$3*($D$4:$W$4=AA$6))) | AB14: =IF($Y14="","",SUMPRODUCT(($D14:$W14=$D$2:$W$2)*($D14:$W14<>"")*$D$3:$W$3*($D$4:$W$4=AB$6))) | AC14: =IF($Y14="","",SUMPRODUCT(($D14:$W14=$D$2:$W$2)*($D14:$W14<>"")*$D$3:$W$3*($D$4:$W$4=AC$6)))
A15: 9 | B15: =IF('학생명단'!B15="","",'학생명단'!B15) | C15: =IF('학생명단'!C15="","",'학생명단'!C15) | X15: =IF(COUNTA(D15:W15)=0,"",SUMPRODUCT((D15:W15=$D$2:$W$2)*(D15:W15<>""))) | Y15: =IF(COUNTA(D15:W15)=0,"",SUMPRODUCT((D15:W15=$D$2:$W$2)*(D15:W15<>"")*$D$3:$W$3)) | Z15: =IF($Y15="","",SUMPRODUCT(($D15:$W15=$D$2:$W$2)*($D15:$W15<>"")*$D$3:$W$3*($D$4:$W$4=Z$6))) | AA15: =IF($Y15="","",SUMPRODUCT(($D15:$W15=$D$2:$W$2)*($D15:$W15<>"")*$D$3:$W$3*($D$4:$W$4=AA$6))) | AB15: =IF($Y15="","",SUMPRODUCT(($D15:$W15=$D$2:$W$2)*($D15:$W15<>"")*$D$3:$W$3*($D$4:$W$4=AB$6))) | AC15: =IF($Y15="","",SUMPRODUCT(($D15:$W15=$D$2:$W$2)*($D15:$W15<>"")*$D$3:$W$3*($D$4:$W$4=AC$6)))
A16: 10 | B16: =IF('학생명단'!B16="","",'학생명단'!B16) | C16: =IF('학생명단'!C16="","",'학생명단'!C16) | X16: =IF(COUNTA(D16:W16)=0,"",SUMPRODUCT((D16:W16=$D$2:$W$2)*(D16:W16<>""))) | Y16: =IF(COUNTA(D16:W16)=0,"",SUMPRODUCT((D16:W16=$D$2:$W$2)*(D16:W16<>"")*$D$3:$W$3)) | Z16: =IF($Y16="","",SUMPRODUCT(($D16:$W16=$D$2:$W$2)*($D16:$W16<>"")*$D$3:$W$3*($D$4:$W$4=Z$6))) | AA16: =IF($Y16="","",SUMPRODUCT(($D16:$W16=$D$2:$W$2)*($D16:$W16<>"")*$D$3:$W$3*($D$4:$W$4=AA$6))) | AB16: =IF($Y16="","",SUMPRODUCT(($D16:$W16=$D$2:$W$2)*($D16:$W16<>"")*$D$3:$W$3*($D$4:$W$4=AB$6))) | AC16: =IF($Y16="","",SUMPRODUCT(($D16:$W16=$D$2:$W$2)*($D16:$W16<>"")*$D$3:$W$3*($D$4:$W$4=AC$6)))
A17: 11 | B17: =IF('학생명단'!B17="","",'학생명단'!B17) | C17: =IF('학생명단'!C17="","",'학생명단'!C17) | X17: =IF(COUNTA(D17:W17)=0,"",SUMPRODUCT((D17:W17=$D$2:$W$2)*(D17:W17<>""))) | Y17: =IF(COUNTA(D17:W17)=0,"",SUMPRODUCT((D17:W17=$D$2:$W$2)*(D17:W17<>"")*$D$3:$W$3)) | Z17: =IF($Y17="","",SUMPRODUCT(($D17:$W17=$D$2:$W$2)*($D17:$W17<>"")*$D$3:$W$3*($D$4:$W$4=Z$6))) | AA17: =IF($Y17="","",SUMPRODUCT(($D17:$W17=$D$2:$W$2)*($D17:$W17<>"")*$D$3:$W$3*($D$4:$W$4=AA$6))) | AB17: =IF($Y17="","",SUMPRODUCT(($D17:$W17=$D$2:$W$2)*($D17:$W17<>"")*$D$3:$W$3*($D$4:$W$4=AB$6))) | AC17: =IF($Y17="","",SUMPRODUCT(($D17:$W17=$D$2:$W$2)*($D17:$W17<>"")*$D$3:$W$3*($D$4:$W$4=AC$6)))
A18: 12 | B18: =IF('학생명단'!B18="","",'학생명단'!B18) | C18: =IF('학생명단'!C18="","",'학생명단'!C18) | X18: =IF(COUNTA(D18:W18)=0,"",SUMPRODUCT((D18:W18=$D$2:$W$2)*(D18:W18<>""))) | Y18: =IF(COUNTA(D18:W18)=0,"",SUMPRODUCT((D18:W18=$D$2:$W$2)*(D18:W18<>"")*$D$3:$W$3)) | Z18: =IF($Y18="","",SUMPRODUCT(($D18:$W18=$D$2:$W$2)*($D18:$W18<>"")*$D$3:$W$3*($D$4:$W$4=Z$6))) | AA18: =IF($Y18="","",SUMPRODUCT(($D18:$W18=$D$2:$W$2)*($D18:$W18<>"")*$D$3:$W$3*($D$4:$W$4=AA$6))) | AB18: =IF($Y18="","",SUMPRODUCT(($D18:$W18=$D$2:$W$2)*($D18:$W18<>"")*$D$3:$W$3*($D$4:$W$4=AB$6))) | AC18: =IF($Y18="","",SUMPRODUCT(($D18:$W18=$D$2:$W$2)*($D18:$W18<>"")*$D$3:$W$3*($D$4:$W$4=AC$6)))
... A156: 150 | B156: =IF('학생명단'!B156="","",'학생명단'!B156) | C156: =IF('학생명단'!C156="","",'학생명단'!C156) | X156: =IF(COUNTA(D156:W156)=0,"",SUMPRODUCT((D156:W156=$D$2:$W$2)*(D156:W156<>""))) | Y156: =IF(COUNTA(D156:W156)=0,"",SUMPRODUCT((D156:W156=$D$2:$W$2)*(D156:W156<>"")*$D$3:$W$3)) | Z156: =IF($Y156="","",SUMPRODUCT(($D156:$W156=$D$2:$W$2)*($D156:$W156<>"")*$D$3:$W$3*($D$4:$W$4=Z$6))) | AA156: =IF($Y156="","",SUMPRODUCT(($D156:$W156=$D$2:$W$2)*($D156:$W156<>"")*$D$3:$W$3*($D$4:$W$4=AA$6))) | AB156: =IF($Y156="","",SUMPRODUCT(($D156:$W156=$D$2:$W$2)*($D156:$W156<>"")*$D$3:$W$3*($D$4:$W$4=AB$6))) | AC156: =IF($Y156="","",SUMPRODUCT(($D156:$W156=$D$2:$W$2)*($D156:$W156<>"")*$D$3:$W$3*($D$4:$W$4=AC$6)))

Sheet 공수2
A1: 공통수학2 채점표 | D1: 객관식 1~14번: 학생이 고른 번호(1~5, 답안지 스캔으로 자동 입력 가능) 단답형 15~20번: 직접 채점해 맞으면 1, 틀리면 0 → 틀린 칸은 빨간색, 점수 자동 계산. 결시생은 비워두면 미응시 처리.
A2: 정답 ▶ | D2: 2 | E2: 4 | F2: 1 | G2: 3 | H2: 5 | I2: 2 | J2: 5 | K2: 2 | L2: 4 | M2: 4 | N2: 5 | O2: 3 | P2: 1 | Q2: 1 | R2: 1 | S2: 1 | T2: 1 | U2: 1 | V2: 1 | W2: 1
A3: 배점 ▶ | D3: 4 | E3: 4 | F3: 4 | G3: 4 | H3: 4 | I3: 4 | J3: 5 | K3: 5 | L3: 5 | M3: 5 | N3: 6 | O3: 6 | P3: 6 | Q3: 7 | R3: 4 | S3: 4 | T3: 5 | U3: 5 | V3: 6 | W3: 7 | X3: =COUNT(D2:W2) | Y3: =SUM(D3:W3) | Z3: =SUMIF($D$4:$W$4,Z$6,$D$3:$W$3) | AA3: =SUMIF($D$4:$W$4,AA$6,$D$3:$W$3) | AB3: =SUMIF($D$4:$W$4,AB$6,$D$3:$W$3)
A4: 단원 ▶ | D4: 도형의 방정식 | E4: 함수와 그래프 | F4: 도형의 방정식 | G4: 도형의 방정식 | H4: 도형의 방정식 | I4: 집합과 명제 | J4: 집합과 명제 | K4: 도형의 방정식 | L4: 도형의 방정식 | M4: 함수와 그래프 | N4: 함수와 그래프 | O4: 함수와 그래프 | P4: 도형의 방정식 | Q4: 도형의 방정식 | R4: 집합과 명제 | S4: 도형의 방정식 | T4: 집합과 명제 | U4: 함수와 그래프 | V4: 집합과 명제 | W4: 함수와 그래프
A5: 난이도 ▶ | D5: 하 | E5: 하 | F5: 하 | G5: 중하 | H5: 중하 | I5: 중하 | J5: 중상 | K5: 상 | L5: 중상 | M5: 상 | N5: 상 | O5: 상 | P5: 상 | Q5: 최상 | R5: 중상 | S5: 중상 | T5: 중상 | U5: 상 | V5: 최상 | W5: 최상 | X5: 정답입력수▲ | Y5: 만점 ▲ | Z5: 만점 ▲ | AA5: 만점 ▲ | AB5: 만점 ▲
A6: No | B6: 이름 | C6: 학교 | D6: 1 객관식 | E6: 2 객관식 | F6: 3 객관식 | G6: 4 객관식 | H6: 5 객관식 | I6: 6 객관식 | J6: 7 객관식 | K6: 8 객관식 | L6: 9 객관식 | M6: 10 객관식 | N6: 11 객관식 | O6: 12 객관식 | P6: 13 객관식 | Q6: 14 객관식 | R6: 15 단답형 답 9 | S6: 16 단답형 답 160 | T6: 17 단답형 답 12 | U6: 18 단답형 답 14 | V6: 19 단답형 답 15 | W6: 20 단답형 답 13 | X6: 맞힌 개수 | Y6: 총점 | Z6: ='설정'!B24 | AA6: ='설정'!B25 | AB6: ='설정'!B26
A7: 1 | B7: =IF('학생명단'!B7="","",'학생명단'!B7) | C7: =IF('학생명단'!C7="","",'학생명단'!C7) | X7: =IF(COUNTA(D7:W7)=0,"",SUMPRODUCT((D7:W7=$D$2:$W$2)*(D7:W7<>""))) | Y7: =IF(COUNTA(D7:W7)=0,"",SUMPRODUCT((D7:W7=$D$2:$W$2)*(D7:W7<>"")*$D$3:$W$3)) | Z7: =IF($Y7="","",SUMPRODUCT(($D7:$W7=$D$2:$W$2)*($D7:$W7<>"")*$D$3:$W$3*($D$4:$W$4=Z$6))) | AA7: =IF($Y7="","",SUMPRODUCT(($D7:$W7=$D$2:$W$2)*($D7:$W7<>"")*$D$3:$W$3*($D$4:$W$4=AA$6))) | AB7: =IF($Y7="","",SUMPRODUCT(($D7:$W7=$D$2:$W$2)*($D7:$W7<>"")*$D$3:$W$3*($D$4:$W$4=AB$6)))
A8: 2 | B8: =IF('학생명단'!B8="","",'학생명단'!B8) | C8: =IF('학생명단'!C8="","",'학생명단'!C8) | X8: =IF(COUNTA(D8:W8)=0,"",SUMPRODUCT((D8:W8=$D$2:$W$2)*(D8:W8<>""))) | Y8: =IF(COUNTA(D8:W8)=0,"",SUMPRODUCT((D8:W8=$D$2:$W$2)*(D8:W8<>"")*$D$3:$W$3)) | Z8: =IF($Y8="","",SUMPRODUCT(($D8:$W8=$D$2:$W$2)*($D8:$W8<>"")*$D$3:$W$3*($D$4:$W$4=Z$6))) | AA8: =IF($Y8="","",SUMPRODUCT(($D8:$W8=$D$2:$W$2)*($D8:$W8<>"")*$D$3:$W$3*($D$4:$W$4=AA$6))) | AB8: =IF($Y8="","",SUMPRODUCT(($D8:$W8=$D$2:$W$2)*($D8:$W8<>"")*$D$3:$W$3*($D$4:$W$4=AB$6)))
A9: 3 | B9: =IF('학생명단'!B9="","",'학생명단'!B9) | C9: =IF('학생명단'!C9="","",'학생명단'!C9) | X9: =IF(COUNTA(D9:W9)=0,"",SUMPRODUCT((D9:W9=$D$2:$W$2)*(D9:W9<>""))) | Y9: =IF(COUNTA(D9:W9)=0,"",SUMPRODUCT((D9:W9=$D$2:$W$2)*(D9:W9<>"")*$D$3:$W$3)) | Z9: =IF($Y9="","",SUMPRODUCT(($D9:$W9=$D$2:$W$2)*($D9:$W9<>"")*$D$3:$W$3*($D$4:$W$4=Z$6))) | AA9: =IF($Y9="","",SUMPRODUCT(($D9:$W9=$D$2:$W$2)*($D9:$W9<>"")*$D$3:$W$3*($D$4:$W$4=AA$6))) | AB9: =IF($Y9="","",SUMPRODUCT(($D9:$W9=$D$2:$W$2)*($D9:$W9<>"")*$D$3:$W$3*($D$4:$W$4=AB$6)))
A10: 4 | B10: =IF('학생명단'!B10="","",'학생명단'!B10) | C10: =IF('학생명단'!C10="","",'학생명단'!C10) | X10: =IF(COUNTA(D10:W10)=0,"",SUMPRODUCT((D10:W10=$D$2:$W$2)*(D10:W10<>""))) | Y10: =IF(COUNTA(D10:W10)=0,"",SUMPRODUCT((D10:W10=$D$2:$W$2)*(D10:W10<>"")*$D$3:$W$3)) | Z10: =IF($Y10="","",SUMPRODUCT(($D10:$W10=$D$2:$W$2)*($D10:$W10<>"")*$D$3:$W$3*($D$4:$W$4=Z$6))) | AA10: =IF($Y10="","",SUMPRODUCT(($D10:$W10=$D$2:$W$2)*($D10:$W10<>"")*$D$3:$W$3*($D$4:$W$4=AA$6))) | AB10: =IF($Y10="","",SUMPRODUCT(($D10:$W10=$D$2:$W$2)*($D10:$W10<>"")*$D$3:$W$3*($D$4:$W$4=AB$6)))
A11: 5 | B11: =IF('학생명단'!B11="","",'학생명단'!B11) | C11: =IF('학생명단'!C11="","",'학생명단'!C11) | X11: =IF(COUNTA(D11:W11)=0,"",SUMPRODUCT((D11:W11=$D$2:$W$2)*(D11:W11<>""))) | Y11: =IF(COUNTA(D11:W11)=0,"",SUMPRODUCT((D11:W11=$D$2:$W$2)*(D11:W11<>"")*$D$3:$W$3)) | Z11: =IF($Y11="","",SUMPRODUCT(($D11:$W11=$D$2:$W$2)*($D11:$W11<>"")*$D$3:$W$3*($D$4:$W$4=Z$6))) | AA11: =IF($Y11="","",SUMPRODUCT(($D11:$W11=$D$2:$W$2)*($D11:$W11<>"")*$D$3:$W$3*($D$4:$W$4=AA$6))) | AB11: =IF($Y11="","",SUMPRODUCT(($D11:$W11=$D$2:$W$2)*($D11:$W11<>"")*$D$3:$W$3*($D$4:$W$4=AB$6)))
A12: 6 | B12: =IF('학생명단'!B12="","",'학생명단'!B12) | C12: =IF('학생명단'!C12="","",'학생명단'!C12) | X12: =IF(COUNTA(D12:W12)=0,"",SUMPRODUCT((D12:W12=$D$2:$W$2)*(D12:W12<>""))) | Y12: =IF(COUNTA(D12:W12)=0,"",SUMPRODUCT((D12:W12=$D$2:$W$2)*(D12:W12<>"")*$D$3:$W$3)) | Z12: =IF($Y12="","",SUMPRODUCT(($D12:$W12=$D$2:$W$2)*($D12:$W12<>"")*$D$3:$W$3*($D$4:$W$4=Z$6))) | AA12: =IF($Y12="","",SUMPRODUCT(($D12:$W12=$D$2:$W$2)*($D12:$W12<>"")*$D$3:$W$3*($D$4:$W$4=AA$6))) | AB12: =IF($Y12="","",SUMPRODUCT(($D12:$W12=$D$2:$W$2)*($D12:$W12<>"")*$D$3:$W$3*($D$4:$W$4=AB$6)))
A13: 7 | B13: =IF('학생명단'!B13="","",'학생명단'!B13) | C13: =IF('학생명단'!C13="","",'학생명단'!C13) | X13: =IF(COUNTA(D13:W13)=0,"",SUMPRODUCT((D13:W13=$D$2:$W$2)*(D13:W13<>""))) | Y13: =IF(COUNTA(D13:W13)=0,"",SUMPRODUCT((D13:W13=$D$2:$W$2)*(D13:W13<>"")*$D$3:$W$3)) | Z13: =IF($Y13="","",SUMPRODUCT(($D13:$W13=$D$2:$W$2)*($D13:$W13<>"")*$D$3:$W$3*($D$4:$W$4=Z$6))) | AA13: =IF($Y13="","",SUMPRODUCT(($D13:$W13=$D$2:$W$2)*($D13:$W13<>"")*$D$3:$W$3*($D$4:$W$4=AA$6))) | AB13: =IF($Y13="","",SUMPRODUCT(($D13:$W13=$D$2:$W$2)*($D13:$W13<>"")*$D$3:$W$3*($D$4:$W$4=AB$6)))
A14: 8 | B14: =IF('학생명단'!B14="","",'학생명단'!B14) | C14: =IF('학생명단'!C14="","",'학생명단'!C14) | X14: =IF(COUNTA(D14:W14)=0,"",SUMPRODUCT((D14:W14=$D$2:$W$2)*(D14:W14<>""))) | Y14: =IF(COUNTA(D14:W14)=0,"",SUMPRODUCT((D14:W14=$D$2:$W$2)*(D14:W14<>"")*$D$3:$W$3)) | Z14: =IF($Y14="","",SUMPRODUCT(($D14:$W14=$D$2:$W$2)*($D14:$W14<>"")*$D$3:$W$3*($D$4:$W$4=Z$6))) | AA14: =IF($Y14="","",SUMPRODUCT(($D14:$W14=$D$2:$W$2)*($D14:$W14<>"")*$D$3:$W$3*($D$4:$W$4=AA$6))) | AB14: =IF($Y14="","",SUMPRODUCT(($D14:$W14=$D$2:$W$2)*($D14:$W14<>"")*$D$3:$W$3*($D$4:$W$4=AB$6)))
A15: 9 | B15: =IF('학생명단'!B15="","",'학생명단'!B15) | C15: =IF('학생명단'!C15="","",'학생명단'!C15) | X15: =IF(COUNTA(D15:W15)=0,"",SUMPRODUCT((D15:W15=$D$2:$W$2)*(D15:W15<>""))) | Y15: =IF(COUNTA(D15:W15)=0,"",SUMPRODUCT((D15:W15=$D$2:$W$2)*(D15:W15<>"")*$D$3:$W$3)) | Z15: =IF($Y15="","",SUMPRODUCT(($D15:$W15=$D$2:$W$2)*($D15:$W15<>"")*$D$3:$W$3*($D$4:$W$4=Z$6))) | AA15: =IF($Y15="","",SUMPRODUCT(($D15:$W15=$D$2:$W$2)*($D15:$W15<>"")*$D$3:$W$3*($D$4:$W$4=AA$6))) | AB15: =IF($Y15="","",SUMPRODUCT(($D15:$W15=$D$2:$W$2)*($D15:$W15<>"")*$D$3:$W$3*($D$4:$W$4=AB$6)))
A16: 10 | B16: =IF('학생명단'!B16="","",'학생명단'!B16) | C16: =IF('학생명단'!C16="","",'학생명단'!C16) | X16: =IF(COUNTA(D16:W16)=0,"",SUMPRODUCT((D16:W16=$D$2:$W$2)*(D16:W16<>""))) | Y16: =IF(COUNTA(D16:W16)=0,"",SUMPRODUCT((D16:W16=$D$2:$W$2)*(D16:W16<>"")*$D$3:$W$3)) | Z16: =IF($Y16="","",SUMPRODUCT(($D16:$W16=$D$2:$W$2)*($D16:$W16<>"")*$D$3:$W$3*($D$4:$W$4=Z$6))) | AA16: =IF($Y16="","",SUMPRODUCT(($D16:$W16=$D$2:$W$2)*($D16:$W16<>"")*$D$3:$W$3*($D$4:$W$4=AA$6))) | AB16: =IF($Y16="","",SUMPRODUCT(($D16:$W16=$D$2:$W$2)*($D16:$W16<>"")*$D$3:$W$3*($D$4:$W$4=AB$6)))
A17: 11 | B17: =IF('학생명단'!B17="","",'학생명단'!B17) | C17: =IF('학생명단'!C17="","",'학생명단'!C17) | X17: =IF(COUNTA(D17:W17)=0,"",SUMPRODUCT((D17:W17=$D$2:$W$2)*(D17:W17<>""))) | Y17: =IF(COUNTA(D17:W17)=0,"",SUMPRODUCT((D17:W17=$D$2:$W$2)*(D17:W17<>"")*$D$3:$W$3)) | Z17: =IF($Y17="","",SUMPRODUCT(($D17:$W17=$D$2:$W$2)*($D17:$W17<>"")*$D$3:$W$3*($D$4:$W$4=Z$6))) | AA17: =IF($Y17="","",SUMPRODUCT(($D17:$W17=$D$2:$W$2)*($D17:$W17<>"")*$D$3:$W$3*($D$4:$W$4=AA$6))) | AB17: =IF($Y17="","",SUMPRODUCT(($D17:$W17=$D$2:$W$2)*($D17:$W17<>"")*$D$3:$W$3*($D$4:$W$4=AB$6)))
A18: 12 | B18: =IF('학생명단'!B18="","",'학생명단'!B18) | C18: =IF('학생명단'!C18="","",'학생명단'!C18) | X18: =IF(COUNTA(D18:W18)=0,"",SUMPRODUCT((D18:W18=$D$2:$W$2)*(D18:W18<>""))) | Y18: =IF(COUNTA(D18:W18)=0,"",SUMPRODUCT((D18:W18=$D$2:$W$2)*(D18:W18<>"")*$D$3:$W$3)) | Z18: =IF($Y18="","",SUMPRODUCT(($D18:$W18=$D$2:$W$2)*($D18:$W18<>"")*$D$3:$W$3*($D$4:$W$4=Z$6))) | AA18: =IF($Y18="","",SUMPRODUCT(($D18:$W18=$D$2:$W$2)*($D18:$W18<>"")*$D$3:$W$3*($D$4:$W$4=AA$6))) | AB18: =IF($Y18="","",SUMPRODUCT(($D18:$W18=$D$2:$W$2)*($D18:$W18<>"")*$D$3:$W$3*($D$4:$W$4=AB$6)))
... A156: 150 | B156: =IF('학생명단'!B156="","",'학생명단'!B156) | C156: =IF('학생명단'!C156="","",'학생명단'!C156) | X156: =IF(COUNTA(D156:W156)=0,"",SUMPRODUCT((D156:W156=$D$2:$W$2)*(D156:W156<>""))) | Y156: =IF(COUNTA(D156:W156)=0,"",SUMPRODUCT((D156:W156=$D$2:$W$2)*(D156:W156<>"")*$D$3:$W$3)) | Z156: =IF($Y156="","",SUMPRODUCT(($D156:$W156=$D$2:$W$2)*($D156:$W156<>"")*$D$3:$W$3*($D$4:$W$4=Z$6))) | AA156: =IF($Y156="","",SUMPRODUCT(($D156:$W156=$D$2:$W$2)*($D156:$W156<>"")*$D$3:$W$3*($D$4:$W$4=AA$6))) | AB156: =IF($Y156="","",SUMPRODUCT(($D156:$W156=$D$2:$W$2)*($D156:$W156<>"")*$D$3:$W$3*($D$4:$W$4=AB$6)))

Sheet 반배정
A1: 반 배정 (공통수학반 + 선행 과목반)
A2: 학생마다 2개 반 수강: ① 공통수학반 = 시험 결과 기준 자동배정('설정' ①, 해당 없으면 보류). 노란 칸 '공통수학반'에 적으면 그 반이 우선. ② 선행반 = 학습 진도를 보고 노란 칸 '선행반'에서 1과목 선택('설정' ⑦ 목록). 두 반 모두 학부모 보고서에 들어갑니다. 주황색 행 = 기준 점수 경계.
S5: 공통수학반별 요약 (최종 기준)
A6: No | B6: 이름 | C6: 학교 | D6: 구분 | E6: 기존 반 | F6: 학습 진도 | G6: 공수1 | H6: 공수2 | I6: 환산총점 | J6: 석차 | K6: 자동배정 | L6: 경계 | M6: 공통수학반 (입력) | N6: 선행반 (입력) | O6: 공통수학반 (최종) | P6: 비고 | S6: 반 | T6: 자동 인원 | U6: 최종 인원 | V6: 공수1 평균 | W6: 공수2 평균 | X6: 재원 | Y6: 외부
A7: 1 | B7: =IF('학생명단'!B7="","",'학생명단'!B7) | C7: =IF('학생명단'!C7="","",'학생명단'!C7) | D7: =IF('학생명단'!D7="","",'학생명단'!D7) | E7: =IF('학생명단'!E7="","",'학생명단'!E7) | F7: =IF('학생명단'!F7="","",'학생명단'!F7) | G7: ='공수1'!Y7 | H7: ='공수2'!Y7 | I7: =IF(AND(G7="",H7=""),"",N(G7)*'설정'!$C$13+N(H7)*'설정'!$C$14) | J7: =IF(I7="","",COUNTIF($I$7:$I$156,">"&I7)+1) | K7: =IF(I7="","",IF(IF(COUNT('설정'!$C$6:$F$6)=0,AND(G7<>"",H7<>""),OR(AND('설정'!$C$6<>"",G7<>"",N(G7)>='설정'!$C$6),AND('설정'!$D$6<>"",AND(G7<>"",H7<>""),(N(G7)+N(H7))>='설정'!$D$6),AND('설정'!$E$6<>"",OR(AND(G7<>"",N(G7)<='설정'!$E$6),AND(H7<>"",N(H7)<='설정'!$E$6))),AND('설정'!$F$6<>"",AND(G7<>"",H7<>""),(N(G7)+N(H7))<='설정'!$F$6))),'설정'!$B$6,IF(IF(COUNT('설정'!$C$7:$F$7)=0,AND(G7<>"",H7<>""),OR(AND('설정'!$C$7<>"",G7<>"",N(G7)>='설정'!$C$7),AND('설정'!$D$7<>"",AND(G7<>"",H7<>""),(N(G7)+N(H7))>='설정'!$D$7),AND('설정'!$E$7<>"",OR(AND(G7<>"",N(G7)<='설정'!$E$7),AND(H7<>"",N(H7)<='설정'!$E$7))),AND('설정'!$F$7<>"",AND(G7<>"",H7<>""),(N(G7)+N(H7))<='설정'!$F$7))),'설정'!$B$7,IF(IF(COUNT('설정'!$C$8:$F$8)=0,AND(G7<>"",H7<>""),OR(AND('설정'!$C$8<>"",G7<>"",N(G7)>='설정'!$C$8),AND('설정'!$D$8<>"",AND(G7<>"",H7<>""),(N(G7)+N(H7))>='설정'!$D$8),AND('설정'!$E$8<>"",OR(AND(G7<>"",N(G7)<='설정'!$E$8),AND(H7<>"",N(H7)<='설정'!$E$8))),AND('설정'!$F$8<>"",AND(G7<>"",H7<>""),(N(G7)+N(H7))<='설정'!$F$8))),'설정'!$B$8,'설정'!$B$9)))) | L7: =IF(OR(G7="",H7=""),"",IF(SUMPRODUCT(ISNUMBER('설정'!$C$6:$C$8)*(ABS(G7-'설정'!$C$6:$C$8)<='설정'!$C$15))+SUMPRODUCT(ISNUMBER('설정'!$D$6:$D$8)*(ABS((G7+H7)-'설정'!$D$6:$D$8)<='설정'!$C$15))+SUMPRODUCT(ISNUMBER('설정'!$F$6:$F$8)*(ABS((G7+H7)-'설정'!$F$6:$F$8)<='설정'!$C$15))+SUMPRODUCT(ISNUMBER('설정'!$E$6:$E$8)*(ABS(G7-'설정'!$E$6:$E$8)<='설정'!$C$15))+SUMPRODUCT(ISNUMBER('설정'!$E$6:$E$8)*(ABS(H7-'설정'!$E$6:$E$8)<='설정'!$C$15))>0,"경계","")) | O7: =IF(M7<>"",M7,K7) | P7: =IF(I7="","",IF(G7="","공수1 미응시",IF(H7="","공수2 미응시",""))) | Q7: =IF(J7="","",J7+ROW()/100000) | S7: ='설정'!$B$6 | T7: =COUNTIF($K$7:$K$156,S7) | U7: =COUNTIF($O$7:$O$156,S7) | V7: =IFERROR(AVERAGEIF($O$7:$O$156,S7,$G$7:$G$156),"") | W7: =IFERROR(AVERAGEIF($O$7:$O$156,S7,$H$7:$H$156),"") | X7: =COUNTIFS($O$7:$O$156,S7,$D$7:$D$156,"재원") | Y7: =COUNTIFS($O$7:$O$156,S7,$D$7:$D$156,"외부")
A8: 2 | B8: =IF('학생명단'!B8="","",'학생명단'!B8) | C8: =IF('학생명단'!C8="","",'학생명단'!C8) | D8: =IF('학생명단'!D8="","",'학생명단'!D8) | E8: =IF('학생명단'!E8="","",'학생명단'!E8) | F8: =IF('학생명단'!F8="","",'학생명단'!F8) | G8: ='공수1'!Y8 | H8: ='공수2'!Y8 | I8: =IF(AND(G8="",H8=""),"",N(G8)*'설정'!$C$13+N(H8)*'설정'!$C$14) | J8: =IF(I8="","",COUNTIF($I$7:$I$156,">"&I8)+1) | K8: =IF(I8="","",IF(IF(COUNT('설정'!$C$6:$F$6)=0,AND(G8<>"",H8<>""),OR(AND('설정'!$C$6<>"",G8<>"",N(G8)>='설정'!$C$6),AND('설정'!$D$6<>"",AND(G8<>"",H8<>""),(N(G8)+N(H8))>='설정'!$D$6),AND('설정'!$E$6<>"",OR(AND(G8<>"",N(G8)<='설정'!$E$6),AND(H8<>"",N(H8)<='설정'!$E$6))),AND('설정'!$F$6<>"",AND(G8<>"",H8<>""),(N(G8)+N(H8))<='설정'!$F$6))),'설정'!$B$6,IF(IF(COUNT('설정'!$C$7:$F$7)=0,AND(G8<>"",H8<>""),OR(AND('설정'!$C$7<>"",G8<>"",N(G8)>='설정'!$C$7),AND('설정'!$D$7<>"",AND(G8<>"",H8<>""),(N(G8)+N(H8))>='설정'!$D$7),AND('설정'!$E$7<>"",OR(AND(G8<>"",N(G8)<='설정'!$E$7),AND(H8<>"",N(H8)<='설정'!$E$7))),AND('설정'!$F$7<>"",AND(G8<>"",H8<>""),(N(G8)+N(H8))<='설정'!$F$7))),'설정'!$B$7,IF(IF(COUNT('설정'!$C$8:$F$8)=0,AND(G8<>"",H8<>""),OR(AND('설정'!$C$8<>"",G8<>"",N(G8)>='설정'!$C$8),AND('설정'!$D$8<>"",AND(G8<>"",H8<>""),(N(G8)+N(H8))>='설정'!$D$8),AND('설정'!$E$8<>"",OR(AND(G8<>"",N(G8)<='설정'!$E$8),AND(H8<>"",N(H8)<='설정'!$E$8))),AND('설정'!$F$8<>"",AND(G8<>"",H8<>""),(N(G8)+N(H8))<='설정'!$F$8))),'설정'!$B$8,'설정'!$B$9)))) | L8: =IF(OR(G8="",H8=""),"",IF(SUMPRODUCT(ISNUMBER('설정'!$C$6:$C$8)*(ABS(G8-'설정'!$C$6:$C$8)<='설정'!$C$15))+SUMPRODUCT(ISNUMBER('설정'!$D$6:$D$8)*(ABS((G8+H8)-'설정'!$D$6:$D$8)<='설정'!$C$15))+SUMPRODUCT(ISNUMBER('설정'!$F$6:$F$8)*(ABS((G8+H8)-'설정'!$F$6:$F$8)<='설정'!$C$15))+SUMPRODUCT(ISNUMBER('설정'!$E$6:$E$8)*(ABS(G8-'설정'!$E$6:$E$8)<='설정'!$C$15))+SUMPRODUCT(ISNUMBER('설정'!$E$6:$E$8)*(ABS(H8-'설정'!$E$6:$E$8)<='설정'!$C$15))>0,"경계","")) | O8: =IF(M8<>"",M8,K8) | P8: =IF(I8="","",IF(G8="","공수1 미응시",IF(H8="","공수2 미응시",""))) | Q8: =IF(J8="","",J8+ROW()/100000) | S8: ='설정'!$B$7 | T8: =COUNTIF($K$7:$K$156,S8) | U8: =COUNTIF($O$7:$O$156,S8) | V8: =IFERROR(AVERAGEIF($O$7:$O$156,S8,$G$7:$G$156),"") | W8: =IFERROR(AVERAGEIF($O$7:$O$156,S8,$H$7:$H$156),"") | X8: =COUNTIFS($O$7:$O$156,S8,$D$7:$D$156,"재원") | Y8: =COUNTIFS($O$7:$O$156,S8,$D$7:$D$156,"외부")
A9: 3 | B9: =IF('학생명단'!B9="","",'학생명단'!B9) | C9: =IF('학생명단'!C9="","",'학생명단'!C9) | D9: =IF('학생명단'!D9="","",'학생명단'!D9) | E9: =IF('학생명단'!E9="","",'학생명단'!E9) | F9: =IF('학생명단'!F9="","",'학생명단'!F9) | G9: ='공수1'!Y9 | H9: ='공수2'!Y9 | I9: =IF(AND(G9="",H9=""),"",N(G9)*'설정'!$C$13+N(H9)*'설정'!$C$14) | J9: =IF(I9="","",COUNTIF($I$7:$I$156,">"&I9)+1) | K9: =IF(I9="","",IF(IF(COUNT('설정'!$C$6:$F$6)=0,AND(G9<>"",H9<>""),OR(AND('설정'!$C$6<>"",G9<>"",N(G9)>='설정'!$C$6),AND('설정'!$D$6<>"",AND(G9<>"",H9<>""),(N(G9)+N(H9))>='설정'!$D$6),AND('설정'!$E$6<>"",OR(AND(G9<>"",N(G9)<='설정'!$E$6),AND(H9<>"",N(H9)<='설정'!$E$6))),AND('설정'!$F$6<>"",AND(G9<>"",H9<>""),(N(G9)+N(H9))<='설정'!$F$6))),'설정'!$B$6,IF(IF(COUNT('설정'!$C$7:$F$7)=0,AND(G9<>"",H9<>""),OR(AND('설정'!$C$7<>"",G9<>"",N(G9)>='설정'!$C$7),AND('설정'!$D$7<>"",AND(G9<>"",H9<>""),(N(G9)+N(H9))>='설정'!$D$7),AND('설정'!$E$7<>"",OR(AND(G9<>"",N(G9)<='설정'!$E$7),AND(H9<>"",N(H9)<='설정'!$E$7))),AND('설정'!$F$7<>"",AND(G9<>"",H9<>""),(N(G9)+N(H9))<='설정'!$F$7))),'설정'!$B$7,IF(IF(COUNT('설정'!$C$8:$F$8)=0,AND(G9<>"",H9<>""),OR(AND('설정'!$C$8<>"",G9<>"",N(G9)>='설정'!$C$8),AND('설정'!$D$8<>"",AND(G9<>"",H9<>""),(N(G9)+N(H9))>='설정'!$D$8),AND('설정'!$E$8<>"",OR(AND(G9<>"",N(G9)<='설정'!$E$8),AND(H9<>"",N(H9)<='설정'!$E$8))),AND('설정'!$F$8<>"",AND(G9<>"",H9<>""),(N(G9)+N(H9))<='설정'!$F$8))),'설정'!$B$8,'설정'!$B$9)))) | L9: =IF(OR(G9="",H9=""),"",IF(SUMPRODUCT(ISNUMBER('설정'!$C$6:$C$8)*(ABS(G9-'설정'!$C$6:$C$8)<='설정'!$C$15))+SUMPRODUCT(ISNUMBER('설정'!$D$6:$D$8)*(ABS((G9+H9)-'설정'!$D$6:$D$8)<='설정'!$C$15))+SUMPRODUCT(ISNUMBER('설정'!$F$6:$F$8)*(ABS((G9+H9)-'설정'!$F$6:$F$8)<='설정'!$C$15))+SUMPRODUCT(ISNUMBER('설정'!$E$6:$E$8)*(ABS(G9-'설정'!$E$6:$E$8)<='설정'!$C$15))+SUMPRODUCT(ISNUMBER('설정'!$E$6:$E$8)*(ABS(H9-'설정'!$E$6:$E$8)<='설정'!$C$15))>0,"경계","")) | O9: =IF(M9<>"",M9,K9) | P9: =IF(I9="","",IF(G9="","공수1 미응시",IF(H9="","공수2 미응시",""))) | Q9: =IF(J9="","",J9+ROW()/100000) | S9: ='설정'!$B$8 | T9: =COUNTIF($K$7:$K$156,S9) | U9: =COUNTIF($O$7:$O$156,S9) | V9: =IFERROR(AVERAGEIF($O$7:$O$156,S9,$G$7:$G$156),"") | W9: =IFERROR(AVERAGEIF($O$7:$O$156,S9,$H$7:$H$156),"") | X9: =COUNTIFS($O$7:$O$156,S9,$D$7:$D$156,"재원") | Y9: =COUNTIFS($O$7:$O$156,S9,$D$7:$D$156,"외부")
A10: 4 | B10: =IF('학생명단'!B10="","",'학생명단'!B10) | C10: =IF('학생명단'!C10="","",'학생명단'!C10) | D10: =IF('학생명단'!D10="","",'학생명단'!D10) | E10: =IF('학생명단'!E10="","",'학생명단'!E10) | F10: =IF('학생명단'!F10="","",'학생명단'!F10) | G10: ='공수1'!Y10 | H10: ='공수2'!Y10 | I10: =IF(AND(G10="",H10=""),"",N(G10)*'설정'!$C$13+N(H10)*'설정'!$C$14) | J10: =IF(I10="","",COUNTIF($I$7:$I$156,">"&I10)+1) | K10: =IF(I10="","",IF(IF(COUNT('설정'!$C$6:$F$6)=0,AND(G10<>"",H10<>""),OR(AND('설정'!$C$6<>"",G10<>"",N(G10)>='설정'!$C$6),AND('설정'!$D$6<>"",AND(G10<>"",H10<>""),(N(G10)+N(H10))>='설정'!$D$6),AND('설정'!$E$6<>"",OR(AND(G10<>"",N(G10)<='설정'!$E$6),AND(H10<>"",N(H10)<='설정'!$E$6))),AND('설정'!$F$6<>"",AND(G10<>"",H10<>""),(N(G10)+N(H10))<='설정'!$F$6))),'설정'!$B$6,IF(IF(COUNT('설정'!$C$7:$F$7)=0,AND(G10<>"",H10<>""),OR(AND('설정'!$C$7<>"",G10<>"",N(G10)>='설정'!$C$7),AND('설정'!$D$7<>"",AND(G10<>"",H10<>""),(N(G10)+N(H10))>='설정'!$D$7),AND('설정'!$E$7<>"",OR(AND(G10<>"",N(G10)<='설정'!$E$7),AND(H10<>"",N(H10)<='설정'!$E$7))),AND('설정'!$F$7<>"",AND(G10<>"",H10<>""),(N(G10)+N(H10))<='설정'!$F$7))),'설정'!$B$7,IF(IF(COUNT('설정'!$C$8:$F$8)=0,AND(G10<>"",H10<>""),OR(AND('설정'!$C$8<>"",G10<>"",N(G10)>='설정'!$C$8),AND('설정'!$D$8<>"",AND(G10<>"",H10<>""),(N(G10)+N(H10))>='설정'!$D$8),AND('설정'!$E$8<>"",OR(AND(G10<>"",N(G10)<='설정'!$E$8),AND(H10<>"",N(H10)<='설정'!$E$8))),AND('설정'!$F$8<>"",AND(G10<>"",H10<>""),(N(G10)+N(H10))<='설정'!$F$8))),'설정'!$B$8,'설정'!$B$9)))) | L10: =IF(OR(G10="",H10=""),"",IF(SUMPRODUCT(ISNUMBER('설정'!$C$6:$C$8)*(ABS(G10-'설정'!$C$6:$C$8)<='설정'!$C$15))+SUMPRODUCT(ISNUMBER('설정'!$D$6:$D$8)*(ABS((G10+H10)-'설정'!$D$6:$D$8)<='설정'!$C$15))+SUMPRODUCT(ISNUMBER('설정'!$F$6:$F$8)*(ABS((G10+H10)-'설정'!$F$6:$F$8)<='설정'!$C$15))+SUMPRODUCT(ISNUMBER('설정'!$E$6:$E$8)*(ABS(G10-'설정'!$E$6:$E$8)<='설정'!$C$15))+SUMPRODUCT(ISNUMBER('설정'!$E$6:$E$8)*(ABS(H10-'설정'!$E$6:$E$8)<='설정'!$C$15))>0,"경계","")) | O10: =IF(M10<>"",M10,K10) | P10: =IF(I10="","",IF(G10="","공수1 미응시",IF(H10="","공수2 미응시",""))) | Q10: =IF(J10="","",J10+ROW()/100000) | S10: ='설정'!$B$9 | T10: =COUNTIF($K$7:$K$156,S10) | U10: =COUNTIF($O$7:$O$156,S10) | V10: =IFERROR(AVERAGEIF($O$7:$O$156,S10,$G$7:$G$156),"") | W10: =IFERROR(AVERAGEIF($O$7:$O$156,S10,$H$7:$H$156),"") | X10: =COUNTIFS($O$7:$O$156,S10,$D$7:$D$156,"재원") | Y10: =COUNTIFS($O$7:$O$156,S10,$D$7:$D$156,"외부")
A11: 5 | B11: =IF('학생명단'!B11="","",'학생명단'!B11) | C11: =IF('학생명단'!C11="","",'학생명단'!C11) | D11: =IF('학생명단'!D11="","",'학생명단'!D11) | E11: =IF('학생명단'!E11="","",'학생명단'!E11) | F11: =IF('학생명단'!F11="","",'학생명단'!F11) | G11: ='공수1'!Y11 | H11: ='공수2'!Y11 | I11: =IF(AND(G11="",H11=""),"",N(G11)*'설정'!$C$13+N(H11)*'설정'!$C$14) | J11: =IF(I11="","",COUNTIF($I$7:$I$156,">"&I11)+1) | K11: =IF(I11="","",IF(IF(COUNT('설정'!$C$6:$F$6)=0,AND(G11<>"",H11<>""),OR(AND('설정'!$C$6<>"",G11<>"",N(G11)>='설정'!$C$6),AND('설정'!$D$6<>"",AND(G11<>"",H11<>""),(N(G11)+N(H11))>='설정'!$D$6),AND('설정'!$E$6<>"",OR(AND(G11<>"",N(G11)<='설정'!$E$6),AND(H11<>"",N(H11)<='설정'!$E$6))),AND('설정'!$F$6<>"",AND(G11<>"",H11<>""),(N(G11)+N(H11))<='설정'!$F$6))),'설정'!$B$6,IF(IF(COUNT('설정'!$C$7:$F$7)=0,AND(G11<>"",H11<>""),OR(AND('설정'!$C$7<>"",G11<>"",N(G11)>='설정'!$C$7),AND('설정'!$D$7<>"",AND(G11<>"",H11<>""),(N(G11)+N(H11))>='설정'!$D$7),AND('설정'!$E$7<>"",OR(AND(G11<>"",N(G11)<='설정'!$E$7),AND(H11<>"",N(H11)<='설정'!$E$7))),AND('설정'!$F$7<>"",AND(G11<>"",H11<>""),(N(G11)+N(H11))<='설정'!$F$7))),'설정'!$B$7,IF(IF(COUNT('설정'!$C$8:$F$8)=0,AND(G11<>"",H11<>""),OR(AND('설정'!$C$8<>"",G11<>"",N(G11)>='설정'!$C$8),AND('설정'!$D$8<>"",AND(G11<>"",H11<>""),(N(G11)+N(H11))>='설정'!$D$8),AND('설정'!$E$8<>"",OR(AND(G11<>"",N(G11)<='설정'!$E$8),AND(H11<>"",N(H11)<='설정'!$E$8))),AND('설정'!$F$8<>"",AND(G11<>"",H11<>""),(N(G11)+N(H11))<='설정'!$F$8))),'설정'!$B$8,'설정'!$B$9)))) | L11: =IF(OR(G11="",H11=""),"",IF(SUMPRODUCT(ISNUMBER('설정'!$C$6:$C$8)*(ABS(G11-'설정'!$C$6:$C$8)<='설정'!$C$15))+SUMPRODUCT(ISNUMBER('설정'!$D$6:$D$8)*(ABS((G11+H11)-'설정'!$D$6:$D$8)<='설정'!$C$15))+SUMPRODUCT(ISNUMBER('설정'!$F$6:$F$8)*(ABS((G11+H11)-'설정'!$F$6:$F$8)<='설정'!$C$15))+SUMPRODUCT(ISNUMBER('설정'!$E$6:$E$8)*(ABS(G11-'설정'!$E$6:$E$8)<='설정'!$C$15))+SUMPRODUCT(ISNUMBER('설정'!$E$6:$E$8)*(ABS(H11-'설정'!$E$6:$E$8)<='설정'!$C$15))>0,"경계","")) | O11: =IF(M11<>"",M11,K11) | P11: =IF(I11="","",IF(G11="","공수1 미응시",IF(H11="","공수2 미응시",""))) | Q11: =IF(J11="","",J11+ROW()/100000) | S11: 합계 | T11: =SUM(T7:T10) | U11: =SUM(U7:U10) | V11: =IFERROR(AVERAGE($G$7:$G$156),"") | W11: =IFERROR(AVERAGE($H$7:$H$156),"") | X11: =SUM(X7:X10) | Y11: =SUM(Y7:Y10)
A12: 6 | B12: =IF('학생명단'!B12="","",'학생명단'!B12) | C12: =IF('학생명단'!C12="","",'학생명단'!C12) | D12: =IF('학생명단'!D12="","",'학생명단'!D12) | E12: =IF('학생명단'!E12="","",'학생명단'!E12) | F12: =IF('학생명단'!F12="","",'학생명단'!F12) | G12: ='공수1'!Y12 | H12: ='공수2'!Y12 | I12: =IF(AND(G12="",H12=""),"",N(G12)*'설정'!$C$13+N(H12)*'설정'!$C$14) | J12: =IF(I12="","",COUNTIF($I$7:$I$156,">"&I12)+1) | K12: =IF(I12="","",IF(IF(COUNT('설정'!$C$6:$F$6)=0,AND(G12<>"",H12<>""),OR(AND('설정'!$C$6<>"",G12<>"",N(G12)>='설정'!$C$6),AND('설정'!$D$6<>"",AND(G12<>"",H12<>""),(N(G12)+N(H12))>='설정'!$D$6),AND('설정'!$E$6<>"",OR(AND(G12<>"",N(G12)<='설정'!$E$6),AND(H12<>"",N(H12)<='설정'!$E$6))),AND('설정'!$F$6<>"",AND(G12<>"",H12<>""),(N(G12)+N(H12))<='설정'!$F$6))),'설정'!$B$6,IF(IF(COUNT('설정'!$C$7:$F$7)=0,AND(G12<>"",H12<>""),OR(AND('설정'!$C$7<>"",G12<>"",N(G12)>='설정'!$C$7),AND('설정'!$D$7<>"",AND(G12<>"",H12<>""),(N(G12)+N(H12))>='설정'!$D$7),AND('설정'!$E$7<>"",OR(AND(G12<>"",N(G12)<='설정'!$E$7),AND(H12<>"",N(H12)<='설정'!$E$7))),AND('설정'!$F$7<>"",AND(G12<>"",H12<>""),(N(G12)+N(H12))<='설정'!$F$7))),'설정'!$B$7,IF(IF(COUNT('설정'!$C$8:$F$8)=0,AND(G12<>"",H12<>""),OR(AND('설정'!$C$8<>"",G12<>"",N(G12)>='설정'!$C$8),AND('설정'!$D$8<>"",AND(G12<>"",H12<>""),(N(G12)+N(H12))>='설정'!$D$8),AND('설정'!$E$8<>"",OR(AND(G12<>"",N(G12)<='설정'!$E$8),AND(H12<>"",N(H12)<='설정'!$E$8))),AND('설정'!$F$8<>"",AND(G12<>"",H12<>""),(N(G12)+N(H12))<='설정'!$F$8))),'설정'!$B$8,'설정'!$B$9)))) | L12: =IF(OR(G12="",H12=""),"",IF(SUMPRODUCT(ISNUMBER('설정'!$C$6:$C$8)*(ABS(G12-'설정'!$C$6:$C$8)<='설정'!$C$15))+SUMPRODUCT(ISNUMBER('설정'!$D$6:$D$8)*(ABS((G12+H12)-'설정'!$D$6:$D$8)<='설정'!$C$15))+SUMPRODUCT(ISNUMBER('설정'!$F$6:$F$8)*(ABS((G12+H12)-'설정'!$F$6:$F$8)<='설정'!$C$15))+SUMPRODUCT(ISNUMBER('설정'!$E$6:$E$8)*(ABS(G12-'설정'!$E$6:$E$8)<='설정'!$C$15))+SUMPRODUCT(ISNUMBER('설정'!$E$6:$E$8)*(ABS(H12-'설정'!$E$6:$E$8)<='설정'!$C$15))>0,"경계","")) | O12: =IF(M12<>"",M12,K12) | P12: =IF(I12="","",IF(G12="","공수1 미응시",IF(H12="","공수2 미응시",""))) | Q12: =IF(J12="","",J12+ROW()/100000)
A13: 7 | B13: =IF('학생명단'!B13="","",'학생명단'!B13) | C13: =IF('학생명단'!C13="","",'학생명단'!C13) | D13: =IF('학생명단'!D13="","",'학생명단'!D13) | E13: =IF('학생명단'!E13="","",'학생명단'!E13) | F13: =IF('학생명단'!F13="","",'학생명단'!F13) | G13: ='공수1'!Y13 | H13: ='공수2'!Y13 | I13: =IF(AND(G13="",H13=""),"",N(G13)*'설정'!$C$13+N(H13)*'설정'!$C$14) | J13: =IF(I13="","",COUNTIF($I$7:$I$156,">"&I13)+1) | K13: =IF(I13="","",IF(IF(COUNT('설정'!$C$6:$F$6)=0,AND(G13<>"",H13<>""),OR(AND('설정'!$C$6<>"",G13<>"",N(G13)>='설정'!$C$6),AND('설정'!$D$6<>"",AND(G13<>"",H13<>""),(N(G13)+N(H13))>='설정'!$D$6),AND('설정'!$E$6<>"",OR(AND(G13<>"",N(G13)<='설정'!$E$6),AND(H13<>"",N(H13)<='설정'!$E$6))),AND('설정'!$F$6<>"",AND(G13<>"",H13<>""),(N(G13)+N(H13))<='설정'!$F$6))),'설정'!$B$6,IF(IF(COUNT('설정'!$C$7:$F$7)=0,AND(G13<>"",H13<>""),OR(AND('설정'!$C$7<>"",G13<>"",N(G13)>='설정'!$C$7),AND('설정'!$D$7<>"",AND(G13<>"",H13<>""),(N(G13)+N(H13))>='설정'!$D$7),AND('설정'!$E$7<>"",OR(AND(G13<>"",N(G13)<='설정'!$E$7),AND(H13<>"",N(H13)<='설정'!$E$7))),AND('설정'!$F$7<>"",AND(G13<>"",H13<>""),(N(G13)+N(H13))<='설정'!$F$7))),'설정'!$B$7,IF(IF(COUNT('설정'!$C$8:$F$8)=0,AND(G13<>"",H13<>""),OR(AND('설정'!$C$8<>"",G13<>"",N(G13)>='설정'!$C$8),AND('설정'!$D$8<>"",AND(G13<>"",H13<>""),(N(G13)+N(H13))>='설정'!$D$8),AND('설정'!$E$8<>"",OR(AND(G13<>"",N(G13)<='설정'!$E$8),AND(H13<>"",N(H13)<='설정'!$E$8))),AND('설정'!$F$8<>"",AND(G13<>"",H13<>""),(N(G13)+N(H13))<='설정'!$F$8))),'설정'!$B$8,'설정'!$B$9)))) | L13: =IF(OR(G13="",H13=""),"",IF(SUMPRODUCT(ISNUMBER('설정'!$C$6:$C$8)*(ABS(G13-'설정'!$C$6:$C$8)<='설정'!$C$15))+SUMPRODUCT(ISNUMBER('설정'!$D$6:$D$8)*(ABS((G13+H13)-'설정'!$D$6:$D$8)<='설정'!$C$15))+SUMPRODUCT(ISNUMBER('설정'!$F$6:$F$8)*(ABS((G13+H13)-'설정'!$F$6:$F$8)<='설정'!$C$15))+SUMPRODUCT(ISNUMBER('설정'!$E$6:$E$8)*(ABS(G13-'설정'!$E$6:$E$8)<='설정'!$C$15))+SUMPRODUCT(ISNUMBER('설정'!$E$6:$E$8)*(ABS(H13-'설정'!$E$6:$E$8)<='설정'!$C$15))>0,"경계","")) | O13: =IF(M13<>"",M13,K13) | P13: =IF(I13="","",IF(G13="","공수1 미응시",IF(H13="","공수2 미응시",""))) | Q13: =IF(J13="","",J13+ROW()/100000) | S13: · 자동배정은 '설정' ①의 기준(공수1 점수·한 과목 점수·합계) · 경계 = 과목 점수나 합계가 기준 점수와 경계 범위 이내 · 공통수학반·선행반은 목록에서 고르거나 직접 입력('설정' ⑥·⑦에 반 소개 추가 가능) · 환산총점·석차는 참고용
A14: 8 | B14: =IF('학생명단'!B14="","",'학생명단'!B14) | C14: =IF('학생명단'!C14="","",'학생명단'!C14) | D14: =IF('학생명단'!D14="","",'학생명단'!D14) | E14: =IF('학생명단'!E14="","",'학생명단'!E14) | F14: =IF('학생명단'!F14="","",'학생명단'!F14) | G14: ='공수1'!Y14 | H14: ='공수2'!Y14 | I14: =IF(AND(G14="",H14=""),"",N(G14)*'설정'!$C$13+N(H14)*'설정'!$C$14) | J14: =IF(I14="","",COUNTIF($I$7:$I$156,">"&I14)+1) | K14: =IF(I14="","",IF(IF(COUNT('설정'!$C$6:$F$6)=0,AND(G14<>"",H14<>""),OR(AND('설정'!$C$6<>"",G14<>"",N(G14)>='설정'!$C$6),AND('설정'!$D$6<>"",AND(G14<>"",H14<>""),(N(G14)+N(H14))>='설정'!$D$6),AND('설정'!$E$6<>"",OR(AND(G14<>"",N(G14)<='설정'!$E$6),AND(H14<>"",N(H14)<='설정'!$E$6))),AND('설정'!$F$6<>"",AND(G14<>"",H14<>""),(N(G14)+N(H14))<='설정'!$F$6))),'설정'!$B$6,IF(IF(COUNT('설정'!$C$7:$F$7)=0,AND(G14<>"",H14<>""),OR(AND('설정'!$C$7<>"",G14<>"",N(G14)>='설정'!$C$7),AND('설정'!$D$7<>"",AND(G14<>"",H14<>""),(N(G14)+N(H14))>='설정'!$D$7),AND('설정'!$E$7<>"",OR(AND(G14<>"",N(G14)<='설정'!$E$7),AND(H14<>"",N(H14)<='설정'!$E$7))),AND('설정'!$F$7<>"",AND(G14<>"",H14<>""),(N(G14)+N(H14))<='설정'!$F$7))),'설정'!$B$7,IF(IF(COUNT('설정'!$C$8:$F$8)=0,AND(G14<>"",H14<>""),OR(AND('설정'!$C$8<>"",G14<>"",N(G14)>='설정'!$C$8),AND('설정'!$D$8<>"",AND(G14<>"",H14<>""),(N(G14)+N(H14))>='설정'!$D$8),AND('설정'!$E$8<>"",OR(AND(G14<>"",N(G14)<='설정'!$E$8),AND(H14<>"",N(H14)<='설정'!$E$8))),AND('설정'!$F$8<>"",AND(G14<>"",H14<>""),(N(G14)+N(H14))<='설정'!$F$8))),'설정'!$B$8,'설정'!$B$9)))) | L14: =IF(OR(G14="",H14=""),"",IF(SUMPRODUCT(ISNUMBER('설정'!$C$6:$C$8)*(ABS(G14-'설정'!$C$6:$C$8)<='설정'!$C$15))+SUMPRODUCT(ISNUMBER('설정'!$D$6:$D$8)*(ABS((G14+H14)-'설정'!$D$6:$D$8)<='설정'!$C$15))+SUMPRODUCT(ISNUMBER('설정'!$F$6:$F$8)*(ABS((G14+H14)-'설정'!$F$6:$F$8)<='설정'!$C$15))+SUMPRODUCT(ISNUMBER('설정'!$E$6:$E$8)*(ABS(G14-'설정'!$E$6:$E$8)<='설정'!$C$15))+SUMPRODUCT(ISNUMBER('설정'!$E$6:$E$8)*(ABS(H14-'설정'!$E$6:$E$8)<='설정'!$C$15))>0,"경계","")) | O14: =IF(M14<>"",M14,K14) | P14: =IF(I14="","",IF(G14="","공수1 미응시",IF(H14="","공수2 미응시",""))) | Q14: =IF(J14="","",J14+ROW()/100000)
A15: 9 | B15: =IF('학생명단'!B15="","",'학생명단'!B15) | C15: =IF('학생명단'!C15="","",'학생명단'!C15) | D15: =IF('학생명단'!D15="","",'학생명단'!D15) | E15: =IF('학생명단'!E15="","",'학생명단'!E15) | F15: =IF('학생명단'!F15="","",'학생명단'!F15) | G15: ='공수1'!Y15 | H15: ='공수2'!Y15 | I15: =IF(AND(G15="",H15=""),"",N(G15)*'설정'!$C$13+N(H15)*'설정'!$C$14) | J15: =IF(I15="","",COUNTIF($I$7:$I$156,">"&I15)+1) | K15: =IF(I15="","",IF(IF(COUNT('설정'!$C$6:$F$6)=0,AND(G15<>"",H15<>""),OR(AND('설정'!$C$6<>"",G15<>"",N(G15)>='설정'!$C$6),AND('설정'!$D$6<>"",AND(G15<>"",H15<>""),(N(G15)+N(H15))>='설정'!$D$6),AND('설정'!$E$6<>"",OR(AND(G15<>"",N(G15)<='설정'!$E$6),AND(H15<>"",N(H15)<='설정'!$E$6))),AND('설정'!$F$6<>"",AND(G15<>"",H15<>""),(N(G15)+N(H15))<='설정'!$F$6))),'설정'!$B$6,IF(IF(COUNT('설정'!$C$7:$F$7)=0,AND(G15<>"",H15<>""),OR(AND('설정'!$C$7<>"",G15<>"",N(G15)>='설정'!$C$7),AND('설정'!$D$7<>"",AND(G15<>"",H15<>""),(N(G15)+N(H15))>='설정'!$D$7),AND('설정'!$E$7<>"",OR(AND(G15<>"",N(G15)<='설정'!$E$7),AND(H15<>"",N(H15)<='설정'!$E$7))),AND('설정'!$F$7<>"",AND(G15<>"",H15<>""),(N(G15)+N(H15))<='설정'!$F$7))),'설정'!$B$7,IF(IF(COUNT('설정'!$C$8:$F$8)=0,AND(G15<>"",H15<>""),OR(AND('설정'!$C$8<>"",G15<>"",N(G15)>='설정'!$C$8),AND('설정'!$D$8<>"",AND(G15<>"",H15<>""),(N(G15)+N(H15))>='설정'!$D$8),AND('설정'!$E$8<>"",OR(AND(G15<>"",N(G15)<='설정'!$E$8),AND(H15<>"",N(H15)<='설정'!$E$8))),AND('설정'!$F$8<>"",AND(G15<>"",H15<>""),(N(G15)+N(H15))<='설정'!$F$8))),'설정'!$B$8,'설정'!$B$9)))) | L15: =IF(OR(G15="",H15=""),"",IF(SUMPRODUCT(ISNUMBER('설정'!$C$6:$C$8)*(ABS(G15-'설정'!$C$6:$C$8)<='설정'!$C$15))+SUMPRODUCT(ISNUMBER('설정'!$D$6:$D$8)*(ABS((G15+H15)-'설정'!$D$6:$D$8)<='설정'!$C$15))+SUMPRODUCT(ISNUMBER('설정'!$F$6:$F$8)*(ABS((G15+H15)-'설정'!$F$6:$F$8)<='설정'!$C$15))+SUMPRODUCT(ISNUMBER('설정'!$E$6:$E$8)*(ABS(G15-'설정'!$E$6:$E$8)<='설정'!$C$15))+SUMPRODUCT(ISNUMBER('설정'!$E$6:$E$8)*(ABS(H15-'설정'!$E$6:$E$8)<='설정'!$C$15))>0,"경계","")) | O15: =IF(M15<>"",M15,K15) | P15: =IF(I15="","",IF(G15="","공수1 미응시",IF(H15="","공수2 미응시",""))) | Q15: =IF(J15="","",J15+ROW()/100000)
A16: 10 | B16: =IF('학생명단'!B16="","",'학생명단'!B16) | C16: =IF('학생명단'!C16="","",'학생명단'!C16) | D16: =IF('학생명단'!D16="","",'학생명단'!D16) | E16: =IF('학생명단'!E16="","",'학생명단'!E16) | F16: =IF('학생명단'!F16="","",'학생명단'!F16) | G16: ='공수1'!Y16 | H16: ='공수2'!Y16 | I16: =IF(AND(G16="",H16=""),"",N(G16)*'설정'!$C$13+N(H16)*'설정'!$C$14) | J16: =IF(I16="","",COUNTIF($I$7:$I$156,">"&I16)+1) | K16: =IF(I16="","",IF(IF(COUNT('설정'!$C$6:$F$6)=0,AND(G16<>"",H16<>""),OR(AND('설정'!$C$6<>"",G16<>"",N(G16)>='설정'!$C$6),AND('설정'!$D$6<>"",AND(G16<>"",H16<>""),(N(G16)+N(H16))>='설정'!$D$6),AND('설정'!$E$6<>"",OR(AND(G16<>"",N(G16)<='설정'!$E$6),AND(H16<>"",N(H16)<='설정'!$E$6))),AND('설정'!$F$6<>"",AND(G16<>"",H16<>""),(N(G16)+N(H16))<='설정'!$F$6))),'설정'!$B$6,IF(IF(COUNT('설정'!$C$7:$F$7)=0,AND(G16<>"",H16<>""),OR(AND('설정'!$C$7<>"",G16<>"",N(G16)>='설정'!$C$7),AND('설정'!$D$7<>"",AND(G16<>"",H16<>""),(N(G16)+N(H16))>='설정'!$D$7),AND('설정'!$E$7<>"",OR(AND(G16<>"",N(G16)<='설정'!$E$7),AND(H16<>"",N(H16)<='설정'!$E$7))),AND('설정'!$F$7<>"",AND(G16<>"",H16<>""),(N(G16)+N(H16))<='설정'!$F$7))),'설정'!$B$7,IF(IF(COUNT('설정'!$C$8:$F$8)=0,AND(G16<>"",H16<>""),OR(AND('설정'!$C$8<>"",G16<>"",N(G16)>='설정'!$C$8),AND('설정'!$D$8<>"",AND(G16<>"",H16<>""),(N(G16)+N(H16))>='설정'!$D$8),AND('설정'!$E$8<>"",OR(AND(G16<>"",N(G16)<='설정'!$E$8),AND(H16<>"",N(H16)<='설정'!$E$8))),AND('설정'!$F$8<>"",AND(G16<>"",H16<>""),(N(G16)+N(H16))<='설정'!$F$8))),'설정'!$B$8,'설정'!$B$9)))) | L16: =IF(OR(G16="",H16=""),"",IF(SUMPRODUCT(ISNUMBER('설정'!$C$6:$C$8)*(ABS(G16-'설정'!$C$6:$C$8)<='설정'!$C$15))+SUMPRODUCT(ISNUMBER('설정'!$D$6:$D$8)*(ABS((G16+H16)-'설정'!$D$6:$D$8)<='설정'!$C$15))+SUMPRODUCT(ISNUMBER('설정'!$F$6:$F$8)*(ABS((G16+H16)-'설정'!$F$6:$F$8)<='설정'!$C$15))+SUMPRODUCT(ISNUMBER('설정'!$E$6:$E$8)*(ABS(G16-'설정'!$E$6:$E$8)<='설정'!$C$15))+SUMPRODUCT(ISNUMBER('설정'!$E$6:$E$8)*(ABS(H16-'설정'!$E$6:$E$8)<='설정'!$C$15))>0,"경계","")) | O16: =IF(M16<>"",M16,K16) | P16: =IF(I16="","",IF(G16="","공수1 미응시",IF(H16="","공수2 미응시",""))) | Q16: =IF(J16="","",J16+ROW()/100000)
A17: 11 | B17: =IF('학생명단'!B17="","",'학생명단'!B17) | C17: =IF('학생명단'!C17="","",'학생명단'!C17) | D17: =IF('학생명단'!D17="","",'학생명단'!D17) | E17: =IF('학생명단'!E17="","",'학생명단'!E17) | F17: =IF('학생명단'!F17="","",'학생명단'!F17) | G17: ='공수1'!Y17 | H17: ='공수2'!Y17 | I17: =IF(AND(G17="",H17=""),"",N(G17)*'설정'!$C$13+N(H17)*'설정'!$C$14) | J17: =IF(I17="","",COUNTIF($I$7:$I$156,">"&I17)+1) | K17: =IF(I17="","",IF(IF(COUNT('설정'!$C$6:$F$6)=0,AND(G17<>"",H17<>""),OR(AND('설정'!$C$6<>"",G17<>"",N(G17)>='설정'!$C$6),AND('설정'!$D$6<>"",AND(G17<>"",H17<>""),(N(G17)+N(H17))>='설정'!$D$6),AND('설정'!$E$6<>"",OR(AND(G17<>"",N(G17)<='설정'!$E$6),AND(H17<>"",N(H17)<='설정'!$E$6))),AND('설정'!$F$6<>"",AND(G17<>"",H17<>""),(N(G17)+N(H17))<='설정'!$F$6))),'설정'!$B$6,IF(IF(COUNT('설정'!$C$7:$F$7)=0,AND(G17<>"",H17<>""),OR(AND('설정'!$C$7<>"",G17<>"",N(G17)>='설정'!$C$7),AND('설정'!$D$7<>"",AND(G17<>"",H17<>""),(N(G17)+N(H17))>='설정'!$D$7),AND('설정'!$E$7<>"",OR(AND(G17<>"",N(G17)<='설정'!$E$7),AND(H17<>"",N(H17)<='설정'!$E$7))),AND('설정'!$F$7<>"",AND(G17<>"",H17<>""),(N(G17)+N(H17))<='설정'!$F$7))),'설정'!$B$7,IF(IF(COUNT('설정'!$C$8:$F$8)=0,AND(G17<>"",H17<>""),OR(AND('설정'!$C$8<>"",G17<>"",N(G17)>='설정'!$C$8),AND('설정'!$D$8<>"",AND(G17<>"",H17<>""),(N(G17)+N(H17))>='설정'!$D$8),AND('설정'!$E$8<>"",OR(AND(G17<>"",N(G17)<='설정'!$E$8),AND(H17<>"",N(H17)<='설정'!$E$8))),AND('설정'!$F$8<>"",AND(G17<>"",H17<>""),(N(G17)+N(H17))<='설정'!$F$8))),'설정'!$B$8,'설정'!$B$9)))) | L17: =IF(OR(G17="",H17=""),"",IF(SUMPRODUCT(ISNUMBER('설정'!$C$6:$C$8)*(ABS(G17-'설정'!$C$6:$C$8)<='설정'!$C$15))+SUMPRODUCT(ISNUMBER('설정'!$D$6:$D$8)*(ABS((G17+H17)-'설정'!$D$6:$D$8)<='설정'!$C$15))+SUMPRODUCT(ISNUMBER('설정'!$F$6:$F$8)*(ABS((G17+H17)-'설정'!$F$6:$F$8)<='설정'!$C$15))+SUMPRODUCT(ISNUMBER('설정'!$E$6:$E$8)*(ABS(G17-'설정'!$E$6:$E$8)<='설정'!$C$15))+SUMPRODUCT(ISNUMBER('설정'!$E$6:$E$8)*(ABS(H17-'설정'!$E$6:$E$8)<='설정'!$C$15))>0,"경계","")) | O17: =IF(M17<>"",M17,K17) | P17: =IF(I17="","",IF(G17="","공수1 미응시",IF(H17="","공수2 미응시",""))) | Q17: =IF(J17="","",J17+ROW()/100000)
A18: 12 | B18: =IF('학생명단'!B18="","",'학생명단'!B18) | C18: =IF('학생명단'!C18="","",'학생명단'!C18) | D18: =IF('학생명단'!D18="","",'학생명단'!D18) | E18: =IF('학생명단'!E18="","",'학생명단'!E18) | F18: =IF('학생명단'!F18="","",'학생명단'!F18) | G18: ='공수1'!Y18 | H18: ='공수2'!Y18 | I18: =IF(AND(G18="",H18=""),"",N(G18)*'설정'!$C$13+N(H18)*'설정'!$C$14) | J18: =IF(I18="","",COUNTIF($I$7:$I$156,">"&I18)+1) | K18: =IF(I18="","",IF(IF(COUNT('설정'!$C$6:$F$6)=0,AND(G18<>"",H18<>""),OR(AND('설정'!$C$6<>"",G18<>"",N(G18)>='설정'!$C$6),AND('설정'!$D$6<>"",AND(G18<>"",H18<>""),(N(G18)+N(H18))>='설정'!$D$6),AND('설정'!$E$6<>"",OR(AND(G18<>"",N(G18)<='설정'!$E$6),AND(H18<>"",N(H18)<='설정'!$E$6))),AND('설정'!$F$6<>"",AND(G18<>"",H18<>""),(N(G18)+N(H18))<='설정'!$F$6))),'설정'!$B$6,IF(IF(COUNT('설정'!$C$7:$F$7)=0,AND(G18<>"",H18<>""),OR(AND('설정'!$C$7<>"",G18<>"",N(G18)>='설정'!$C$7),AND('설정'!$D$7<>"",AND(G18<>"",H18<>""),(N(G18)+N(H18))>='설정'!$D$7),AND('설정'!$E$7<>"",OR(AND(G18<>"",N(G18)<='설정'!$E$7),AND(H18<>"",N(H18)<='설정'!$E$7))),AND('설정'!$F$7<>"",AND(G18<>"",H18<>""),(N(G18)+N(H18))<='설정'!$F$7))),'설정'!$B$7,IF(IF(COUNT('설정'!$C$8:$F$8)=0,AND(G18<>"",H18<>""),OR(AND('설정'!$C$8<>"",G18<>"",N(G18)>='설정'!$C$8),AND('설정'!$D$8<>"",AND(G18<>"",H18<>""),(N(G18)+N(H18))>='설정'!$D$8),AND('설정'!$E$8<>"",OR(AND(G18<>"",N(G18)<='설정'!$E$8),AND(H18<>"",N(H18)<='설정'!$E$8))),AND('설정'!$F$8<>"",AND(G18<>"",H18<>""),(N(G18)+N(H18))<='설정'!$F$8))),'설정'!$B$8,'설정'!$B$9)))) | L18: =IF(OR(G18="",H18=""),"",IF(SUMPRODUCT(ISNUMBER('설정'!$C$6:$C$8)*(ABS(G18-'설정'!$C$6:$C$8)<='설정'!$C$15))+SUMPRODUCT(ISNUMBER('설정'!$D$6:$D$8)*(ABS((G18+H18)-'설정'!$D$6:$D$8)<='설정'!$C$15))+SUMPRODUCT(ISNUMBER('설정'!$F$6:$F$8)*(ABS((G18+H18)-'설정'!$F$6:$F$8)<='설정'!$C$15))+SUMPRODUCT(ISNUMBER('설정'!$E$6:$E$8)*(ABS(G18-'설정'!$E$6:$E$8)<='설정'!$C$15))+SUMPRODUCT(ISNUMBER('설정'!$E$6:$E$8)*(ABS(H18-'설정'!$E$6:$E$8)<='설정'!$C$15))>0,"경계","")) | O18: =IF(M18<>"",M18,K18) | P18: =IF(I18="","",IF(G18="","공수1 미응시",IF(H18="","공수2 미응시",""))) | Q18: =IF(J18="","",J18+ROW()/100000)
A19: 13 | B19: =IF('학생명단'!B19="","",'학생명단'!B19) | C19: =IF('학생명단'!C19="","",'학생명단'!C19) | D19: =IF('학생명단'!D19="","",'학생명단'!D19) | E19: =IF('학생명단'!E19="","",'학생명단'!E19) | F19: =IF('학생명단'!F19="","",'학생명단'!F19) | G19: ='공수1'!Y19 | H19: ='공수2'!Y19 | I19: =IF(AND(G19="",H19=""),"",N(G19)*'설정'!$C$13+N(H19)*'설정'!$C$14) | J19: =IF(I19="","",COUNTIF($I$7:$I$156,">"&I19)+1) | K19: =IF(I19="","",IF(IF(COUNT('설정'!$C$6:$F$6)=0,AND(G19<>"",H19<>""),OR(AND('설정'!$C$6<>"",G19<>"",N(G19)>='설정'!$C$6),AND('설정'!$D$6<>"",AND(G19<>"",H19<>""),(N(G19)+N(H19))>='설정'!$D$6),AND('설정'!$E$6<>"",OR(AND(G19<>"",N(G19)<='설정'!$E$6),AND(H19<>"",N(H19)<='설정'!$E$6))),AND('설정'!$F$6<>"",AND(G19<>"",H19<>""),(N(G19)+N(H19))<='설정'!$F$6))),'설정'!$B$6,IF(IF(COUNT('설정'!$C$7:$F$7)=0,AND(G19<>"",H19<>""),OR(AND('설정'!$C$7<>"",G19<>"",N(G19)>='설정'!$C$7),AND('설정'!$D$7<>"",AND(G19<>"",H19<>""),(N(G19)+N(H19))>='설정'!$D$7),AND('설정'!$E$7<>"",OR(AND(G19<>"",N(G19)<='설정'!$E$7),AND(H19<>"",N(H19)<='설정'!$E$7))),AND('설정'!$F$7<>"",AND(G19<>"",H19<>""),(N(G19)+N(H19))<='설정'!$F$7))),'설정'!$B$7,IF(IF(COUNT('설정'!$C$8:$F$8)=0,AND(G19<>"",H19<>""),OR(AND('설정'!$C$8<>"",G19<>"",N(G19)>='설정'!$C$8),AND('설정'!$D$8<>"",AND(G19<>"",H19<>""),(N(G19)+N(H19))>='설정'!$D$8),AND('설정'!$E$8<>"",OR(AND(G19<>"",N(G19)<='설정'!$E$8),AND(H19<>"",N(H19)<='설정'!$E$8))),AND('설정'!$F$8<>"",AND(G19<>"",H19<>""),(N(G19)+N(H19))<='설정'!$F$8))),'설정'!$B$8,'설정'!$B$9)))) | L19: =IF(OR(G19="",H19=""),"",IF(SUMPRODUCT(ISNUMBER('설정'!$C$6:$C$8)*(ABS(G19-'설정'!$C$6:$C$8)<='설정'!$C$15))+SUMPRODUCT(ISNUMBER('설정'!$D$6:$D$8)*(ABS((G19+H19)-'설정'!$D$6:$D$8)<='설정'!$C$15))+SUMPRODUCT(ISNUMBER('설정'!$F$6:$F$8)*(ABS((G19+H19)-'설정'!$F$6:$F$8)<='설정'!$C$15))+SUMPRODUCT(ISNUMBER('설정'!$E$6:$E$8)*(ABS(G19-'설정'!$E$6:$E$8)<='설정'!$C$15))+SUMPRODUCT(ISNUMBER('설정'!$E$6:$E$8)*(ABS(H19-'설정'!$E$6:$E$8)<='설정'!$C$15))>0,"경계","")) | O19: =IF(M19<>"",M19,K19) | P19: =IF(I19="","",IF(G19="","공수1 미응시",IF(H19="","공수2 미응시",""))) | Q19: =IF(J19="","",J19+ROW()/100000)
A20: 14 | B20: =IF('학생명단'!B20="","",'학생명단'!B20) | C20: =IF('학생명단'!C20="","",'학생명단'!C20) | D20: =IF('학생명단'!D20="","",'학생명단'!D20) | E20: =IF('학생명단'!E20="","",'학생명단'!E20) | F20: =IF('학생명단'!F20="","",'학생명단'!F20) | G20: ='공수1'!Y20 | H20: ='공수2'!Y20 | I20: =IF(AND(G20="",H20=""),"",N(G20)*'설정'!$C$13+N(H20)*'설정'!$C$14) | J20: =IF(I20="","",COUNTIF($I$7:$I$156,">"&I20)+1) | K20: =IF(I20="","",IF(IF(COUNT('설정'!$C$6:$F$6)=0,AND(G20<>"",H20<>""),OR(AND('설정'!$C$6<>"",G20<>"",N(G20)>='설정'!$C$6),AND('설정'!$D$6<>"",AND(G20<>"",H20<>""),(N(G20)+N(H20))>='설정'!$D$6),AND('설정'!$E$6<>"",OR(AND(G20<>"",N(G20)<='설정'!$E$6),AND(H20<>"",N(H20)<='설정'!$E$6))),AND('설정'!$F$6<>"",AND(G20<>"",H20<>""),(N(G20)+N(H20))<='설정'!$F$6))),'설정'!$B$6,IF(IF(COUNT('설정'!$C$7:$F$7)=0,AND(G20<>"",H20<>""),OR(AND('설정'!$C$7<>"",G20<>"",N(G20)>='설정'!$C$7),AND('설정'!$D$7<>"",AND(G20<>"",H20<>""),(N(G20)+N(H20))>='설정'!$D$7),AND('설정'!$E$7<>"",OR(AND(G20<>"",N(G20)<='설정'!$E$7),AND(H20<>"",N(H20)<='설정'!$E$7))),AND('설정'!$F$7<>"",AND(G20<>"",H20<>""),(N(G20)+N(H20))<='설정'!$F$7))),'설정'!$B$7,IF(IF(COUNT('설정'!$C$8:$F$8)=0,AND(G20<>"",H20<>""),OR(AND('설정'!$C$8<>"",G20<>"",N(G20)>='설정'!$C$8),AND('설정'!$D$8<>"",AND(G20<>"",H20<>""),(N(G20)+N(H20))>='설정'!$D$8),AND('설정'!$E$8<>"",OR(AND(G20<>"",N(G20)<='설정'!$E$8),AND(H20<>"",N(H20)<='설정'!$E$8))),AND('설정'!$F$8<>"",AND(G20<>"",H20<>""),(N(G20)+N(H20))<='설정'!$F$8))),'설정'!$B$8,'설정'!$B$9)))) | L20: =IF(OR(G20="",H20=""),"",IF(SUMPRODUCT(ISNUMBER('설정'!$C$6:$C$8)*(ABS(G20-'설정'!$C$6:$C$8)<='설정'!$C$15))+SUMPRODUCT(ISNUMBER('설정'!$D$6:$D$8)*(ABS((G20+H20)-'설정'!$D$6:$D$8)<='설정'!$C$15))+SUMPRODUCT(ISNUMBER('설정'!$F$6:$F$8)*(ABS((G20+H20)-'설정'!$F$6:$F$8)<='설정'!$C$15))+SUMPRODUCT(ISNUMBER('설정'!$E$6:$E$8)*(ABS(G20-'설정'!$E$6:$E$8)<='설정'!$C$15))+SUMPRODUCT(ISNUMBER('설정'!$E$6:$E$8)*(ABS(H20-'설정'!$E$6:$E$8)<='설정'!$C$15))>0,"경계","")) | O20: =IF(M20<>"",M20,K20) | P20: =IF(I20="","",IF(G20="","공수1 미응시",IF(H20="","공수2 미응시",""))) | Q20: =IF(J20="","",J20+ROW()/100000)
A21: 15 | B21: =IF('학생명단'!B21="","",'학생명단'!B21) | C21: =IF('학생명단'!C21="","",'학생명단'!C21) | D21: =IF('학생명단'!D21="","",'학생명단'!D21) | E21: =IF('학생명단'!E21="","",'학생명단'!E21) | F21: =IF('학생명단'!F21="","",'학생명단'!F21) | G21: ='공수1'!Y21 | H21: ='공수2'!Y21 | I21: =IF(AND(G21="",H21=""),"",N(G21)*'설정'!$C$13+N(H21)*'설정'!$C$14) | J21: =IF(I21="","",COUNTIF($I$7:$I$156,">"&I21)+1) | K21: =IF(I21="","",IF(IF(COUNT('설정'!$C$6:$F$6)=0,AND(G21<>"",H21<>""),OR(AND('설정'!$C$6<>"",G21<>"",N(G21)>='설정'!$C$6),AND('설정'!$D$6<>"",AND(G21<>"",H21<>""),(N(G21)+N(H21))>='설정'!$D$6),AND('설정'!$E$6<>"",OR(AND(G21<>"",N(G21)<='설정'!$E$6),AND(H21<>"",N(H21)<='설정'!$E$6))),AND('설정'!$F$6<>"",AND(G21<>"",H21<>""),(N(G21)+N(H21))<='설정'!$F$6))),'설정'!$B$6,IF(IF(COUNT('설정'!$C$7:$F$7)=0,AND(G21<>"",H21<>""),OR(AND('설정'!$C$7<>"",G21<>"",N(G21)>='설정'!$C$7),AND('설정'!$D$7<>"",AND(G21<>"",H21<>""),(N(G21)+N(H21))>='설정'!$D$7),AND('설정'!$E$7<>"",OR(AND(G21<>"",N(G21)<='설정'!$E$7),AND(H21<>"",N(H21)<='설정'!$E$7))),AND('설정'!$F$7<>"",AND(G21<>"",H21<>""),(N(G21)+N(H21))<='설정'!$F$7))),'설정'!$B$7,IF(IF(COUNT('설정'!$C$8:$F$8)=0,AND(G21<>"",H21<>""),OR(AND('설정'!$C$8<>"",G21<>"",N(G21)>='설정'!$C$8),AND('설정'!$D$8<>"",AND(G21<>"",H21<>""),(N(G21)+N(H21))>='설정'!$D$8),AND('설정'!$E$8<>"",OR(AND(G21<>"",N(G21)<='설정'!$E$8),AND(H21<>"",N(H21)<='설정'!$E$8))),AND('설정'!$F$8<>"",AND(G21<>"",H21<>""),(N(G21)+N(H21))<='설정'!$F$8))),'설정'!$B$8,'설정'!$B$9)))) | L21: =IF(OR(G21="",H21=""),"",IF(SUMPRODUCT(ISNUMBER('설정'!$C$6:$C$8)*(ABS(G21-'설정'!$C$6:$C$8)<='설정'!$C$15))+SUMPRODUCT(ISNUMBER('설정'!$D$6:$D$8)*(ABS((G21+H21)-'설정'!$D$6:$D$8)<='설정'!$C$15))+SUMPRODUCT(ISNUMBER('설정'!$F$6:$F$8)*(ABS((G21+H21)-'설정'!$F$6:$F$8)<='설정'!$C$15))+SUMPRODUCT(ISNUMBER('설정'!$E$6:$E$8)*(ABS(G21-'설정'!$E$6:$E$8)<='설정'!$C$15))+SUMPRODUCT(ISNUMBER('설정'!$E$6:$E$8)*(ABS(H21-'설정'!$E$6:$E$8)<='설정'!$C$15))>0,"경계","")) | O21: =IF(M21<>"",M21,K21) | P21: =IF(I21="","",IF(G21="","공수1 미응시",IF(H21="","공수2 미응시",""))) | Q21: =IF(J21="","",J21+ROW()/100000)
A22: 16 | B22: =IF('학생명단'!B22="","",'학생명단'!B22) | C22: =IF('학생명단'!C22="","",'학생명단'!C22) | D22: =IF('학생명단'!D22="","",'학생명단'!D22) | E22: =IF('학생명단'!E22="","",'학생명단'!E22) | F22: =IF('학생명단'!F22="","",'학생명단'!F22) | G22: ='공수1'!Y22 | H22: ='공수2'!Y22 | I22: =IF(AND(G22="",H22=""),"",N(G22)*'설정'!$C$13+N(H22)*'설정'!$C$14) | J22: =IF(I22="","",COUNTIF($I$7:$I$156,">"&I22)+1) | K22: =IF(I22="","",IF(IF(COUNT('설정'!$C$6:$F$6)=0,AND(G22<>"",H22<>""),OR(AND('설정'!$C$6<>"",G22<>"",N(G22)>='설정'!$C$6),AND('설정'!$D$6<>"",AND(G22<>"",H22<>""),(N(G22)+N(H22))>='설정'!$D$6),AND('설정'!$E$6<>"",OR(AND(G22<>"",N(G22)<='설정'!$E$6),AND(H22<>"",N(H22)<='설정'!$E$6))),AND('설정'!$F$6<>"",AND(G22<>"",H22<>""),(N(G22)+N(H22))<='설정'!$F$6))),'설정'!$B$6,IF(IF(COUNT('설정'!$C$7:$F$7)=0,AND(G22<>"",H22<>""),OR(AND('설정'!$C$7<>"",G22<>"",N(G22)>='설정'!$C$7),AND('설정'!$D$7<>"",AND(G22<>"",H22<>""),(N(G22)+N(H22))>='설정'!$D$7),AND('설정'!$E$7<>"",OR(AND(G22<>"",N(G22)<='설정'!$E$7),AND(H22<>"",N(H22)<='설정'!$E$7))),AND('설정'!$F$7<>"",AND(G22<>"",H22<>""),(N(G22)+N(H22))<='설정'!$F$7))),'설정'!$B$7,IF(IF(COUNT('설정'!$C$8:$F$8)=0,AND(G22<>"",H22<>""),OR(AND('설정'!$C$8<>"",G22<>"",N(G22)>='설정'!$C$8),AND('설정'!$D$8<>"",AND(G22<>"",H22<>""),(N(G22)+N(H22))>='설정'!$D$8),AND('설정'!$E$8<>"",OR(AND(G22<>"",N(G22)<='설정'!$E$8),AND(H22<>"",N(H22)<='설정'!$E$8))),AND('설정'!$F$8<>"",AND(G22<>"",H22<>""),(N(G22)+N(H22))<='설정'!$F$8))),'설정'!$B$8,'설정'!$B$9)))) | L22: =IF(OR(G22="",H22=""),"",IF(SUMPRODUCT(ISNUMBER('설정'!$C$6:$C$8)*(ABS(G22-'설정'!$C$6:$C$8)<='설정'!$C$15))+SUMPRODUCT(ISNUMBER('설정'!$D$6:$D$8)*(ABS((G22+H22)-'설정'!$D$6:$D$8)<='설정'!$C$15))+SUMPRODUCT(ISNUMBER('설정'!$F$6:$F$8)*(ABS((G22+H22)-'설정'!$F$6:$F$8)<='설정'!$C$15))+SUMPRODUCT(ISNUMBER('설정'!$E$6:$E$8)*(ABS(G22-'설정'!$E$6:$E$8)<='설정'!$C$15))+SUMPRODUCT(ISNUMBER('설정'!$E$6:$E$8)*(ABS(H22-'설정'!$E$6:$E$8)<='설정'!$C$15))>0,"경계","")) | O22: =IF(M22<>"",M22,K22) | P22: =IF(I22="","",IF(G22="","공수1 미응시",IF(H22="","공수2 미응시",""))) | Q22: =IF(J22="","",J22+ROW()/100000)
A23: 17 | B23: =IF('학생명단'!B23="","",'학생명단'!B23) | C23: =IF('학생명단'!C23="","",'학생명단'!C23) | D23: =IF('학생명단'!D23="","",'학생명단'!D23) | E23: =IF('학생명단'!E23="","",'학생명단'!E23) | F23: =IF('학생명단'!F23="","",'학생명단'!F23) | G23: ='공수1'!Y23 | H23: ='공수2'!Y23 | I23: =IF(AND(G23="",H23=""),"",N(G23)*'설정'!$C$13+N(H23)*'설정'!$C$14) | J23: =IF(I23="","",COUNTIF($I$7:$I$156,">"&I23)+1) | K23: =IF(I23="","",IF(IF(COUNT('설정'!$C$6:$F$6)=0,AND(G23<>"",H23<>""),OR(AND('설정'!$C$6<>"",G23<>"",N(G23)>='설정'!$C$6),AND('설정'!$D$6<>"",AND(G23<>"",H23<>""),(N(G23)+N(H23))>='설정'!$D$6),AND('설정'!$E$6<>"",OR(AND(G23<>"",N(G23)<='설정'!$E$6),AND(H23<>"",N(H23)<='설정'!$E$6))),AND('설정'!$F$6<>"",AND(G23<>"",H23<>""),(N(G23)+N(H23))<='설정'!$F$6))),'설정'!$B$6,IF(IF(COUNT('설정'!$C$7:$F$7)=0,AND(G23<>"",H23<>""),OR(AND('설정'!$C$7<>"",G23<>"",N(G23)>='설정'!$C$7),AND('설정'!$D$7<>"",AND(G23<>"",H23<>""),(N(G23)+N(H23))>='설정'!$D$7),AND('설정'!$E$7<>"",OR(AND(G23<>"",N(G23)<='설정'!$E$7),AND(H23<>"",N(H23)<='설정'!$E$7))),AND('설정'!$F$7<>"",AND(G23<>"",H23<>""),(N(G23)+N(H23))<='설정'!$F$7))),'설정'!$B$7,IF(IF(COUNT('설정'!$C$8:$F$8)=0,AND(G23<>"",H23<>""),OR(AND('설정'!$C$8<>"",G23<>"",N(G23)>='설정'!$C$8),AND('설정'!$D$8<>"",AND(G23<>"",H23<>""),(N(G23)+N(H23))>='설정'!$D$8),AND('설정'!$E$8<>"",OR(AND(G23<>"",N(G23)<='설정'!$E$8),AND(H23<>"",N(H23)<='설정'!$E$8))),AND('설정'!$F$8<>"",AND(G23<>"",H23<>""),(N(G23)+N(H23))<='설정'!$F$8))),'설정'!$B$8,'설정'!$B$9)))) | L23: =IF(OR(G23="",H23=""),"",IF(SUMPRODUCT(ISNUMBER('설정'!$C$6:$C$8)*(ABS(G23-'설정'!$C$6:$C$8)<='설정'!$C$15))+SUMPRODUCT(ISNUMBER('설정'!$D$6:$D$8)*(ABS((G23+H23)-'설정'!$D$6:$D$8)<='설정'!$C$15))+SUMPRODUCT(ISNUMBER('설정'!$F$6:$F$8)*(ABS((G23+H23)-'설정'!$F$6:$F$8)<='설정'!$C$15))+SUMPRODUCT(ISNUMBER('설정'!$E$6:$E$8)*(ABS(G23-'설정'!$E$6:$E$8)<='설정'!$C$15))+SUMPRODUCT(ISNUMBER('설정'!$E$6:$E$8)*(ABS(H23-'설정'!$E$6:$E$8)<='설정'!$C$15))>0,"경계","")) | O23: =IF(M23<>"",M23,K23) | P23: =IF(I23="","",IF(G23="","공수1 미응시",IF(H23="","공수2 미응시",""))) | Q23: =IF(J23="","",J23+ROW()/100000)
A24: 18 | B24: =IF('학생명단'!B24="","",'학생명단'!B24) | C24: =IF('학생명단'!C24="","",'학생명단'!C24) | D24: =IF('학생명단'!D24="","",'학생명단'!D24) | E24: =IF('학생명단'!E24="","",'학생명단'!E24) | F24: =IF('학생명단'!F24="","",'학생명단'!F24) | G24: ='공수1'!Y24 | H24: ='공수2'!Y24 | I24: =IF(AND(G24="",H24=""),"",N(G24)*'설정'!$C$13+N(H24)*'설정'!$C$14) | J24: =IF(I24="","",COUNTIF($I$7:$I$156,">"&I24)+1) | K24: =IF(I24="","",IF(IF(COUNT('설정'!$C$6:$F$6)=0,AND(G24<>"",H24<>""),OR(AND('설정'!$C$6<>"",G24<>"",N(G24)>='설정'!$C$6),AND('설정'!$D$6<>"",AND(G24<>"",H24<>""),(N(G24)+N(H24))>='설정'!$D$6),AND('설정'!$E$6<>"",OR(AND(G24<>"",N(G24)<='설정'!$E$6),AND(H24<>"",N(H24)<='설정'!$E$6))),AND('설정'!$F$6<>"",AND(G24<>"",H24<>""),(N(G24)+N(H24))<='설정'!$F$6))),'설정'!$B$6,IF(IF(COUNT('설정'!$C$7:$F$7)=0,AND(G24<>"",H24<>""),OR(AND('설정'!$C$7<>"",G24<>"",N(G24)>='설정'!$C$7),AND('설정'!$D$7<>"",AND(G24<>"",H24<>""),(N(G24)+N(H24))>='설정'!$D$7),AND('설정'!$E$7<>"",OR(AND(G24<>"",N(G24)<='설정'!$E$7),AND(H24<>"",N(H24)<='설정'!$E$7))),AND('설정'!$F$7<>"",AND(G24<>"",H24<>""),(N(G24)+N(H24))<='설정'!$F$7))),'설정'!$B$7,IF(IF(COUNT('설정'!$C$8:$F$8)=0,AND(G24<>"",H24<>""),OR(AND('설정'!$C$8<>"",G24<>"",N(G24)>='설정'!$C$8),AND('설정'!$D$8<>"",AND(G24<>"",H24<>""),(N(G24)+N(H24))>='설정'!$D$8),AND('설정'!$E$8<>"",OR(AND(G24<>"",N(G24)<='설정'!$E$8),AND(H24<>"",N(H24)<='설정'!$E$8))),AND('설정'!$F$8<>"",AND(G24<>"",H24<>""),(N(G24)+N(H24))<='설정'!$F$8))),'설정'!$B$8,'설정'!$B$9)))) | L24: =IF(OR(G24="",H24=""),"",IF(SUMPRODUCT(ISNUMBER('설정'!$C$6:$C$8)*(ABS(G24-'설정'!$C$6:$C$8)<='설정'!$C$15))+SUMPRODUCT(ISNUMBER('설정'!$D$6:$D$8)*(ABS((G24+H24)-'설정'!$D$6:$D$8)<='설정'!$C$15))+SUMPRODUCT(ISNUMBER('설정'!$F$6:$F$8)*(ABS((G24+H24)-'설정'!$F$6:$F$8)<='설정'!$C$15))+SUMPRODUCT(ISNUMBER('설정'!$E$6:$E$8)*(ABS(G24-'설정'!$E$6:$E$8)<='설정'!$C$15))+SUMPRODUCT(ISNUMBER('설정'!$E$6:$E$8)*(ABS(H24-'설정'!$E$6:$E$8)<='설정'!$C$15))>0,"경계","")) | O24: =IF(M24<>"",M24,K24) | P24: =IF(I24="","",IF(G24="","공수1 미응시",IF(H24="","공수2 미응시",""))) | Q24: =IF(J24="","",J24+ROW()/100000)
A25: 19 | B25: =IF('학생명단'!B25="","",'학생명단'!B25) | C25: =IF('학생명단'!C25="","",'학생명단'!C25) | D25: =IF('학생명단'!D25="","",'학생명단'!D25) | E25: =IF('학생명단'!E25="","",'학생명단'!E25) | F25: =IF('학생명단'!F25="","",'학생명단'!F25) | G25: ='공수1'!Y25 | H25: ='공수2'!Y25 | I25: =IF(AND(G25="",H25=""),"",N(G25)*'설정'!$C$13+N(H25)*'설정'!$C$14) | J25: =IF(I25="","",COUNTIF($I$7:$I$156,">"&I25)+1) | K25: =IF(I25="","",IF(IF(COUNT('설정'!$C$6:$F$6)=0,AND(G25<>"",H25<>""),OR(AND('설정'!$C$6<>"",G25<>"",N(G25)>='설정'!$C$6),AND('설정'!$D$6<>"",AND(G25<>"",H25<>""),(N(G25)+N(H25))>='설정'!$D$6),AND('설정'!$E$6<>"",OR(AND(G25<>"",N(G25)<='설정'!$E$6),AND(H25<>"",N(H25)<='설정'!$E$6))),AND('설정'!$F$6<>"",AND(G25<>"",H25<>""),(N(G25)+N(H25))<='설정'!$F$6))),'설정'!$B$6,IF(IF(COUNT('설정'!$C$7:$F$7)=0,AND(G25<>"",H25<>""),OR(AND('설정'!$C$7<>"",G25<>"",N(G25)>='설정'!$C$7),AND('설정'!$D$7<>"",AND(G25<>"",H25<>""),(N(G25)+N(H25))>='설정'!$D$7),AND('설정'!$E$7<>"",OR(AND(G25<>"",N(G25)<='설정'!$E$7),AND(H25<>"",N(H25)<='설정'!$E$7))),AND('설정'!$F$7<>"",AND(G25<>"",H25<>""),(N(G25)+N(H25))<='설정'!$F$7))),'설정'!$B$7,IF(IF(COUNT('설정'!$C$8:$F$8)=0,AND(G25<>"",H25<>""),OR(AND('설정'!$C$8<>"",G25<>"",N(G25)>='설정'!$C$8),AND('설정'!$D$8<>"",AND(G25<>"",H25<>""),(N(G25)+N(H25))>='설정'!$D$8),AND('설정'!$E$8<>"",OR(AND(G25<>"",N(G25)<='설정'!$E$8),AND(H25<>"",N(H25)<='설정'!$E$8))),AND('설정'!$F$8<>"",AND(G25<>"",H25<>""),(N(G25)+N(H25))<='설정'!$F$8))),'설정'!$B$8,'설정'!$B$9)))) | L25: =IF(OR(G25="",H25=""),"",IF(SUMPRODUCT(ISNUMBER('설정'!$C$6:$C$8)*(ABS(G25-'설정'!$C$6:$C$8)<='설정'!$C$15))+SUMPRODUCT(ISNUMBER('설정'!$D$6:$D$8)*(ABS((G25+H25)-'설정'!$D$6:$D$8)<='설정'!$C$15))+SUMPRODUCT(ISNUMBER('설정'!$F$6:$F$8)*(ABS((G25+H25)-'설정'!$F$6:$F$8)<='설정'!$C$15))+SUMPRODUCT(ISNUMBER('설정'!$E$6:$E$8)*(ABS(G25-'설정'!$E$6:$E$8)<='설정'!$C$15))+SUMPRODUCT(ISNUMBER('설정'!$E$6:$E$8)*(ABS(H25-'설정'!$E$6:$E$8)<='설정'!$C$15))>0,"경계","")) | O25: =IF(M25<>"",M25,K25) | P25: =IF(I25="","",IF(G25="","공수1 미응시",IF(H25="","공수2 미응시",""))) | Q25: =IF(J25="","",J25+ROW()/100000)
... A156: 150 | B156: =IF('학생명단'!B156="","",'학생명단'!B156) | C156: =IF('학생명단'!C156="","",'학생명단'!C156) | D156: =IF('학생명단'!D156="","",'학생명단'!D156) | E156: =IF('학생명단'!E156="","",'학생명단'!E156) | F156: =IF('학생명단'!F156="","",'학생명단'!F156) | G156: ='공수1'!Y156 | H156: ='공수2'!Y156 | I156: =IF(AND(G156="",H156=""),"",N(G156)*'설정'!$C$13+N(H156)*'설정'!$C$14) | J156: =IF(I156="","",COUNTIF($I$7:$I$156,">"&I156)+1) | K156: =IF(I156="","",IF(IF(COUNT('설정'!$C$6:$F$6)=0,AND(G156<>"",H156<>""),OR(AND('설정'!$C$6<>"",G156<>"",N(G156)>='설정'!$C$6),AND('설정'!$D$6<>"",AND(G156<>"",H156<>""),(N(G156)+N(H156))>='설정'!$D$6),AND('설정'!$E$6<>"",OR(AND(G156<>"",N(G156)<='설정'!$E$6),AND(H156<>"",N(H156)<='설정'!$E$6))),AND('설정'!$F$6<>"",AND(G156<>"",H156<>""),(N(G156)+N(H156))<='설정'!$F$6))),'설정'!$B$6,IF(IF(COUNT('설정'!$C$7:$F$7)=0,AND(G156<>"",H156<>""),OR(AND('설정'!$C$7<>"",G156<>"",N(G156)>='설정'!$C$7),AND('설정'!$D$7<>"",AND(G156<>"",H156<>""),(N(G156)+N(H156))>='설정'!$D$7),AND('설정'!$E$7<>"",OR(AND(G156<>"",N(G156)<='설정'!$E$7),AND(H156<>"",N(H156)<='설정'!$E$7))),AND('설정'!$F$7<>"",AND(G156<>"",H156<>""),(N(G156)+N(H156))<='설정'!$F$7))),'설정'!$B$7,IF(IF(COUNT('설정'!$C$8:$F$8)=0,AND(G156<>"",H156<>""),OR(AND('설정'!$C$8<>"",G156<>"",N(G156)>='설정'!$C$8),AND('설정'!$D$8<>"",AND(G156<>"",H156<>""),(N(G156)+N(H156))>='설정'!$D$8),AND('설정'!$E$8<>"",OR(AND(G156<>"",N(G156)<='설정'!$E$8),AND(H156<>"",N(H156)<='설정'!$E$8))),AND('설정'!$F$8<>"",AND(G156<>"",H156<>""),(N(G156)+N(H156))<='설정'!$F$8))),'설정'!$B$8,'설정'!$B$9)))) | L156: =IF(OR(G156="",H156=""),"",IF(SUMPRODUCT(ISNUMBER('설정'!$C$6:$C$8)*(ABS(G156-'설정'!$C$6:$C$8)<='설정'!$C$15))+SUMPRODUCT(ISNUMBER('설정'!$D$6:$D$8)*(ABS((G156+H156)-'설정'!$D$6:$D$8)<='설정'!$C$15))+SUMPRODUCT(ISNUMBER('설정'!$F$6:$F$8)*(ABS((G156+H156)-'설정'!$F$6:$F$8)<='설정'!$C$15))+SUMPRODUCT(ISNUMBER('설정'!$E$6:$E$8)*(ABS(G156-'설정'!$E$6:$E$8)<='설정'!$C$15))+SUMPRODUCT(ISNUMBER('설정'!$E$6:$E$8)*(ABS(H156-'설정'!$E$6:$E$8)<='설정'!$C$15))>0,"경계","")) | O156: =IF(M156<>"",M156,K156) | P156: =IF(I156="","",IF(G156="","공수1 미응시",IF(H156="","공수2 미응시",""))) | Q156: =IF(J156="","",J156+ROW()/100000)

Sheet 석차순
A1: 석차순 명단 (참고·상담용)
A2: 자동 정렬됩니다. 반 배정은 절대평가이며 석차는 참고용입니다.
A6: 석차 | B6: 이름 | C6: 학교 | D6: 구분 | E6: 기존 반 | F6: 공수1 | G6: 공수2 | H6: 환산총점 | I6: 공통수학반 | J6: 선행반 | K6: 경계 | L6: 비고
A7: =IF($N7="","",INDEX('반배정'!J$7:J$156,$N7)) | B7: =IF($N7="","",INDEX('반배정'!B$7:B$156,$N7)) | C7: =IF($N7="","",INDEX('반배정'!C$7:C$156,$N7)) | D7: =IF($N7="","",INDEX('반배정'!D$7:D$156,$N7)) | E7: =IF($N7="","",INDEX('반배정'!E$7:E$156,$N7)) | F7: =IF($N7="","",INDEX('반배정'!G$7:G$156,$N7)) | G7: =IF($N7="","",INDEX('반배정'!H$7:H$156,$N7)) | H7: =IF($N7="","",INDEX('반배정'!I$7:I$156,$N7)) | I7: =IF($N7="","",INDEX('반배정'!O$7:O$156,$N7)) | J7: =IF($N7="","",INDEX('반배정'!N$7:N$156,$N7)&"") | K7: =IF($N7="","",INDEX('반배정'!L$7:L$156,$N7)) | L7: =IF($N7="","",INDEX('반배정'!P$7:P$156,$N7)) | M7: =IFERROR(SMALL('반배정'!$Q$7:$Q$156,1),"") | N7: =IF(M7="","",MATCH(M7,'반배정'!$Q$7:$Q$156,0))
A8: =IF($N8="","",INDEX('반배정'!J$7:J$156,$N8)) | B8: =IF($N8="","",INDEX('반배정'!B$7:B$156,$N8)) | C8: =IF($N8="","",INDEX('반배정'!C$7:C$156,$N8)) | D8: =IF($N8="","",INDEX('반배정'!D$7:D$156,$N8)) | E8: =IF($N8="","",INDEX('반배정'!E$7:E$156,$N8)) | F8: =IF($N8="","",INDEX('반배정'!G$7:G$156,$N8)) | G8: =IF($N8="","",INDEX('반배정'!H$7:H$156,$N8)) | H8: =IF($N8="","",INDEX('반배정'!I$7:I$156,$N8)) | I8: =IF($N8="","",INDEX('반배정'!O$7:O$156,$N8)) | J8: =IF($N8="","",INDEX('반배정'!N$7:N$156,$N8)&"") | K8: =IF($N8="","",INDEX('반배정'!L$7:L$156,$N8)) | L8: =IF($N8="","",INDEX('반배정'!P$7:P$156,$N8)) | M8: =IFERROR(SMALL('반배정'!$Q$7:$Q$156,2),"") | N8: =IF(M8="","",MATCH(M8,'반배정'!$Q$7:$Q$156,0))
A9: =IF($N9="","",INDEX('반배정'!J$7:J$156,$N9)) | B9: =IF($N9="","",INDEX('반배정'!B$7:B$156,$N9)) | C9: =IF($N9="","",INDEX('반배정'!C$7:C$156,$N9)) | D9: =IF($N9="","",INDEX('반배정'!D$7:D$156,$N9)) | E9: =IF($N9="","",INDEX('반배정'!E$7:E$156,$N9)) | F9: =IF($N9="","",INDEX('반배정'!G$7:G$156,$N9)) | G9: =IF($N9="","",INDEX('반배정'!H$7:H$156,$N9)) | H9: =IF($N9="","",INDEX('반배정'!I$7:I$156,$N9)) | I9: =IF($N9="","",INDEX('반배정'!O$7:O$156,$N9)) | J9: =IF($N9="","",INDEX('반배정'!N$7:N$156,$N9)&"") | K9: =IF($N9="","",INDEX('반배정'!L$7:L$156,$N9)) | L9: =IF($N9="","",INDEX('반배정'!P$7:P$156,$N9)) | M9: =IFERROR(SMALL('반배정'!$Q$7:$Q$156,3),"") | N9: =IF(M9="","",MATCH(M9,'반배정'!$Q$7:$Q$156,0))
A10: =IF($N10="","",INDEX('반배정'!J$7:J$156,$N10)) | B10: =IF($N10="","",INDEX('반배정'!B$7:B$156,$N10)) | C10: =IF($N10="","",INDEX('반배정'!C$7:C$156,$N10)) | D10: =IF($N10="","",INDEX('반배정'!D$7:D$156,$N10)) | E10: =IF($N10="","",INDEX('반배정'!E$7:E$156,$N10)) | F10: =IF($N10="","",INDEX('반배정'!G$7:G$156,$N10)) | G10: =IF($N10="","",INDEX('반배정'!H$7:H$156,$N10)) | H10: =IF($N10="","",INDEX('반배정'!I$7:I$156,$N10)) | I10: =IF($N10="","",INDEX('반배정'!O$7:O$156,$N10)) | J10: =IF($N10="","",INDEX('반배정'!N$7:N$156,$N10)&"") | K10: =IF($N10="","",INDEX('반배정'!L$7:L$156,$N10)) | L10: =IF($N10="","",INDEX('반배정'!P$7:P$156,$N10)) | M10: =IFERROR(SMALL('반배정'!$Q$7:$Q$156,4),"") | N10: =IF(M10="","",MATCH(M10,'반배정'!$Q$7:$Q$156,0))
A11: =IF($N11="","",INDEX('반배정'!J$7:J$156,$N11)) | B11: =IF($N11="","",INDEX('반배정'!B$7:B$156,$N11)) | C11: =IF($N11="","",INDEX('반배정'!C$7:C$156,$N11)) | D11: =IF($N11="","",INDEX('반배정'!D$7:D$156,$N11)) | E11: =IF($N11="","",INDEX('반배정'!E$7:E$156,$N11)) | F11: =IF($N11="","",INDEX('반배정'!G$7:G$156,$N11)) | G11: =IF($N11="","",INDEX('반배정'!H$7:H$156,$N11)) | H11: =IF($N11="","",INDEX('반배정'!I$7:I$156,$N11)) | I11: =IF($N11="","",INDEX('반배정'!O$7:O$156,$N11)) | J11: =IF($N11="","",INDEX('반배정'!N$7:N$156,$N11)&"") | K11: =IF($N11="","",INDEX('반배정'!L$7:L$156,$N11)) | L11: =IF($N11="","",INDEX('반배정'!P$7:P$156,$N11)) | M11: =IFERROR(SMALL('반배정'!$Q$7:$Q$156,5),"") | N11: =IF(M11="","",MATCH(M11,'반배정'!$Q$7:$Q$156,0))
A12: =IF($N12="","",INDEX('반배정'!J$7:J$156,$N12)) | B12: =IF($N12="","",INDEX('반배정'!B$7:B$156,$N12)) | C12: =IF($N12="","",INDEX('반배정'!C$7:C$156,$N12)) | D12: =IF($N12="","",INDEX('반배정'!D$7:D$156,$N12)) | E12: =IF($N12="","",INDEX('반배정'!E$7:E$156,$N12)) | F12: =IF($N12="","",INDEX('반배정'!G$7:G$156,$N12)) | G12: =IF($N12="","",INDEX('반배정'!H$7:H$156,$N12)) | H12: =IF($N12="","",INDEX('반배정'!I$7:I$156,$N12)) | I12: =IF($N12="","",INDEX('반배정'!O$7:O$156,$N12)) | J12: =IF($N12="","",INDEX('반배정'!N$7:N$156,$N12)&"") | K12: =IF($N12="","",INDEX('반배정'!L$7:L$156,$N12)) | L12: =IF($N12="","",INDEX('반배정'!P$7:P$156,$N12)) | M12: =IFERROR(SMALL('반배정'!$Q$7:$Q$156,6),"") | N12: =IF(M12="","",MATCH(M12,'반배정'!$Q$7:$Q$156,0))
A13: =IF($N13="","",INDEX('반배정'!J$7:J$156,$N13)) | B13: =IF($N13="","",INDEX('반배정'!B$7:B$156,$N13)) | C13: =IF($N13="","",INDEX('반배정'!C$7:C$156,$N13)) | D13: =IF($N13="","",INDEX('반배정'!D$7:D$156,$N13)) | E13: =IF($N13="","",INDEX('반배정'!E$7:E$156,$N13)) | F13: =IF($N13="","",INDEX('반배정'!G$7:G$156,$N13)) | G13: =IF($N13="","",INDEX('반배정'!H$7:H$156,$N13)) | H13: =IF($N13="","",INDEX('반배정'!I$7:I$156,$N13)) | I13: =IF($N13="","",INDEX('반배정'!O$7:O$156,$N13)) | J13: =IF($N13="","",INDEX('반배정'!N$7:N$156,$N13)&"") | K13: =IF($N13="","",INDEX('반배정'!L$7:L$156,$N13)) | L13: =IF($N13="","",INDEX('반배정'!P$7:P$156,$N13)) | M13: =IFERROR(SMALL('반배정'!$Q$7:$Q$156,7),"") | N13: =IF(M13="","",MATCH(M13,'반배정'!$Q$7:$Q$156,0))
A14: =IF($N14="","",INDEX('반배정'!J$7:J$156,$N14)) | B14: =IF($N14="","",INDEX('반배정'!B$7:B$156,$N14)) | C14: =IF($N14="","",INDEX('반배정'!C$7:C$156,$N14)) | D14: =IF($N14="","",INDEX('반배정'!D$7:D$156,$N14)) | E14: =IF($N14="","",INDEX('반배정'!E$7:E$156,$N14)) | F14: =IF($N14="","",INDEX('반배정'!G$7:G$156,$N14)) | G14: =IF($N14="","",INDEX('반배정'!H$7:H$156,$N14)) | H14: =IF($N14="","",INDEX('반배정'!I$7:I$156,$N14)) | I14: =IF($N14="","",INDEX('반배정'!O$7:O$156,$N14)) | J14: =IF($N14="","",INDEX('반배정'!N$7:N$156,$N14)&"") | K14: =IF($N14="","",INDEX('반배정'!L$7:L$156,$N14)) | L14: =IF($N14="","",INDEX('반배정'!P$7:P$156,$N14)) | M14: =IFERROR(SMALL('반배정'!$Q$7:$Q$156,8),"") | N14: =IF(M14="","",MATCH(M14,'반배정'!$Q$7:$Q$156,0))
A15: =IF($N15="","",INDEX('반배정'!J$7:J$156,$N15)) | B15: =IF($N15="","",INDEX('반배정'!B$7:B$156,$N15)) | C15: =IF($N15="","",INDEX('반배정'!C$7:C$156,$N15)) | D15: =IF($N15="","",INDEX('반배정'!D$7:D$156,$N15)) | E15: =IF($N15="","",INDEX('반배정'!E$7:E$156,$N15)) | F15: =IF($N15="","",INDEX('반배정'!G$7:G$156,$N15)) | G15: =IF($N15="","",INDEX('반배정'!H$7:H$156,$N15)) | H15: =IF($N15="","",INDEX('반배정'!I$7:I$156,$N15)) | I15: =IF($N15="","",INDEX('반배정'!O$7:O$156,$N15)) | J15: =IF($N15="","",INDEX('반배정'!N$7:N$156,$N15)&"") | K15: =IF($N15="","",INDEX('반배정'!L$7:L$156,$N15)) | L15: =IF($N15="","",INDEX('반배정'!P$7:P$156,$N15)) | M15: =IFERROR(SMALL('반배정'!$Q$7:$Q$156,9),"") | N15: =IF(M15="","",MATCH(M15,'반배정'!$Q$7:$Q$156,0))
A16: =IF($N16="","",INDEX('반배정'!J$7:J$156,$N16)) | B16: =IF($N16="","",INDEX('반배정'!B$7:B$156,$N16)) | C16: =IF($N16="","",INDEX('반배정'!C$7:C$156,$N16)) | D16: =IF($N16="","",INDEX('반배정'!D$7:D$156,$N16)) | E16: =IF($N16="","",INDEX('반배정'!E$7:E$156,$N16)) | F16: =IF($N16="","",INDEX('반배정'!G$7:G$156,$N16)) | G16: =IF($N16="","",INDEX('반배정'!H$7:H$156,$N16)) | H16: =IF($N16="","",INDEX('반배정'!I$7:I$156,$N16)) | I16: =IF($N16="","",INDEX('반배정'!O$7:O$156,$N16)) | J16: =IF($N16="","",INDEX('반배정'!N$7:N$156,$N16)&"") | K16: =IF($N16="","",INDEX('반배정'!L$7:L$156,$N16)) | L16: =IF($N16="","",INDEX('반배정'!P$7:P$156,$N16)) | M16: =IFERROR(SMALL('반배정'!$Q$7:$Q$156,10),"") | N16: =IF(M16="","",MATCH(M16,'반배정'!$Q$7:$Q$156,0))
A17: =IF($N17="","",INDEX('반배정'!J$7:J$156,$N17)) | B17: =IF($N17="","",INDEX('반배정'!B$7:B$156,$N17)) | C17: =IF($N17="","",INDEX('반배정'!C$7:C$156,$N17)) | D17: =IF($N17="","",INDEX('반배정'!D$7:D$156,$N17)) | E17: =IF($N17="","",INDEX('반배정'!E$7:E$156,$N17)) | F17: =IF($N17="","",INDEX('반배정'!G$7:G$156,$N17)) | G17: =IF($N17="","",INDEX('반배정'!H$7:H$156,$N17)) | H17: =IF($N17="","",INDEX('반배정'!I$7:I$156,$N17)) | I17: =IF($N17="","",INDEX('반배정'!O$7:O$156,$N17)) | J17: =IF($N17="","",INDEX('반배정'!N$7:N$156,$N17)&"") | K17: =IF($N17="","",INDEX('반배정'!L$7:L$156,$N17)) | L17: =IF($N17="","",INDEX('반배정'!P$7:P$156,$N17)) | M17: =IFERROR(SMALL('반배정'!$Q$7:$Q$156,11),"") | N17: =IF(M17="","",MATCH(M17,'반배정'!$Q$7:$Q$156,0))
A18: =IF($N18="","",INDEX('반배정'!J$7:J$156,$N18)) | B18: =IF($N18="","",INDEX('반배정'!B$7:B$156,$N18)) | C18: =IF($N18="","",INDEX('반배정'!C$7:C$156,$N18)) | D18: =IF($N18="","",INDEX('반배정'!D$7:D$156,$N18)) | E18: =IF($N18="","",INDEX('반배정'!E$7:E$156,$N18)) | F18: =IF($N18="","",INDEX('반배정'!G$7:G$156,$N18)) | G18: =IF($N18="","",INDEX('반배정'!H$7:H$156,$N18)) | H18: =IF($N18="","",INDEX('반배정'!I$7:I$156,$N18)) | I18: =IF($N18="","",INDEX('반배정'!O$7:O$156,$N18)) | J18: =IF($N18="","",INDEX('반배정'!N$7:N$156,$N18)&"") | K18: =IF($N18="","",INDEX('반배정'!L$7:L$156,$N18)) | L18: =IF($N18="","",INDEX('반배정'!P$7:P$156,$N18)) | M18: =IFERROR(SMALL('반배정'!$Q$7:$Q$156,12),"") | N18: =IF(M18="","",MATCH(M18,'반배정'!$Q$7:$Q$156,0))
A19: =IF($N19="","",INDEX('반배정'!J$7:J$156,$N19)) | B19: =IF($N19="","",INDEX('반배정'!B$7:B$156,$N19)) | C19: =IF($N19="","",INDEX('반배정'!C$7:C$156,$N19)) | D19: =IF($N19="","",INDEX('반배정'!D$7:D$156,$N19)) | E19: =IF($N19="","",INDEX('반배정'!E$7:E$156,$N19)) | F19: =IF($N19="","",INDEX('반배정'!G$7:G$156,$N19)) | G19: =IF($N19="","",INDEX('반배정'!H$7:H$156,$N19)) | H19: =IF($N19="","",INDEX('반배정'!I$7:I$156,$N19)) | I19: =IF($N19="","",INDEX('반배정'!O$7:O$156,$N19)) | J19: =IF($N19="","",INDEX('반배정'!N$7:N$156,$N19)&"") | K19: =IF($N19="","",INDEX('반배정'!L$7:L$156,$N19)) | L19: =IF($N19="","",INDEX('반배정'!P$7:P$156,$N19)) | M19: =IFERROR(SMALL('반배정'!$Q$7:$Q$156,13),"") | N19: =IF(M19="","",MATCH(M19,'반배정'!$Q$7:$Q$156,0))
A20: =IF($N20="","",INDEX('반배정'!J$7:J$156,$N20)) | B20: =IF($N20="","",INDEX('반배정'!B$7:B$156,$N20)) | C20: =IF($N20="","",INDEX('반배정'!C$7:C$156,$N20)) | D20: =IF($N20="","",INDEX('반배정'!D$7:D$156,$N20)) | E20: =IF($N20="","",INDEX('반배정'!E$7:E$156,$N20)) | F20: =IF($N20="","",INDEX('반배정'!G$7:G$156,$N20)) | G20: =IF($N20="","",INDEX('반배정'!H$7:H$156,$N20)) | H20: =IF($N20="","",INDEX('반배정'!I$7:I$156,$N20)) | I20: =IF($N20="","",INDEX('반배정'!O$7:O$156,$N20)) | J20: =IF($N20="","",INDEX('반배정'!N$7:N$156,$N20)&"") | K20: =IF($N20="","",INDEX('반배정'!L$7:L$156,$N20)) | L20: =IF($N20="","",INDEX('반배정'!P$7:P$156,$N20)) | M20: =IFERROR(SMALL('반배정'!$Q$7:$Q$156,14),"") | N20: =IF(M20="","",MATCH(M20,'반배정'!$Q$7:$Q$156,0))
A21: =IF($N21="","",INDEX('반배정'!J$7:J$156,$N21)) | B21: =IF($N21="","",INDEX('반배정'!B$7:B$156,$N21)) | C21: =IF($N21="","",INDEX('반배정'!C$7:C$156,$N21)) | D21: =IF($N21="","",INDEX('반배정'!D$7:D$156,$N21)) | E21: =IF($N21="","",INDEX('반배정'!E$7:E$156,$N21)) | F21: =IF($N21="","",INDEX('반배정'!G$7:G$156,$N21)) | G21: =IF($N21="","",INDEX('반배정'!H$7:H$156,$N21)) | H21: =IF($N21="","",INDEX('반배정'!I$7:I$156,$N21)) | I21: =IF($N21="","",INDEX('반배정'!O$7:O$156,$N21)) | J21: =IF($N21="","",INDEX('반배정'!N$7:N$156,$N21)&"") | K21: =IF($N21="","",INDEX('반배정'!L$7:L$156,$N21)) | L21: =IF($N21="","",INDEX('반배정'!P$7:P$156,$N21)) | M21: =IFERROR(SMALL('반배정'!$Q$7:$Q$156,15),"") | N21: =IF(M21="","",MATCH(M21,'반배정'!$Q$7:$Q$156,0))
A22: =IF($N22="","",INDEX('반배정'!J$7:J$156,$N22)) | B22: =IF($N22="","",INDEX('반배정'!B$7:B$156,$N22)) | C22: =IF($N22="","",INDEX('반배정'!C$7:C$156,$N22)) | D22: =IF($N22="","",INDEX('반배정'!D$7:D$156,$N22)) | E22: =IF($N22="","",INDEX('반배정'!E$7:E$156,$N22)) | F22: =IF($N22="","",INDEX('반배정'!G$7:G$156,$N22)) | G22: =IF($N22="","",INDEX('반배정'!H$7:H$156,$N22)) | H22: =IF($N22="","",INDEX('반배정'!I$7:I$156,$N22)) | I22: =IF($N22="","",INDEX('반배정'!O$7:O$156,$N22)) | J22: =IF($N22="","",INDEX('반배정'!N$7:N$156,$N22)&"") | K22: =IF($N22="","",INDEX('반배정'!L$7:L$156,$N22)) | L22: =IF($N22="","",INDEX('반배정'!P$7:P$156,$N22)) | M22: =IFERROR(SMALL('반배정'!$Q$7:$Q$156,16),"") | N22: =IF(M22="","",MATCH(M22,'반배정'!$Q$7:$Q$156,0))
A23: =IF($N23="","",INDEX('반배정'!J$7:J$156,$N23)) | B23: =IF($N23="","",INDEX('반배정'!B$7:B$156,$N23)) | C23: =IF($N23="","",INDEX('반배정'!C$7:C$156,$N23)) | D23: =IF($N23="","",INDEX('반배정'!D$7:D$156,$N23)) | E23: =IF($N23="","",INDEX('반배정'!E$7:E$156,$N23)) | F23: =IF($N23="","",INDEX('반배정'!G$7:G$156,$N23)) | G23: =IF($N23="","",INDEX('반배정'!H$7:H$156,$N23)) | H23: =IF($N23="","",INDEX('반배정'!I$7:I$156,$N23)) | I23: =IF($N23="","",INDEX('반배정'!O$7:O$156,$N23)) | J23: =IF($N23="","",INDEX('반배정'!N$7:N$156,$N23)&"") | K23: =IF($N23="","",INDEX('반배정'!L$7:L$156,$N23)) | L23: =IF($N23="","",INDEX('반배정'!P$7:P$156,$N23)) | M23: =IFERROR(SMALL('반배정'!$Q$7:$Q$156,17),"") | N23: =IF(M23="","",MATCH(M23,'반배정'!$Q$7:$Q$156,0))
A24: =IF($N24="","",INDEX('반배정'!J$7:J$156,$N24)) | B24: =IF($N24="","",INDEX('반배정'!B$7:B$156,$N24)) | C24: =IF($N24="","",INDEX('반배정'!C$7:C$156,$N24)) | D24: =IF($N24="","",INDEX('반배정'!D$7:D$156,$N24)) | E24: =IF($N24="","",INDEX('반배정'!E$7:E$156,$N24)) | F24: =IF($N24="","",INDEX('반배정'!G$7:G$156,$N24)) | G24: =IF($N24="","",INDEX('반배정'!H$7:H$156,$N24)) | H24: =IF($N24="","",INDEX('반배정'!I$7:I$156,$N24)) | I24: =IF($N24="","",INDEX('반배정'!O$7:O$156,$N24)) | J24: =IF($N24="","",INDEX('반배정'!N$7:N$156,$N24)&"") | K24: =IF($N24="","",INDEX('반배정'!L$7:L$156,$N24)) | L24: =IF($N24="","",INDEX('반배정'!P$7:P$156,$N24)) | M24: =IFERROR(SMALL('반배정'!$Q$7:$Q$156,18),"") | N24: =IF(M24="","",MATCH(M24,'반배정'!$Q$7:$Q$156,0))
A25: =IF($N25="","",INDEX('반배정'!J$7:J$156,$N25)) | B25: =IF($N25="","",INDEX('반배정'!B$7:B$156,$N25)) | C25: =IF($N25="","",INDEX('반배정'!C$7:C$156,$N25)) | D25: =IF($N25="","",INDEX('반배정'!D$7:D$156,$N25)) | E25: =IF($N25="","",INDEX('반배정'!E$7:E$156,$N25)) | F25: =IF($N25="","",INDEX('반배정'!G$7:G$156,$N25)) | G25: =IF($N25="","",INDEX('반배정'!H$7:H$156,$N25)) | H25: =IF($N25="","",INDEX('반배정'!I$7:I$156,$N25)) | I25: =IF($N25="","",INDEX('반배정'!O$7:O$156,$N25)) | J25: =IF($N25="","",INDEX('반배정'!N$7:N$156,$N25)&"") | K25: =IF($N25="","",INDEX('반배정'!L$7:L$156,$N25)) | L25: =IF($N25="","",INDEX('반배정'!P$7:P$156,$N25)) | M25: =IFERROR(SMALL('반배정'!$Q$7:$Q$156,19),"") | N25: =IF(M25="","",MATCH(M25,'반배정'!$Q$7:$Q$156,0))
A26: =IF($N26="","",INDEX('반배정'!J$7:J$156,$N26)) | B26: =IF($N26="","",INDEX('반배정'!B$7:B$156,$N26)) | C26: =IF($N26="","",INDEX('반배정'!C$7:C$156,$N26)) | D26: =IF($N26="","",INDEX('반배정'!D$7:D$156,$N26)) | E26: =IF($N26="","",INDEX('반배정'!E$7:E$156,$N26)) | F26: =IF($N26="","",INDEX('반배정'!G$7:G$156,$N26)) | G26: =IF($N26="","",INDEX('반배정'!H$7:H$156,$N26)) | H26: =IF($N26="","",INDEX('반배정'!I$7:I$156,$N26)) | I26: =IF($N26="","",INDEX('반배정'!O$7:O$156,$N26)) | J26: =IF($N26="","",INDEX('반배정'!N$7:N$156,$N26)&"") | K26: =IF($N26="","",INDEX('반배정'!L$7:L$156,$N26)) | L26: =IF($N26="","",INDEX('반배정'!P$7:P$156,$N26)) | M26: =IFERROR(SMALL('반배정'!$Q$7:$Q$156,20),"") | N26: =IF(M26="","",MATCH(M26,'반배정'!$Q$7:$Q$156,0))
A27: =IF($N27="","",INDEX('반배정'!J$7:J$156,$N27)) | B27: =IF($N27="","",INDEX('반배정'!B$7:B$156,$N27)) | C27: =IF($N27="","",INDEX('반배정'!C$7:C$156,$N27)) | D27: =IF($N27="","",INDEX('반배정'!D$7:D$156,$N27)) | E27: =IF($N27="","",INDEX('반배정'!E$7:E$156,$N27)) | F27: =IF($N27="","",INDEX('반배정'!G$7:G$156,$N27)) | G27: =IF($N27="","",INDEX('반배정'!H$7:H$156,$N27)) | H27: =IF($N27="","",INDEX('반배정'!I$7:I$156,$N27)) | I27: =IF($N27="","",INDEX('반배정'!O$7:O$156,$N27)) | J27: =IF($N27="","",INDEX('반배정'!N$7:N$156,$N27)&"") | K27: =IF($N27="","",INDEX('반배정'!L$7:L$156,$N27)) | L27: =IF($N27="","",INDEX('반배정'!P$7:P$156,$N27)) | M27: =IFERROR(SMALL('반배정'!$Q$7:$Q$156,21),"") | N27: =IF(M27="","",MATCH(M27,'반배정'!$Q$7:$Q$156,0))
A28: =IF($N28="","",INDEX('반배정'!J$7:J$156,$N28)) | B28: =IF($N28="","",INDEX('반배정'!B$7:B$156,$N28)) | C28: =IF($N28="","",INDEX('반배정'!C$7:C$156,$N28)) | D28: =IF($N28="","",INDEX('반배정'!D$7:D$156,$N28)) | E28: =IF($N28="","",INDEX('반배정'!E$7:E$156,$N28)) | F28: =IF($N28="","",INDEX('반배정'!G$7:G$156,$N28)) | G28: =IF($N28="","",INDEX('반배정'!H$7:H$156,$N28)) | H28: =IF($N28="","",INDEX('반배정'!I$7:I$156,$N28)) | I28: =IF($N28="","",INDEX('반배정'!O$7:O$156,$N28)) | J28: =IF($N28="","",INDEX('반배정'!N$7:N$156,$N28)&"") | K28: =IF($N28="","",INDEX('반배정'!L$7:L$156,$N28)) | L28: =IF($N28="","",INDEX('반배정'!P$7:P$156,$N28)) | M28: =IFERROR(SMALL('반배정'!$Q$7:$Q$156,22),"") | N28: =IF(M28="","",MATCH(M28,'반배정'!$Q$7:$Q$156,0))
A29: =IF($N29="","",INDEX('반배정'!J$7:J$156,$N29)) | B29: =IF($N29="","",INDEX('반배정'!B$7:B$156,$N29)) | C29: =IF($N29="","",INDEX('반배정'!C$7:C$156,$N29)) | D29: =IF($N29="","",INDEX('반배정'!D$7:D$156,$N29)) | E29: =IF($N29="","",INDEX('반배정'!E$7:E$156,$N29)) | F29: =IF($N29="","",INDEX('반배정'!G$7:G$156,$N29)) | G29: =IF($N29="","",INDEX('반배정'!H$7:H$156,$N29)) | H29: =IF($N29="","",INDEX('반배정'!I$7:I$156,$N29)) | I29: =IF($N29="","",INDEX('반배정'!O$7:O$156,$N29)) | J29: =IF($N29="","",INDEX('반배정'!N$7:N$156,$N29)&"") | K29: =IF($N29="","",INDEX('반배정'!L$7:L$156,$N29)) | L29: =IF($N29="","",INDEX('반배정'!P$7:P$156,$N29)) | M29: =IFERROR(SMALL('반배정'!$Q$7:$Q$156,23),"") | N29: =IF(M29="","",MATCH(M29,'반배정'!$Q$7:$Q$156,0))
A30: =IF($N30="","",INDEX('반배정'!J$7:J$156,$N30)) | B30: =IF($N30="","",INDEX('반배정'!B$7:B$156,$N30)) | C30: =IF($N30="","",INDEX('반배정'!C$7:C$156,$N30)) | D30: =IF($N30="","",INDEX('반배정'!D$7:D$156,$N30)) | E30: =IF($N30="","",INDEX('반배정'!E$7:E$156,$N30)) | F30: =IF($N30="","",INDEX('반배정'!G$7:G$156,$N30)) | G30: =IF($N30="","",INDEX('반배정'!H$7:H$156,$N30)) | H30: =IF($N30="","",INDEX('반배정'!I$7:I$156,$N30)) | I30: =IF($N30="","",INDEX('반배정'!O$7:O$156,$N30)) | J30: =IF($N30="","",INDEX('반배정'!N$7:N$156,$N30)&"") | K30: =IF($N30="","",INDEX('반배정'!L$7:L$156,$N30)) | L30: =IF($N30="","",INDEX('반배정'!P$7:P$156,$N30)) | M30: =IFERROR(SMALL('반배정'!$Q$7:$Q$156,24),"") | N30: =IF(M30="","",MATCH(M30,'반배정'!$Q$7:$Q$156,0))
A31: =IF($N31="","",INDEX('반배정'!J$7:J$156,$N31)) | B31: =IF($N31="","",INDEX('반배정'!B$7:B$156,$N31)) | C31: =IF($N31="","",INDEX('반배정'!C$7:C$156,$N31)) | D31: =IF($N31="","",INDEX('반배정'!D$7:D$156,$N31)) | E31: =IF($N31="","",INDEX('반배정'!E$7:E$156,$N31)) | F31: =IF($N31="","",INDEX('반배정'!G$7:G$156,$N31)) | G31: =IF($N31="","",INDEX('반배정'!H$7:H$156,$N31)) | H31: =IF($N31="","",INDEX('반배정'!I$7:I$156,$N31)) | I31: =IF($N31="","",INDEX('반배정'!O$7:O$156,$N31)) | J31: =IF($N31="","",INDEX('반배정'!N$7:N$156,$N31)&"") | K31: =IF($N31="","",INDEX('반배정'!L$7:L$156,$N31)) | L31: =IF($N31="","",INDEX('반배정'!P$7:P$156,$N31)) | M31: =IFERROR(SMALL('반배정'!$Q$7:$Q$156,25),"") | N31: =IF(M31="","",MATCH(M31,'반배정'!$Q$7:$Q$156,0))
A32: =IF($N32="","",INDEX('반배정'!J$7:J$156,$N32)) | B32: =IF($N32="","",INDEX('반배정'!B$7:B$156,$N32)) | C32: =IF($N32="","",INDEX('반배정'!C$7:C$156,$N32)) | D32: =IF($N32="","",INDEX('반배정'!D$7:D$156,$N32)) | E32: =IF($N32="","",INDEX('반배정'!E$7:E$156,$N32)) | F32: =IF($N32="","",INDEX('반배정'!G$7:G$156,$N32)) | G32: =IF($N32="","",INDEX('반배정'!H$7:H$156,$N32)) | H32: =IF($N32="","",INDEX('반배정'!I$7:I$156,$N32)) | I32: =IF($N32="","",INDEX('반배정'!O$7:O$156,$N32)) | J32: =IF($N32="","",INDEX('반배정'!N$7:N$156,$N32)&"") | K32: =IF($N32="","",INDEX('반배정'!L$7:L$156,$N32)) | L32: =IF($N32="","",INDEX('반배정'!P$7:P$156,$N32)) | M32: =IFERROR(SMALL('반배정'!$Q$7:$Q$156,26),"") | N32: =IF(M32="","",MATCH(M32,'반배정'!$Q$7:$Q$156,0))
A33: =IF($N33="","",INDEX('반배정'!J$7:J$156,$N33)) | B33: =IF($N33="","",INDEX('반배정'!B$7:B$156,$N33)) | C33: =IF($N33="","",INDEX('반배정'!C$7:C$156,$N33)) | D33: =IF($N33="","",INDEX('반배정'!D$7:D$156,$N33)) | E33: =IF($N33="","",INDEX('반배정'!E$7:E$156,$N33)) | F33: =IF($N33="","",INDEX('반배정'!G$7:G$156,$N33)) | G33: =IF($N33="","",INDEX('반배정'!H$7:H$156,$N33)) | H33: =IF($N33="","",INDEX('반배정'!I$7:I$156,$N33)) | I33: =IF($N33="","",INDEX('반배정'!O$7:O$156,$N33)) | J33: =IF($N33="","",INDEX('반배정'!N$7:N$156,$N33)&"") | K33: =IF($N33="","",INDEX('반배정'!L$7:L$156,$N33)) | L33: =IF($N33="","",INDEX('반배정'!P$7:P$156,$N33)) | M33: =IFERROR(SMALL('반배정'!$Q$7:$Q$156,27),"") | N33: =IF(M33="","",MATCH(M33,'반배정'!$Q$7:$Q$156,0))
A34: =IF($N34="","",INDEX('반배정'!J$7:J$156,$N34)) | B34: =IF($N34="","",INDEX('반배정'!B$7:B$156,$N34)) | C34: =IF($N34="","",INDEX('반배정'!C$7:C$156,$N34)) | D34: =IF($N34="","",INDEX('반배정'!D$7:D$156,$N34)) | E34: =IF($N34="","",INDEX('반배정'!E$7:E$156,$N34)) | F34: =IF($N34="","",INDEX('반배정'!G$7:G$156,$N34)) | G34: =IF($N34="","",INDEX('반배정'!H$7:H$156,$N34)) | H34: =IF($N34="","",INDEX('반배정'!I$7:I$156,$N34)) | I34: =IF($N34="","",INDEX('반배정'!O$7:O$156,$N34)) | J34: =IF($N34="","",INDEX('반배정'!N$7:N$156,$N34)&"") | K34: =IF($N34="","",INDEX('반배정'!L$7:L$156,$N34)) | L34: =IF($N34="","",INDEX('반배정'!P$7:P$156,$N34)) | M34: =IFERROR(SMALL('반배정'!$Q$7:$Q$156,28),"") | N34: =IF(M34="","",MATCH(M34,'반배정'!$Q$7:$Q$156,0))
A35: =IF($N35="","",INDEX('반배정'!J$7:J$156,$N35)) | B35: =IF($N35="","",INDEX('반배정'!B$7:B$156,$N35)) | C35: =IF($N35="","",INDEX('반배정'!C$7:C$156,$N35)) | D35: =IF($N35="","",INDEX('반배정'!D$7:D$156,$N35)) | E35: =IF($N35="","",INDEX('반배정'!E$7:E$156,$N35)) | F35: =IF($N35="","",INDEX('반배정'!G$7:G$156,$N35)) | G35: =IF($N35="","",INDEX('반배정'!H$7:H$156,$N35)) | H35: =IF($N35="","",INDEX('반배정'!I$7:I$156,$N35)) | I35: =IF($N35="","",INDEX('반배정'!O$7:O$156,$N35)) | J35: =IF($N35="","",INDEX('반배정'!N$7:N$156,$N35)&"") | K35: =IF($N35="","",INDEX('반배정'!L$7:L$156,$N35)) | L35: =IF($N35="","",INDEX('반배정'!P$7:P$156,$N35)) | M35: =IFERROR(SMALL('반배정'!$Q$7:$Q$156,29),"") | N35: =IF(M35="","",MATCH(M35,'반배정'!$Q$7:$Q$156,0))
A36: =IF($N36="","",INDEX('반배정'!J$7:J$156,$N36)) | B36: =IF($N36="","",INDEX('반배정'!B$7:B$156,$N36)) | C36: =IF($N36="","",INDEX('반배정'!C$7:C$156,$N36)) | D36: =IF($N36="","",INDEX('반배정'!D$7:D$156,$N36)) | E36: =IF($N36="","",INDEX('반배정'!E$7:E$156,$N36)) | F36: =IF($N36="","",INDEX('반배정'!G$7:G$156,$N36)) | G36: =IF($N36="","",INDEX('반배정'!H$7:H$156,$N36)) | H36: =IF($N36="","",INDEX('반배정'!I$7:I$156,$N36)) | I36: =IF($N36="","",INDEX('반배정'!O$7:O$156,$N36)) | J36: =IF($N36="","",INDEX('반배정'!N$7:N$156,$N36)&"") | K36: =IF($N36="","",INDEX('반배정'!L$7:L$156,$N36)) | L36: =IF($N36="","",INDEX('반배정'!P$7:P$156,$N36)) | M36: =IFERROR(SMALL('반배정'!$Q$7:$Q$156,30),"") | N36: =IF(M36="","",MATCH(M36,'반배정'!$Q$7:$Q$156,0))
A37: =IF($N37="","",INDEX('반배정'!J$7:J$156,$N37)) | B37: =IF($N37="","",INDEX('반배정'!B$7:B$156,$N37)) | C37: =IF($N37="","",INDEX('반배정'!C$7:C$156,$N37)) | D37: =IF($N37="","",INDEX('반배정'!D$7:D$156,$N37)) | E37: =IF($N37="","",INDEX('반배정'!E$7:E$156,$N37)) | F37: =IF($N37="","",INDEX('반배정'!G$7:G$156,$N37)) | G37: =IF($N37="","",INDEX('반배정'!H$7:H$156,$N37)) | H37: =IF($N37="","",INDEX('반배정'!I$7:I$156,$N37)) | I37: =IF($N37="","",INDEX('반배정'!O$7:O$156,$N37)) | J37: =IF($N37="","",INDEX('반배정'!N$7:N$156,$N37)&"") | K37: =IF($N37="","",INDEX('반배정'!L$7:L$156,$N37)) | L37: =IF($N37="","",INDEX('반배정'!P$7:P$156,$N37)) | M37: =IFERROR(SMALL('반배정'!$Q$7:$Q$156,31),"") | N37: =IF(M37="","",MATCH(M37,'반배정'!$Q$7:$Q$156,0))
A38: =IF($N38="","",INDEX('반배정'!J$7:J$156,$N38)) | B38: =IF($N38="","",INDEX('반배정'!B$7:B$156,$N38)) | C38: =IF($N38="","",INDEX('반배정'!C$7:C$156,$N38)) | D38: =IF($N38="","",INDEX('반배정'!D$7:D$156,$N38)) | E38: =IF($N38="","",INDEX('반배정'!E$7:E$156,$N38)) | F38: =IF($N38="","",INDEX('반배정'!G$7:G$156,$N38)) | G38: =IF($N38="","",INDEX('반배정'!H$7:H$156,$N38)) | H38: =IF($N38="","",INDEX('반배정'!I$7:I$156,$N38)) | I38: =IF($N38="","",INDEX('반배정'!O$7:O$156,$N38)) | J38: =IF($N38="","",INDEX('반배정'!N$7:N$156,$N38)&"") | K38: =IF($N38="","",INDEX('반배정'!L$7:L$156,$N38)) | L38: =IF($N38="","",INDEX('반배정'!P$7:P$156,$N38)) | M38: =IFERROR(SMALL('반배정'!$Q$7:$Q$156,32),"") | N38: =IF(M38="","",MATCH(M38,'반배정'!$Q$7:$Q$156,0))
A39: =IF($N39="","",INDEX('반배정'!J$7:J$156,$N39)) | B39: =IF($N39="","",INDEX('반배정'!B$7:B$156,$N39)) | C39: =IF($N39="","",INDEX('반배정'!C$7:C$156,$N39)) | D39: =IF($N39="","",INDEX('반배정'!D$7:D$156,$N39)) | E39: =IF($N39="","",INDEX('반배정'!E$7:E$156,$N39)) | F39: =IF($N39="","",INDEX('반배정'!G$7:G$156,$N39)) | G39: =IF($N39="","",INDEX('반배정'!H$7:H$156,$N39)) | H39: =IF($N39="","",INDEX('반배정'!I$7:I$156,$N39)) | I39: =IF($N39="","",INDEX('반배정'!O$7:O$156,$N39)) | J39: =IF($N39="","",INDEX('반배정'!N$7:N$156,$N39)&"") | K39: =IF($N39="","",INDEX('반배정'!L$7:L$156,$N39)) | L39: =IF($N39="","",INDEX('반배정'!P$7:P$156,$N39)) | M39: =IFERROR(SMALL('반배정'!$Q$7:$Q$156,33),"") | N39: =IF(M39="","",MATCH(M39,'반배정'!$Q$7:$Q$156,0))
A40: =IF($N40="","",INDEX('반배정'!J$7:J$156,$N40)) | B40: =IF($N40="","",INDEX('반배정'!B$7:B$156,$N40)) | C40: =IF($N40="","",INDEX('반배정'!C$7:C$156,$N40)) | D40: =IF($N40="","",INDEX('반배정'!D$7:D$156,$N40)) | E40: =IF($N40="","",INDEX('반배정'!E$7:E$156,$N40)) | F40: =IF($N40="","",INDEX('반배정'!G$7:G$156,$N40)) | G40: =IF($N40="","",INDEX('반배정'!H$7:H$156,$N40)) | H40: =IF($N40="","",INDEX('반배정'!I$7:I$156,$N40)) | I40: =IF($N40="","",INDEX('반배정'!O$7:O$156,$N40)) | J40: =IF($N40="","",INDEX('반배정'!N$7:N$156,$N40)&"") | K40: =IF($N40="","",INDEX('반배정'!L$7:L$156,$N40)) | L40: =IF($N40="","",INDEX('반배정'!P$7:P$156,$N40)) | M40: =IFERROR(SMALL('반배정'!$Q$7:$Q$156,34),"") | N40: =IF(M40="","",MATCH(M40,'반배정'!$Q$7:$Q$156,0))
A41: =IF($N41="","",INDEX('반배정'!J$7:J$156,$N41)) | B41: =IF($N41="","",INDEX('반배정'!B$7:B$156,$N41)) | C41: =IF($N41="","",INDEX('반배정'!C$7:C$156,$N41)) | D41: =IF($N41="","",INDEX('반배정'!D$7:D$156,$N41)) | E41: =IF($N41="","",INDEX('반배정'!E$7:E$156,$N41)) | F41: =IF($N41="","",INDEX('반배정'!G$7:G$156,$N41)) | G41: =IF($N41="","",INDEX('반배정'!H$7:H$156,$N41)) | H41: =IF($N41="","",INDEX('반배정'!I$7:I$156,$N41)) | I41: =IF($N41="","",INDEX('반배정'!O$7:O$156,$N41)) | J41: =IF($N41="","",INDEX('반배정'!N$7:N$156,$N41)&"") | K41: =IF($N41="","",INDEX('반배정'!L$7:L$156,$N41)) | L41: =IF($N41="","",INDEX('반배정'!P$7:P$156,$N41)) | M41: =IFERROR(SMALL('반배정'!$Q$7:$Q$156,35),"") | N41: =IF(M41="","",MATCH(M41,'반배정'!$Q$7:$Q$156,0))
A42: =IF($N42="","",INDEX('반배정'!J$7:J$156,$N42)) | B42: =IF($N42="","",INDEX('반배정'!B$7:B$156,$N42)) | C42: =IF($N42="","",INDEX('반배정'!C$7:C$156,$N42)) | D42: =IF($N42="","",INDEX('반배정'!D$7:D$156,$N42)) | E42: =IF($N42="","",INDEX('반배정'!E$7:E$156,$N42)) | F42: =IF($N42="","",INDEX('반배정'!G$7:G$156,$N42)) | G42: =IF($N42="","",INDEX('반배정'!H$7:H$156,$N42)) | H42: =IF($N42="","",INDEX('반배정'!I$7:I$156,$N42)) | I42: =IF($N42="","",INDEX('반배정'!O$7:O$156,$N42)) | J42: =IF($N42="","",INDEX('반배정'!N$7:N$156,$N42)&"") | K42: =IF($N42="","",INDEX('반배정'!L$7:L$156,$N42)) | L42: =IF($N42="","",INDEX('반배정'!P$7:P$156,$N42)) | M42: =IFERROR(SMALL('반배정'!$Q$7:$Q$156,36),"") | N42: =IF(M42="","",MATCH(M42,'반배정'!$Q$7:$Q$156,0))
A43: =IF($N43="","",INDEX('반배정'!J$7:J$156,$N43)) | B43: =IF($N43="","",INDEX('반배정'!B$7:B$156,$N43)) | C43: =IF($N43="","",INDEX('반배정'!C$7:C$156,$N43)) | D43: =IF($N43="","",INDEX('반배정'!D$7:D$156,$N43)) | E43: =IF($N43="","",INDEX('반배정'!E$7:E$156,$N43)) | F43: =IF($N43="","",INDEX('반배정'!G$7:G$156,$N43)) | G43: =IF($N43="","",INDEX('반배정'!H$7:H$156,$N43)) | H43: =IF($N43="","",INDEX('반배정'!I$7:I$156,$N43)) | I43: =IF($N43="","",INDEX('반배정'!O$7:O$156,$N43)) | J43: =IF($N43="","",INDEX('반배정'!N$7:N$156,$N43)&"") | K43: =IF($N43="","",INDEX('반배정'!L$7:L$156,$N43)) | L43: =IF($N43="","",INDEX('반배정'!P$7:P$156,$N43)) | M43: =IFERROR(SMALL('반배정'!$Q$7:$Q$156,37),"") | N43: =IF(M43="","",MATCH(M43,'반배정'!$Q$7:$Q$156,0))
A44: =IF($N44="","",INDEX('반배정'!J$7:J$156,$N44)) | B44: =IF($N44="","",INDEX('반배정'!B$7:B$156,$N44)) | C44: =IF($N44="","",INDEX('반배정'!C$7:C$156,$N44)) | D44: =IF($N44="","",INDEX('반배정'!D$7:D$156,$N44)) | E44: =IF($N44="","",INDEX('반배정'!E$7:E$156,$N44)) | F44: =IF($N44="","",INDEX('반배정'!G$7:G$156,$N44)) | G44: =IF($N44="","",INDEX('반배정'!H$7:H$156,$N44)) | H44: =IF($N44="","",INDEX('반배정'!I$7:I$156,$N44)) | I44: =IF($N44="","",INDEX('반배정'!O$7:O$156,$N44)) | J44: =IF($N44="","",INDEX('반배정'!N$7:N$156,$N44)&"") | K44: =IF($N44="","",INDEX('반배정'!L$7:L$156,$N44)) | L44: =IF($N44="","",INDEX('반배정'!P$7:P$156,$N44)) | M44: =IFERROR(SMALL('반배정'!$Q$7:$Q$156,38),"") | N44: =IF(M44="","",MATCH(M44,'반배정'!$Q$7:$Q$156,0))
A45: =IF($N45="","",INDEX('반배정'!J$7:J$156,$N45)) | B45: =IF($N45="","",INDEX('반배정'!B$7:B$156,$N45)) | C45: =IF($N45="","",INDEX('반배정'!C$7:C$156,$N45)) | D45: =IF($N45="","",INDEX('반배정'!D$7:D$156,$N45)) | E45: =IF($N45="","",INDEX('반배정'!E$7:E$156,$N45)) | F45: =IF($N45="","",INDEX('반배정'!G$7:G$156,$N45)) | G45: =IF($N45="","",INDEX('반배정'!H$7:H$156,$N45)) | H45: =IF($N45="","",INDEX('반배정'!I$7:I$156,$N45)) | I45: =IF($N45="","",INDEX('반배정'!O$7:O$156,$N45)) | J45: =IF($N45="","",INDEX('반배정'!N$7:N$156,$N45)&"") | K45: =IF($N45="","",INDEX('반배정'!L$7:L$156,$N45)) | L45: =IF($N45="","",INDEX('반배정'!P$7:P$156,$N45)) | M45: =IFERROR(SMALL('반배정'!$Q$7:$Q$156,39),"") | N45: =IF(M45="","",MATCH(M45,'반배정'!$Q$7:$Q$156,0))
A46: =IF($N46="","",INDEX('반배정'!J$7:J$156,$N46)) | B46: =IF($N46="","",INDEX('반배정'!B$7:B$156,$N46)) | C46: =IF($N46="","",INDEX('반배정'!C$7:C$156,$N46)) | D46: =IF($N46="","",INDEX('반배정'!D$7:D$156,$N46)) | E46: =IF($N46="","",INDEX('반배정'!E$7:E$156,$N46)) | F46: =IF($N46="","",INDEX('반배정'!G$7:G$156,$N46)) | G46: =IF($N46="","",INDEX('반배정'!H$7:H$156,$N46)) | H46: =IF($N46="","",INDEX('반배정'!I$7:I$156,$N46)) | I46: =IF($N46="","",INDEX('반배정'!O$7:O$156,$N46)) | J46: =IF($N46="","",INDEX('반배정'!N$7:N$156,$N46)&"") | K46: =IF($N46="","",INDEX('반배정'!L$7:L$156,$N46)) | L46: =IF($N46="","",INDEX('반배정'!P$7:P$156,$N46)) | M46: =IFERROR(SMALL('반배정'!$Q$7:$Q$156,40),"") | N46: =IF(M46="","",MATCH(M46,'반배정'!$Q$7:$Q$156,0))
A47: =IF($N47="","",INDEX('반배정'!J$7:J$156,$N47)) | B47: =IF($N47="","",INDEX('반배정'!B$7:B$156,$N47)) | C47: =IF($N47="","",INDEX('반배정'!C$7:C$156,$N47)) | D47: =IF($N47="","",INDEX('반배정'!D$7:D$156,$N47)) | E47: =IF($N47="","",INDEX('반배정'!E$7:E$156,$N47)) | F47: =IF($N47="","",INDEX('반배정'!G$7:G$156,$N47)) | G47: =IF($N47="","",INDEX('반배정'!H$7:H$156,$N47)) | H47: =IF($N47="","",INDEX('반배정'!I$7:I$156,$N47)) | I47: =IF($N47="","",INDEX('반배정'!O$7:O$156,$N47)) | J47: =IF($N47="","",INDEX('반배정'!N$7:N$156,$N47)&"") | K47: =IF($N47="","",INDEX('반배정'!L$7:L$156,$N47)) | L47: =IF($N47="","",INDEX('반배정'!P$7:P$156,$N47)) | M47: =IFERROR(SMALL('반배정'!$Q$7:$Q$156,41),"") | N47: =IF(M47="","",MATCH(M47,'반배정'!$Q$7:$Q$156,0))
A48: =IF($N48="","",INDEX('반배정'!J$7:J$156,$N48)) | B48: =IF($N48="","",INDEX('반배정'!B$7:B$156,$N48)) | C48: =IF($N48="","",INDEX('반배정'!C$7:C$156,$N48)) | D48: =IF($N48="","",INDEX('반배정'!D$7:D$156,$N48)) | E48: =IF($N48="","",INDEX('반배정'!E$7:E$156,$N48)) | F48: =IF($N48="","",INDEX('반배정'!G$7:G$156,$N48)) | G48: =IF($N48="","",INDEX('반배정'!H$7:H$156,$N48)) | H48: =IF($N48="","",INDEX('반배정'!I$7:I$156,$N48)) | I48: =IF($N48="","",INDEX('반배정'!O$7:O$156,$N48)) | J48: =IF($N48="","",INDEX('반배정'!N$7:N$156,$N48)&"") | K48: =IF($N48="","",INDEX('반배정'!L$7:L$156,$N48)) | L48: =IF($N48="","",INDEX('반배정'!P$7:P$156,$N48)) | M48: =IFERROR(SMALL('반배정'!$Q$7:$Q$156,42),"") | N48: =IF(M48="","",MATCH(M48,'반배정'!$Q$7:$Q$156,0))
A49: =IF($N49="","",INDEX('반배정'!J$7:J$156,$N49)) | B49: =IF($N49="","",INDEX('반배정'!B$7:B$156,$N49)) | C49: =IF($N49="","",INDEX('반배정'!C$7:C$156,$N49)) | D49: =IF($N49="","",INDEX('반배정'!D$7:D$156,$N49)) | E49: =IF($N49="","",INDEX('반배정'!E$7:E$156,$N49)) | F49: =IF($N49="","",INDEX('반배정'!G$7:G$156,$N49)) | G49: =IF($N49="","",INDEX('반배정'!H$7:H$156,$N49)) | H49: =IF($N49="","",INDEX('반배정'!I$7:I$156,$N49)) | I49: =IF($N49="","",INDEX('반배정'!O$7:O$156,$N49)) | J49: =IF($N49="","",INDEX('반배정'!N$7:N$156,$N49)&"") | K49: =IF($N49="","",INDEX('반배정'!L$7:L$156,$N49)) | L49: =IF($N49="","",INDEX('반배정'!P$7:P$156,$N49)) | M49: =IFERROR(SMALL('반배정'!$Q$7:$Q$156,43),"") | N49: =IF(M49="","",MATCH(M49,'반배정'!$Q$7:$Q$156,0))
A50: =IF($N50="","",INDEX('반배정'!J$7:J$156,$N50)) | B50: =IF($N50="","",INDEX('반배정'!B$7:B$156,$N50)) | C50: =IF($N50="","",INDEX('반배정'!C$7:C$156,$N50)) | D50: =IF($N50="","",INDEX('반배정'!D$7:D$156,$N50)) | E50: =IF($N50="","",INDEX('반배정'!E$7:E$156,$N50)) | F50: =IF($N50="","",INDEX('반배정'!G$7:G$156,$N50)) | G50: =IF($N50="","",INDEX('반배정'!H$7:H$156,$N50)) | H50: =IF($N50="","",INDEX('반배정'!I$7:I$156,$N50)) | I50: =IF($N50="","",INDEX('반배정'!O$7:O$156,$N50)) | J50: =IF($N50="","",INDEX('반배정'!N$7:N$156,$N50)&"") | K50: =IF($N50="","",INDEX('반배정'!L$7:L$156,$N50)) | L50: =IF($N50="","",INDEX('반배정'!P$7:P$156,$N50)) | M50: =IFERROR(SMALL('반배정'!$Q$7:$Q$156,44),"") | N50: =IF(M50="","",MATCH(M50,'반배정'!$Q$7:$Q$156,0))
A51: =IF($N51="","",INDEX('반배정'!J$7:J$156,$N51)) | B51: =IF($N51="","",INDEX('반배정'!B$7:B$156,$N51)) | C51: =IF($N51="","",INDEX('반배정'!C$7:C$156,$N51)) | D51: =IF($N51="","",INDEX('반배정'!D$7:D$156,$N51)) | E51: =IF($N51="","",INDEX('반배정'!E$7:E$156,$N51)) | F51: =IF($N51="","",INDEX('반배정'!G$7:G$156,$N51)) | G51: =IF($N51="","",INDEX('반배정'!H$7:H$156,$N51)) | H51: =IF($N51="","",INDEX('반배정'!I$7:I$156,$N51)) | I51: =IF($N51="","",INDEX('반배정'!O$7:O$156,$N51)) | J51: =IF($N51="","",INDEX('반배정'!N$7:N$156,$N51)&"") | K51: =IF($N51="","",INDEX('반배정'!L$7:L$156,$N51)) | L51: =IF($N51="","",INDEX('반배정'!P$7:P$156,$N51)) | M51: =IFERROR(SMALL('반배정'!$Q$7:$Q$156,45),"") | N51: =IF(M51="","",MATCH(M51,'반배정'!$Q$7:$Q$156,0))
A52: =IF($N52="","",INDEX('반배정'!J$7:J$156,$N52)) | B52: =IF($N52="","",INDEX('반배정'!B$7:B$156,$N52)) | C52: =IF($N52="","",INDEX('반배정'!C$7:C$156,$N52)) | D52: =IF($N52="","",INDEX('반배정'!D$7:D$156,$N52)) | E52: =IF($N52="","",INDEX('반배정'!E$7:E$156,$N52)) | F52: =IF($N52="","",INDEX('반배정'!G$7:G$156,$N52)) | G52: =IF($N52="","",INDEX('반배정'!H$7:H$156,$N52)) | H52: =IF($N52="","",INDEX('반배정'!I$7:I$156,$N52)) | I52: =IF($N52="","",INDEX('반배정'!O$7:O$156,$N52)) | J52: =IF($N52="","",INDEX('반배정'!N$7:N$156,$N52)&"") | K52: =IF($N52="","",INDEX('반배정'!L$7:L$156,$N52)) | L52: =IF($N52="","",INDEX('반배정'!P$7:P$156,$N52)) | M52: =IFERROR(SMALL('반배정'!$Q$7:$Q$156,46),"") | N52: =IF(M52="","",MATCH(M52,'반배정'!$Q$7:$Q$156,0))
A53: =IF($N53="","",INDEX('반배정'!J$7:J$156,$N53)) | B53: =IF($N53="","",INDEX('반배정'!B$7:B$156,$N53)) | C53: =IF($N53="","",INDEX('반배정'!C$7:C$156,$N53)) | D53: =IF($N53="","",INDEX('반배정'!D$7:D$156,$N53)) | E53: =IF($N53="","",INDEX('반배정'!E$7:E$156,$N53)) | F53: =IF($N53="","",INDEX('반배정'!G$7:G$156,$N53)) | G53: =IF($N53="","",INDEX('반배정'!H$7:H$156,$N53)) | H53: =IF($N53="","",INDEX('반배정'!I$7:I$156,$N53)) | I53: =IF($N53="","",INDEX('반배정'!O$7:O$156,$N53)) | J53: =IF($N53="","",INDEX('반배정'!N$7:N$156,$N53)&"") | K53: =IF($N53="","",INDEX('반배정'!L$7:L$156,$N53)) | L53: =IF($N53="","",INDEX('반배정'!P$7:P$156,$N53)) | M53: =IFERROR(SMALL('반배정'!$Q$7:$Q$156,47),"") | N53: =IF(M53="","",MATCH(M53,'반배정'!$Q$7:$Q$156,0))
A54: =IF($N54="","",INDEX('반배정'!J$7:J$156,$N54)) | B54: =IF($N54="","",INDEX('반배정'!B$7:B$156,$N54)) | C54: =IF($N54="","",INDEX('반배정'!C$7:C$156,$N54)) | D54: =IF($N54="","",INDEX('반배정'!D$7:D$156,$N54)) | E54: =IF($N54="","",INDEX('반배정'!E$7:E$156,$N54)) | F54: =IF($N54="","",INDEX('반배정'!G$7:G$156,$N54)) | G54: =IF($N54="","",INDEX('반배정'!H$7:H$156,$N54)) | H54: =IF($N54="","",INDEX('반배정'!I$7:I$156,$N54)) | I54: =IF($N54="","",INDEX('반배정'!O$7:O$156,$N54)) | J54: =IF($N54="","",INDEX('반배정'!N$7:N$156,$N54)&"") | K54: =IF($N54="","",INDEX('반배정'!L$7:L$156,$N54)) | L54: =IF($N54="","",INDEX('반배정'!P$7:P$156,$N54)) | M54: =IFERROR(SMALL('반배정'!$Q$7:$Q$156,48),"") | N54: =IF(M54="","",MATCH(M54,'반배정'!$Q$7:$Q$156,0))
A55: =IF($N55="","",INDEX('반배정'!J$7:J$156,$N55)) | B55: =IF($N55="","",INDEX('반배정'!B$7:B$156,$N55)) | C55: =IF($N55="","",INDEX('반배정'!C$7:C$156,$N55)) | D55: =IF($N55="","",INDEX('반배정'!D$7:D$156,$N55)) | E55: =IF($N55="","",INDEX('반배정'!E$7:E$156,$N55)) | F55: =IF($N55="","",INDEX('반배정'!G$7:G$156,$N55)) | G55: =IF($N55="","",INDEX('반배정'!H$7:H$156,$N55)) | H55: =IF($N55="","",INDEX('반배정'!I$7:I$156,$N55)) | I55: =IF($N55="","",INDEX('반배정'!O$7:O$156,$N55)) | J55: =IF($N55="","",INDEX('반배정'!N$7:N$156,$N55)&"") | K55: =IF($N55="","",INDEX('반배정'!L$7:L$156,$N55)) | L55: =IF($N55="","",INDEX('반배정'!P$7:P$156,$N55)) | M55: =IFERROR(SMALL('반배정'!$Q$7:$Q$156,49),"") | N55: =IF(M55="","",MATCH(M55,'반배정'!$Q$7:$Q$156,0))
A56: =IF($N56="","",INDEX('반배정'!J$7:J$156,$N56)) | B56: =IF($N56="","",INDEX('반배정'!B$7:B$156,$N56)) | C56: =IF($N56="","",INDEX('반배정'!C$7:C$156,$N56)) | D56: =IF($N56="","",INDEX('반배정'!D$7:D$156,$N56)) | E56: =IF($N56="","",INDEX('반배정'!E$7:E$156,$N56)) | F56: =IF($N56="","",INDEX('반배정'!G$7:G$156,$N56)) | G56: =IF($N56="","",INDEX('반배정'!H$7:H$156,$N56)) | H56: =IF($N56="","",INDEX('반배정'!I$7:I$156,$N56)) | I56: =IF($N56="","",INDEX('반배정'!O$7:O$156,$N56)) | J56: =IF($N56="","",INDEX('반배정'!N$7:N$156,$N56)&"") | K56: =IF($N56="","",INDEX('반배정'!L$7:L$156,$N56)) | L56: =IF($N56="","",INDEX('반배정'!P$7:P$156,$N56)) | M56: =IFERROR(SMALL('반배정'!$Q$7:$Q$156,50),"") | N56: =IF(M56="","",MATCH(M56,'반배정'!$Q$7:$Q$156,0))
A57: =IF($N57="","",INDEX('반배정'!J$7:J$156,$N57)) | B57: =IF($N57="","",INDEX('반배정'!B$7:B$156,$N57)) | C57: =IF($N57="","",INDEX('반배정'!C$7:C$156,$N57)) | D57: =IF($N57="","",INDEX('반배정'!D$7:D$156,$N57)) | E57: =IF($N57="","",INDEX('반배정'!E$7:E$156,$N57)) | F57: =IF($N57="","",INDEX('반배정'!G$7:G$156,$N57)) | G57: =IF($N57="","",INDEX('반배정'!H$7:H$156,$N57)) | H57: =IF($N57="","",INDEX('반배정'!I$7:I$156,$N57)) | I57: =IF($N57="","",INDEX('반배정'!O$7:O$156,$N57)) | J57: =IF($N57="","",INDEX('반배정'!N$7:N$156,$N57)&"") | K57: =IF($N57="","",INDEX('반배정'!L$7:L$156,$N57)) | L57: =IF($N57="","",INDEX('반배정'!P$7:P$156,$N57)) | M57: =IFERROR(SMALL('반배정'!$Q$7:$Q$156,51),"") | N57: =IF(M57="","",MATCH(M57,'반배정'!$Q$7:$Q$156,0))
A58: =IF($N58="","",INDEX('반배정'!J$7:J$156,$N58)) | B58: =IF($N58="","",INDEX('반배정'!B$7:B$156,$N58)) | C58: =IF($N58="","",INDEX('반배정'!C$7:C$156,$N58)) | D58: =IF($N58="","",INDEX('반배정'!D$7:D$156,$N58)) | E58: =IF($N58="","",INDEX('반배정'!E$7:E$156,$N58)) | F58: =IF($N58="","",INDEX('반배정'!G$7:G$156,$N58)) | G58: =IF($N58="","",INDEX('반배정'!H$7:H$156,$N58)) | H58: =IF($N58="","",INDEX('반배정'!I$7:I$156,$N58)) | I58: =IF($N58="","",INDEX('반배정'!O$7:O$156,$N58)) | J58: =IF($N58="","",INDEX('반배정'!N$7:N$156,$N58)&"") | K58: =IF($N58="","",INDEX('반배정'!L$7:L$156,$N58)) | L58: =IF($N58="","",INDEX('반배정'!P$7:P$156,$N58)) | M58: =IFERROR(SMALL('반배정'!$Q$7:$Q$156,52),"") | N58: =IF(M58="","",MATCH(M58,'반배정'!$Q$7:$Q$156,0))
A59: =IF($N59="","",INDEX('반배정'!J$7:J$156,$N59)) | B59: =IF($N59="","",INDEX('반배정'!B$7:B$156,$N59)) | C59: =IF($N59="","",INDEX('반배정'!C$7:C$156,$N59)) | D59: =IF($N59="","",INDEX('반배정'!D$7:D$156,$N59)) | E59: =IF($N59="","",INDEX('반배정'!E$7:E$156,$N59)) | F59: =IF($N59="","",INDEX('반배정'!G$7:G$156,$N59)) | G59: =IF($N59="","",INDEX('반배정'!H$7:H$156,$N59)) | H59: =IF($N59="","",INDEX('반배정'!I$7:I$156,$N59)) | I59: =IF($N59="","",INDEX('반배정'!O$7:O$156,$N59)) | J59: =IF($N59="","",INDEX('반배정'!N$7:N$156,$N59)&"") | K59: =IF($N59="","",INDEX('반배정'!L$7:L$156,$N59)) | L59: =IF($N59="","",INDEX('반배정'!P$7:P$156,$N59)) | M59: =IFERROR(SMALL('반배정'!$Q$7:$Q$156,53),"") | N59: =IF(M59="","",MATCH(M59,'반배정'!$Q$7:$Q$156,0))
A60: =IF($N60="","",INDEX('반배정'!J$7:J$156,$N60)) | B60: =IF($N60="","",INDEX('반배정'!B$7:B$156,$N60)) | C60: =IF($N60="","",INDEX('반배정'!C$7:C$156,$N60)) | D60: =IF($N60="","",INDEX('반배정'!D$7:D$156,$N60)) | E60: =IF($N60="","",INDEX('반배정'!E$7:E$156,$N60)) | F60: =IF($N60="","",INDEX('반배정'!G$7:G$156,$N60)) | G60: =IF($N60="","",INDEX('반배정'!H$7:H$156,$N60)) | H60: =IF($N60="","",INDEX('반배정'!I$7:I$156,$N60)) | I60: =IF($N60="","",INDEX('반배정'!O$7:O$156,$N60)) | J60: =IF($N60="","",INDEX('반배정'!N$7:N$156,$N60)&"") | K60: =IF($N60="","",INDEX('반배정'!L$7:L$156,$N60)) | L60: =IF($N60="","",INDEX('반배정'!P$7:P$156,$N60)) | M60: =IFERROR(SMALL('반배정'!$Q$7:$Q$156,54),"") | N60: =IF(M60="","",MATCH(M60,'반배정'!$Q$7:$Q$156,0))
A61: =IF($N61="","",INDEX('반배정'!J$7:J$156,$N61)) | B61: =IF($N61="","",INDEX('반배정'!B$7:B$156,$N61)) | C61: =IF($N61="","",INDEX('반배정'!C$7:C$156,$N61)) | D61: =IF($N61="","",INDEX('반배정'!D$7:D$156,$N61)) | E61: =IF($N61="","",INDEX('반배정'!E$7:E$156,$N61)) | F61: =IF($N61="","",INDEX('반배정'!G$7:G$156,$N61)) | G61: =IF($N61="","",INDEX('반배정'!H$7:H$156,$N61)) | H61: =IF($N61="","",INDEX('반배정'!I$7:I$156,$N61)) | I61: =IF($N61="","",INDEX('반배정'!O$7:O$156,$N61)) | J61: =IF($N61="","",INDEX('반배정'!N$7:N$156,$N61)&"") | K61: =IF($N61="","",INDEX('반배정'!L$7:L$156,$N61)) | L61: =IF($N61="","",INDEX('반배정'!P$7:P$156,$N61)) | M61: =IFERROR(SMALL('반배정'!$Q$7:$Q$156,55),"") | N61: =IF(M61="","",MATCH(M61,'반배정'!$Q$7:$Q$156,0))
A62: =IF($N62="","",INDEX('반배정'!J$7:J$156,$N62)) | B62: =IF($N62="","",INDEX('반배정'!B$7:B$156,$N62)) | C62: =IF($N62="","",INDEX('반배정'!C$7:C$156,$N62)) | D62: =IF($N62="","",INDEX('반배정'!D$7:D$156,$N62)) | E62: =IF($N62="","",INDEX('반배정'!E$7:E$156,$N62)) | F62: =IF($N62="","",INDEX('반배정'!G$7:G$156,$N62)) | G62: =IF($N62="","",INDEX('반배정'!H$7:H$156,$N62)) | H62: =IF($N62="","",INDEX('반배정'!I$7:I$156,$N62)) | I62: =IF($N62="","",INDEX('반배정'!O$7:O$156,$N62)) | J62: =IF($N62="","",INDEX('반배정'!N$7:N$156,$N62)&"") | K62: =IF($N62="","",INDEX('반배정'!L$7:L$156,$N62)) | L62: =IF($N62="","",INDEX('반배정'!P$7:P$156,$N62)) | M62: =IFERROR(SMALL('반배정'!$Q$7:$Q$156,56),"") | N62: =IF(M62="","",MATCH(M62,'반배정'!$Q$7:$Q$156,0))
A63: =IF($N63="","",INDEX('반배정'!J$7:J$156,$N63)) | B63: =IF($N63="","",INDEX('반배정'!B$7:B$156,$N63)) | C63: =IF($N63="","",INDEX('반배정'!C$7:C$156,$N63)) | D63: =IF($N63="","",INDEX('반배정'!D$7:D$156,$N63)) | E63: =IF($N63="","",INDEX('반배정'!E$7:E$156,$N63)) | F63: =IF($N63="","",INDEX('반배정'!G$7:G$156,$N63)) | G63: =IF($N63="","",INDEX('반배정'!H$7:H$156,$N63)) | H63: =IF($N63="","",INDEX('반배정'!I$7:I$156,$N63)) | I63: =IF($N63="","",INDEX('반배정'!O$7:O$156,$N63)) | J63: =IF($N63="","",INDEX('반배정'!N$7:N$156,$N63)&"") | K63: =IF($N63="","",INDEX('반배정'!L$7:L$156,$N63)) | L63: =IF($N63="","",INDEX('반배정'!P$7:P$156,$N63)) | M63: =IFERROR(SMALL('반배정'!$Q$7:$Q$156,57),"") | N63: =IF(M63="","",MATCH(M63,'반배정'!$Q$7:$Q$156,0))
A64: =IF($N64="","",INDEX('반배정'!J$7:J$156,$N64)) | B64: =IF($N64="","",INDEX('반배정'!B$7:B$156,$N64)) | C64: =IF($N64="","",INDEX('반배정'!C$7:C$156,$N64)) | D64: =IF($N64="","",INDEX('반배정'!D$7:D$156,$N64)) | E64: =IF($N64="","",INDEX('반배정'!E$7:E$156,$N64)) | F64: =IF($N64="","",INDEX('반배정'!G$7:G$156,$N64)) | G64: =IF($N64="","",INDEX('반배정'!H$7:H$156,$N64)) | H64: =IF($N64="","",INDEX('반배정'!I$7:I$156,$N64)) | I64: =IF($N64="","",INDEX('반배정'!O$7:O$156,$N64)) | J64: =IF($N64="","",INDEX('반배정'!N$7:N$156,$N64)&"") | K64: =IF($N64="","",INDEX('반배정'!L$7:L$156,$N64)) | L64: =IF($N64="","",INDEX('반배정'!P$7:P$156,$N64)) | M64: =IFERROR(SMALL('반배정'!$Q$7:$Q$156,58),"") | N64: =IF(M64="","",MATCH(M64,'반배정'!$Q$7:$Q$156,0))
A65: =IF($N65="","",INDEX('반배정'!J$7:J$156,$N65)) | B65: =IF($N65="","",INDEX('반배정'!B$7:B$156,$N65)) | C65: =IF($N65="","",INDEX('반배정'!C$7:C$156,$N65)) | D65: =IF($N65="","",INDEX('반배정'!D$7:D$156,$N65)) | E65: =IF($N65="","",INDEX('반배정'!E$7:E$156,$N65)) | F65: =IF($N65="","",INDEX('반배정'!G$7:G$156,$N65)) | G65: =IF($N65="","",INDEX('반배정'!H$7:H$156,$N65)) | H65: =IF($N65="","",INDEX('반배정'!I$7:I$156,$N65)) | I65: =IF($N65="","",INDEX('반배정'!O$7:O$156,$N65)) | J65: =IF($N65="","",INDEX('반배정'!N$7:N$156,$N65)&"") | K65: =IF($N65="","",INDEX('반배정'!L$7:L$156,$N65)) | L65: =IF($N65="","",INDEX('반배정'!P$7:P$156,$N65)) | M65: =IFERROR(SMALL('반배정'!$Q$7:$Q$156,59),"") | N65: =IF(M65="","",MATCH(M65,'반배정'!$Q$7:$Q$156,0))
A66: =IF($N66="","",INDEX('반배정'!J$7:J$156,$N66)) | B66: =IF($N66="","",INDEX('반배정'!B$7:B$156,$N66)) | C66: =IF($N66="","",INDEX('반배정'!C$7:C$156,$N66)) | D66: =IF($N66="","",INDEX('반배정'!D$7:D$156,$N66)) | E66: =IF($N66="","",INDEX('반배정'!E$7:E$156,$N66)) | F66: =IF($N66="","",INDEX('반배정'!G$7:G$156,$N66)) | G66: =IF($N66="","",INDEX('반배정'!H$7:H$156,$N66)) | H66: =IF($N66="","",INDEX('반배정'!I$7:I$156,$N66)) | I66: =IF($N66="","",INDEX('반배정'!O$7:O$156,$N66)) | J66: =IF($N66="","",INDEX('반배정'!N$7:N$156,$N66)&"") | K66: =IF($N66="","",INDEX('반배정'!L$7:L$156,$N66)) | L66: =IF($N66="","",INDEX('반배정'!P$7:P$156,$N66)) | M66: =IFERROR(SMALL('반배정'!$Q$7:$Q$156,60),"") | N66: =IF(M66="","",MATCH(M66,'반배정'!$Q$7:$Q$156,0))
A67: =IF($N67="","",INDEX('반배정'!J$7:J$156,$N67)) | B67: =IF($N67="","",INDEX('반배정'!B$7:B$156,$N67)) | C67: =IF($N67="","",INDEX('반배정'!C$7:C$156,$N67)) | D67: =IF($N67="","",INDEX('반배정'!D$7:D$156,$N67)) | E67: =IF($N67="","",INDEX('반배정'!E$7:E$156,$N67)) | F67: =IF($N67="","",INDEX('반배정'!G$7:G$156,$N67)) | G67: =IF($N67="","",INDEX('반배정'!H$7:H$156,$N67)) | H67: =IF($N67="","",INDEX('반배정'!I$7:I$156,$N67)) | I67: =IF($N67="","",INDEX('반배정'!O$7:O$156,$N67)) | J67: =IF($N67="","",INDEX('반배정'!N$7:N$156,$N67)&"") | K67: =IF($N67="","",INDEX('반배정'!L$7:L$156,$N67)) | L67: =IF($N67="","",INDEX('반배정'!P$7:P$156,$N67)) | M67: =IFERROR(SMALL('반배정'!$Q$7:$Q$156,61),"") | N67: =IF(M67="","",MATCH(M67,'반배정'!$Q$7:$Q$156,0))
A68: =IF($N68="","",INDEX('반배정'!J$7:J$156,$N68)) | B68: =IF($N68="","",INDEX('반배정'!B$7:B$156,$N68)) | C68: =IF($N68="","",INDEX('반배정'!C$7:C$156,$N68)) | D68: =IF($N68="","",INDEX('반배정'!D$7:D$156,$N68)) | E68: =IF($N68="","",INDEX('반배정'!E$7:E$156,$N68)) | F68: =IF($N68="","",INDEX('반배정'!G$7:G$156,$N68)) | G68: =IF($N68="","",INDEX('반배정'!H$7:H$156,$N68)) | H68: =IF($N68="","",INDEX('반배정'!I$7:I$156,$N68)) | I68: =IF($N68="","",INDEX('반배정'!O$7:O$156,$N68)) | J68: =IF($N68="","",INDEX('반배정'!N$7:N$156,$N68)&"") | K68: =IF($N68="","",INDEX('반배정'!L$7:L$156,$N68)) | L68: =IF($N68="","",INDEX('반배정'!P$7:P$156,$N68)) | M68: =IFERROR(SMALL('반배정'!$Q$7:$Q$156,62),"") | N68: =IF(M68="","",MATCH(M68,'반배정'!$Q$7:$Q$156,0))
A69: =IF($N69="","",INDEX('반배정'!J$7:J$156,$N69)) | B69: =IF($N69="","",INDEX('반배정'!B$7:B$156,$N69)) | C69: =IF($N69="","",INDEX('반배정'!C$7:C$156,$N69)) | D69: =IF($N69="","",INDEX('반배정'!D$7:D$156,$N69)) | E69: =IF($N69="","",INDEX('반배정'!E$7:E$156,$N69)) | F69: =IF($N69="","",INDEX('반배정'!G$7:G$156,$N69)) | G69: =IF($N69="","",INDEX('반배정'!H$7:H$156,$N69)) | H69: =IF($N69="","",INDEX('반배정'!I$7:I$156,$N69)) | I69: =IF($N69="","",INDEX('반배정'!O$7:O$156,$N69)) | J69: =IF($N69="","",INDEX('반배정'!N$7:N$156,$N69)&"") | K69: =IF($N69="","",INDEX('반배정'!L$7:L$156,$N69)) | L69: =IF($N69="","",INDEX('반배정'!P$7:P$156,$N69)) | M69: =IFERROR(SMALL('반배정'!$Q$7:$Q$156,63),"") | N69: =IF(M69="","",MATCH(M69,'반배정'!$Q$7:$Q$156,0))
A70: =IF($N70="","",INDEX('반배정'!J$7:J$156,$N70)) | B70: =IF($N70="","",INDEX('반배정'!B$7:B$156,$N70)) | C70: =IF($N70="","",INDEX('반배정'!C$7:C$156,$N70)) | D70: =IF($N70="","",INDEX('반배정'!D$7:D$156,$N70)) | E70: =IF($N70="","",INDEX('반배정'!E$7:E$156,$N70)) | F70: =IF($N70="","",INDEX('반배정'!G$7:G$156,$N70)) | G70: =IF($N70="","",INDEX('반배정'!H$7:H$156,$N70)) | H70: =IF($N70="","",INDEX('반배정'!I$7:I$156,$N70)) | I70: =IF($N70="","",INDEX('반배정'!O$7:O$156,$N70)) | J70: =IF($N70="","",INDEX('반배정'!N$7:N$156,$N70)&"") | K70: =IF($N70="","",INDEX('반배정'!L$7:L$156,$N70)) | L70: =IF($N70="","",INDEX('반배정'!P$7:P$156,$N70)) | M70: =IFERROR(SMALL('반배정'!$Q$7:$Q$156,64),"") | N70: =IF(M70="","",MATCH(M70,'반배정'!$Q$7:$Q$156,0))
A71: =IF($N71="","",INDEX('반배정'!J$7:J$156,$N71)) | B71: =IF($N71="","",INDEX('반배정'!B$7:B$156,$N71)) | C71: =IF($N71="","",INDEX('반배정'!C$7:C$156,$N71)) | D71: =IF($N71="","",INDEX('반배정'!D$7:D$156,$N71)) | E71: =IF($N71="","",INDEX('반배정'!E$7:E$156,$N71)) | F71: =IF($N71="","",INDEX('반배정'!G$7:G$156,$N71)) | G71: =IF($N71="","",INDEX('반배정'!H$7:H$156,$N71)) | H71: =IF($N71="","",INDEX('반배정'!I$7:I$156,$N71)) | I71: =IF($N71="","",INDEX('반배정'!O$7:O$156,$N71)) | J71: =IF($N71="","",INDEX('반배정'!N$7:N$156,$N71)&"") | K71: =IF($N71="","",INDEX('반배정'!L$7:L$156,$N71)) | L71: =IF($N71="","",INDEX('반배정'!P$7:P$156,$N71)) | M71: =IFERROR(SMALL('반배정'!$Q$7:$Q$156,65),"") | N71: =IF(M71="","",MATCH(M71,'반배정'!$Q$7:$Q$156,0))
A72: =IF($N72="","",INDEX('반배정'!J$7:J$156,$N72)) | B72: =IF($N72="","",INDEX('반배정'!B$7:B$156,$N72)) | C72: =IF($N72="","",INDEX('반배정'!C$7:C$156,$N72)) | D72: =IF($N72="","",INDEX('반배정'!D$7:D$156,$N72)) | E72: =IF($N72="","",INDEX('반배정'!E$7:E$156,$N72)) | F72: =IF($N72="","",INDEX('반배정'!G$7:G$156,$N72)) | G72: =IF($N72="","",INDEX('반배정'!H$7:H$156,$N72)) | H72: =IF($N72="","",INDEX('반배정'!I$7:I$156,$N72)) | I72: =IF($N72="","",INDEX('반배정'!O$7:O$156,$N72)) | J72: =IF($N72="","",INDEX('반배정'!N$7:N$156,$N72)&"") | K72: =IF($N72="","",INDEX('반배정'!L$7:L$156,$N72)) | L72: =IF($N72="","",INDEX('반배정'!P$7:P$156,$N72)) | M72: =IFERROR(SMALL('반배정'!$Q$7:$Q$156,66),"") | N72: =IF(M72="","",MATCH(M72,'반배정'!$Q$7:$Q$156,0))
A73: =IF($N73="","",INDEX('반배정'!J$7:J$156,$N73)) | B73: =IF($N73="","",INDEX('반배정'!B$7:B$156,$N73)) | C73: =IF($N73="","",INDEX('반배정'!C$7:C$156,$N73)) | D73: =IF($N73="","",INDEX('반배정'!D$7:D$156,$N73)) | E73: =IF($N73="","",INDEX('반배정'!E$7:E$156,$N73)) | F73: =IF($N73="","",INDEX('반배정'!G$7:G$156,$N73)) | G73: =IF($N73="","",INDEX('반배정'!H$7:H$156,$N73)) | H73: =IF($N73="","",INDEX('반배정'!I$7:I$156,$N73)) | I73: =IF($N73="","",INDEX('반배정'!O$7:O$156,$N73)) | J73: =IF($N73="","",INDEX('반배정'!N$7:N$156,$N73)&"") | K73: =IF($N73="","",INDEX('반배정'!L$7:L$156,$N73)) | L73: =IF($N73="","",INDEX('반배정'!P$7:P$156,$N73)) | M73: =IFERROR(SMALL('반배정'!$Q$7:$Q$156,67),"") | N73: =IF(M73="","",MATCH(M73,'반배정'!$Q$7:$Q$156,0))
A74: =IF($N74="","",INDEX('반배정'!J$7:J$156,$N74)) | B74: =IF($N74="","",INDEX('반배정'!B$7:B$156,$N74)) | C74: =IF($N74="","",INDEX('반배정'!C$7:C$156,$N74)) | D74: =IF($N74="","",INDEX('반배정'!D$7:D$156,$N74)) | E74: =IF($N74="","",INDEX('반배정'!E$7:E$156,$N74)) | F74: =IF($N74="","",INDEX('반배정'!G$7:G$156,$N74)) | G74: =IF($N74="","",INDEX('반배정'!H$7:H$156,$N74)) | H74: =IF($N74="","",INDEX('반배정'!I$7:I$156,$N74)) | I74: =IF($N74="","",INDEX('반배정'!O$7:O$156,$N74)) | J74: =IF($N74="","",INDEX('반배정'!N$7:N$156,$N74)&"") | K74: =IF($N74="","",INDEX('반배정'!L$7:L$156,$N74)) | L74: =IF($N74="","",INDEX('반배정'!P$7:P$156,$N74)) | M74: =IFERROR(SMALL('반배정'!$Q$7:$Q$156,68),"") | N74: =IF(M74="","",MATCH(M74,'반배정'!$Q$7:$Q$156,0))
A75: =IF($N75="","",INDEX('반배정'!J$7:J$156,$N75)) | B75: =IF($N75="","",INDEX('반배정'!B$7:B$156,$N75)) | C75: =IF($N75="","",INDEX('반배정'!C$7:C$156,$N75)) | D75: =IF($N75="","",INDEX('반배정'!D$7:D$156,$N75)) | E75: =IF($N75="","",INDEX('반배정'!E$7:E$156,$N75)) | F75: =IF($N75="","",INDEX('반배정'!G$7:G$156,$N75)) | G75: =IF($N75="","",INDEX('반배정'!H$7:H$156,$N75)) | H75: =IF($N75="","",INDEX('반배정'!I$7:I$156,$N75)) | I75: =IF($N75="","",INDEX('반배정'!O$7:O$156,$N75)) | J75: =IF($N75="","",INDEX('반배정'!N$7:N$156,$N75)&"") | K75: =IF($N75="","",INDEX('반배정'!L$7:L$156,$N75)) | L75: =IF($N75="","",INDEX('반배정'!P$7:P$156,$N75)) | M75: =IFERROR(SMALL('반배정'!$Q$7:$Q$156,69),"") | N75: =IF(M75="","",MATCH(M75,'반배정'!$Q$7:$Q$156,0))
A76: =IF($N76="","",INDEX('반배정'!J$7:J$156,$N76)) | B76: =IF($N76="","",INDEX('반배정'!B$7:B$156,$N76)) | C76: =IF($N76="","",INDEX('반배정'!C$7:C$156,$N76)) | D76: =IF($N76="","",INDEX('반배정'!D$7:D$156,$N76)) | E76: =IF($N76="","",INDEX('반배정'!E$7:E$156,$N76)) | F76: =IF($N76="","",INDEX('반배정'!G$7:G$156,$N76)) | G76: =IF($N76="","",INDEX('반배정'!H$7:H$156,$N76)) | H76: =IF($N76="","",INDEX('반배정'!I$7:I$156,$N76)) | I76: =IF($N76="","",INDEX('반배정'!O$7:O$156,$N76)) | J76: =IF($N76="","",INDEX('반배정'!N$7:N$156,$N76)&"") | K76: =IF($N76="","",INDEX('반배정'!L$7:L$156,$N76)) | L76: =IF($N76="","",INDEX('반배정'!P$7:P$156,$N76)) | M76: =IFERROR(SMALL('반배정'!$Q$7:$Q$156,70),"") | N76: =IF(M76="","",MATCH(M76,'반배정'!$Q$7:$Q$156,0))
A77: =IF($N77="","",INDEX('반배정'!J$7:J$156,$N77)) | B77: =IF($N77="","",INDEX('반배정'!B$7:B$156,$N77)) | C77: =IF($N77="","",INDEX('반배정'!C$7:C$156,$N77)) | D77: =IF($N77="","",INDEX('반배정'!D$7:D$156,$N77)) | E77: =IF($N77="","",INDEX('반배정'!E$7:E$156,$N77)) | F77: =IF($N77="","",INDEX('반배정'!G$7:G$156,$N77)) | G77: =IF($N77="","",INDEX('반배정'!H$7:H$156,$N77)) | H77: =IF($N77="","",INDEX('반배정'!I$7:I$156,$N77)) | I77: =IF($N77="","",INDEX('반배정'!O$7:O$156,$N77)) | J77: =IF($N77="","",INDEX('반배정'!N$7:N$156,$N77)&"") | K77: =IF($N77="","",INDEX('반배정'!L$7:L$156,$N77)) | L77: =IF($N77="","",INDEX('반배정'!P$7:P$156,$N77)) | M77: =IFERROR(SMALL('반배정'!$Q$7:$Q$156,71),"") | N77: =IF(M77="","",MATCH(M77,'반배정'!$Q$7:$Q$156,0))
A78: =IF($N78="","",INDEX('반배정'!J$7:J$156,$N78)) | B78: =IF($N78="","",INDEX('반배정'!B$7:B$156,$N78)) | C78: =IF($N78="","",INDEX('반배정'!C$7:C$156,$N78)) | D78: =IF($N78="","",INDEX('반배정'!D$7:D$156,$N78)) | E78: =IF($N78="","",INDEX('반배정'!E$7:E$156,$N78)) | F78: =IF($N78="","",INDEX('반배정'!G$7:G$156,$N78)) | G78: =IF($N78="","",INDEX('반배정'!H$7:H$156,$N78)) | H78: =IF($N78="","",INDEX('반배정'!I$7:I$156,$N78)) | I78: =IF($N78="","",INDEX('반배정'!O$7:O$156,$N78)) | J78: =IF($N78="","",INDEX('반배정'!N$7:N$156,$N78)&"") | K78: =IF($N78="","",INDEX('반배정'!L$7:L$156,$N78)) | L78: =IF($N78="","",INDEX('반배정'!P$7:P$156,$N78)) | M78: =IFERROR(SMALL('반배정'!$Q$7:$Q$156,72),"") | N78: =IF(M78="","",MATCH(M78,'반배정'!$Q$7:$Q$156,0))
A79: =IF($N79="","",INDEX('반배정'!J$7:J$156,$N79)) | B79: =IF($N79="","",INDEX('반배정'!B$7:B$156,$N79)) | C79: =IF($N79="","",INDEX('반배정'!C$7:C$156,$N79)) | D79: =IF($N79="","",INDEX('반배정'!D$7:D$156,$N79)) | E79: =IF($N79="","",INDEX('반배정'!E$7:E$156,$N79)) | F79: =IF($N79="","",INDEX('반배정'!G$7:G$156,$N79)) | G79: =IF($N79="","",INDEX('반배정'!H$7:H$156,$N79)) | H79: =IF($N79="","",INDEX('반배정'!I$7:I$156,$N79)) | I79: =IF($N79="","",INDEX('반배정'!O$7:O$156,$N79)) | J79: =IF($N79="","",INDEX('반배정'!N$7:N$156,$N79)&"") | K79: =IF($N79="","",INDEX('반배정'!L$7:L$156,$N79)) | L79: =IF($N79="","",INDEX('반배정'!P$7:P$156,$N79)) | M79: =IFERROR(SMALL('반배정'!$Q$7:$Q$156,73),"") | N79: =IF(M79="","",MATCH(M79,'반배정'!$Q$7:$Q$156,0))
A80: =IF($N80="","",INDEX('반배정'!J$7:J$156,$N80)) | B80: =IF($N80="","",INDEX('반배정'!B$7:B$156,$N80)) | C80: =IF($N80="","",INDEX('반배정'!C$7:C$156,$N80)) | D80: =IF($N80="","",INDEX('반배정'!D$7:D$156,$N80)) | E80: =IF($N80="","",INDEX('반배정'!E$7:E$156,$N80)) | F80: =IF($N80="","",INDEX('반배정'!G$7:G$156,$N80)) | G80: =IF($N80="","",INDEX('반배정'!H$7:H$156,$N80)) | H80: =IF($N80="","",INDEX('반배정'!I$7:I$156,$N80)) | I80: =IF($N80="","",INDEX('반배정'!O$7:O$156,$N80)) | J80: =IF($N80="","",INDEX('반배정'!N$7:N$156,$N80)&"") | K80: =IF($N80="","",INDEX('반배정'!L$7:L$156,$N80)) | L80: =IF($N80="","",INDEX('반배정'!P$7:P$156,$N80)) | M80: =IFERROR(SMALL('반배정'!$Q$7:$Q$156,74),"") | N80: =IF(M80="","",MATCH(M80,'반배정'!$Q$7:$Q$156,0))
A81: =IF($N81="","",INDEX('반배정'!J$7:J$156,$N81)) | B81: =IF($N81="","",INDEX('반배정'!B$7:B$156,$N81)) | C81: =IF($N81="","",INDEX('반배정'!C$7:C$156,$N81)) | D81: =IF($N81="","",INDEX('반배정'!D$7:D$156,$N81)) | E81: =IF($N81="","",INDEX('반배정'!E$7:E$156,$N81)) | F81: =IF($N81="","",INDEX('반배정'!G$7:G$156,$N81)) | G81: =IF($N81="","",INDEX('반배정'!H$7:H$156,$N81)) | H81: =IF($N81="","",INDEX('반배정'!I$7:I$156,$N81)) | I81: =IF($N81="","",INDEX('반배정'!O$7:O$156,$N81)) | J81: =IF($N81="","",INDEX('반배정'!N$7:N$156,$N81)&"") | K81: =IF($N81="","",INDEX('반배정'!L$7:L$156,$N81)) | L81: =IF($N81="","",INDEX('반배정'!P$7:P$156,$N81)) | M81: =IFERROR(SMALL('반배정'!$Q$7:$Q$156,75),"") | N81: =IF(M81="","",MATCH(M81,'반배정'!$Q$7:$Q$156,0))
A82: =IF($N82="","",INDEX('반배정'!J$7:J$156,$N82)) | B82: =IF($N82="","",INDEX('반배정'!B$7:B$156,$N82)) | C82: =IF($N82="","",INDEX('반배정'!C$7:C$156,$N82)) | D82: =IF($N82="","",INDEX('반배정'!D$7:D$156,$N82)) | E82: =IF($N82="","",INDEX('반배정'!E$7:E$156,$N82)) | F82: =IF($N82="","",INDEX('반배정'!G$7:G$156,$N82)) | G82: =IF($N82="","",INDEX('반배정'!H$7:H$156,$N82)) | H82: =IF($N82="","",INDEX('반배정'!I$7:I$156,$N82)) | I82: =IF($N82="","",INDEX('반배정'!O$7:O$156,$N82)) | J82: =IF($N82="","",INDEX('반배정'!N$7:N$156,$N82)&"") | K82: =IF($N82="","",INDEX('반배정'!L$7:L$156,$N82)) | L82: =IF($N82="","",INDEX('반배정'!P$7:P$156,$N82)) | M82: =IFERROR(SMALL('반배정'!$Q$7:$Q$156,76),"") | N82: =IF(M82="","",MATCH(M82,'반배정'!$Q$7:$Q$156,0))
A83: =IF($N83="","",INDEX('반배정'!J$7:J$156,$N83)) | B83: =IF($N83="","",INDEX('반배정'!B$7:B$156,$N83)) | C83: =IF($N83="","",INDEX('반배정'!C$7:C$156,$N83)) | D83: =IF($N83="","",INDEX('반배정'!D$7:D$156,$N83)) | E83: =IF($N83="","",INDEX('반배정'!E$7:E$156,$N83)) | F83: =IF($N83="","",INDEX('반배정'!G$7:G$156,$N83)) | G83: =IF($N83="","",INDEX('반배정'!H$7:H$156,$N83)) | H83: =IF($N83="","",INDEX('반배정'!I$7:I$156,$N83)) | I83: =IF($N83="","",INDEX('반배정'!O$7:O$156,$N83)) | J83: =IF($N83="","",INDEX('반배정'!N$7:N$156,$N83)&"") | K83: =IF($N83="","",INDEX('반배정'!L$7:L$156,$N83)) | L83: =IF($N83="","",INDEX('반배정'!P$7:P$156,$N83)) | M83: =IFERROR(SMALL('반배정'!$Q$7:$Q$156,77),"") | N83: =IF(M83="","",MATCH(M83,'반배정'!$Q$7:$Q$156,0))
A84: =IF($N84="","",INDEX('반배정'!J$7:J$156,$N84)) | B84: =IF($N84="","",INDEX('반배정'!B$7:B$156,$N84)) | C84: =IF($N84="","",INDEX('반배정'!C$7:C$156,$N84)) | D84: =IF($N84="","",INDEX('반배정'!D$7:D$156,$N84)) | E84: =IF($N84="","",INDEX('반배정'!E$7:E$156,$N84)) | F84: =IF($N84="","",INDEX('반배정'!G$7:G$156,$N84)) | G84: =IF($N84="","",INDEX('반배정'!H$7:H$156,$N84)) | H84: =IF($N84="","",INDEX('반배정'!I$7:I$156,$N84)) | I84: =IF($N84="","",INDEX('반배정'!O$7:O$156,$N84)) | J84: =IF($N84="","",INDEX('반배정'!N$7:N$156,$N84)&"") | K84: =IF($N84="","",INDEX('반배정'!L$7:L$156,$N84)) | L84: =IF($N84="","",INDEX('반배정'!P$7:P$156,$N84)) | M84: =IFERROR(SMALL('반배정'!$Q$7:$Q$156,78),"") | N84: =IF(M84="","",MATCH(M84,'반배정'!$Q$7:$Q$156,0))
A85: =IF($N85="","",INDEX('반배정'!J$7:J$156,$N85)) | B85: =IF($N85="","",INDEX('반배정'!B$7:B$156,$N85)) | C85: =IF($N85="","",INDEX('반배정'!C$7:C$156,$N85)) | D85: =IF($N85="","",INDEX('반배정'!D$7:D$156,$N85)) | E85: =IF($N85="","",INDEX('반배정'!E$7:E$156,$N85)) | F85: =IF($N85="","",INDEX('반배정'!G$7:G$156,$N85)) | G85: =IF($N85="","",INDEX('반배정'!H$7:H$156,$N85)) | H85: =IF($N85="","",INDEX('반배정'!I$7:I$156,$N85)) | I85: =IF($N85="","",INDEX('반배정'!O$7:O$156,$N85)) | J85: =IF($N85="","",INDEX('반배정'!N$7:N$156,$N85)&"") | K85: =IF($N85="","",INDEX('반배정'!L$7:L$156,$N85)) | L85: =IF($N85="","",INDEX('반배정'!P$7:P$156,$N85)) | M85: =IFERROR(SMALL('반배정'!$Q$7:$Q$156,79),"") | N85: =IF(M85="","",MATCH(M85,'반배정'!$Q$7:$Q$156,0))
A86: =IF($N86="","",INDEX('반배정'!J$7:J$156,$N86)) | B86: =IF($N86="","",INDEX('반배정'!B$7:B$156,$N86)) | C86: =IF($N86="","",INDEX('반배정'!C$7:C$156,$N86)) | D86: =IF($N86="","",INDEX('반배정'!D$7:D$156,$N86)) | E86: =IF($N86="","",INDEX('반배정'!E$7:E$156,$N86)) | F86: =IF($N86="","",INDEX('반배정'!G$7:G$156,$N86)) | G86: =IF($N86="","",INDEX('반배정'!H$7:H$156,$N86)) | H86: =IF($N86="","",INDEX('반배정'!I$7:I$156,$N86)) | I86: =IF($N86="","",INDEX('반배정'!O$7:O$156,$N86)) | J86: =IF($N86="","",INDEX('반배정'!N$7:N$156,$N86)&"") | K86: =IF($N86="","",INDEX('반배정'!L$7:L$156,$N86)) | L86: =IF($N86="","",INDEX('반배정'!P$7:P$156,$N86)) | M86: =IFERROR(SMALL('반배정'!$Q$7:$Q$156,80),"") | N86: =IF(M86="","",MATCH(M86,'반배정'!$Q$7:$Q$156,0))
A87: =IF($N87="","",INDEX('반배정'!J$7:J$156,$N87)) | B87: =IF($N87="","",INDEX('반배정'!B$7:B$156,$N87)) | C87: =IF($N87="","",INDEX('반배정'!C$7:C$156,$N87)) | D87: =IF($N87="","",INDEX('반배정'!D$7:D$156,$N87)) | E87: =IF($N87="","",INDEX('반배정'!E$7:E$156,$N87)) | F87: =IF($N87="","",INDEX('반배정'!G$7:G$156,$N87)) | G87: =IF($N87="","",INDEX('반배정'!H$7:H$156,$N87)) | H87: =IF($N87="","",INDEX('반배정'!I$7:I$156,$N87)) | I87: =IF($N87="","",INDEX('반배정'!O$7:O$156,$N87)) | J87: =IF($N87="","",INDEX('반배정'!N$7:N$156,$N87)&"") | K87: =IF($N87="","",INDEX('반배정'!L$7:L$156,$N87)) | L87: =IF($N87="","",INDEX('반배정'!P$7:P$156,$N87)) | M87: =IFERROR(SMALL('반배정'!$Q$7:$Q$156,81),"") | N87: =IF(M87="","",MATCH(M87,'반배정'!$Q$7:$Q$156,0))
A88: =IF($N88="","",INDEX('반배정'!J$7:J$156,$N88)) | B88: =IF($N88="","",INDEX('반배정'!B$7:B$156,$N88)) | C88: =IF($N88="","",INDEX('반배정'!C$7:C$156,$N88)) | D88: =IF($N88="","",INDEX('반배정'!D$7:D$156,$N88)) | E88: =IF($N88="","",INDEX('반배정'!E$7:E$156,$N88)) | F88: =IF($N88="","",INDEX('반배정'!G$7:G$156,$N88)) | G88: =IF($N88="","",INDEX('반배정'!H$7:H$156,$N88)) | H88: =IF($N88="","",INDEX('반배정'!I$7:I$156,$N88)) | I88: =IF($N88="","",INDEX('반배정'!O$7:O$156,$N88)) | J88: =IF($N88="","",INDEX('반배정'!N$7:N$156,$N88)&"") | K88: =IF($N88="","",INDEX('반배정'!L$7:L$156,$N88)) | L88: =IF($N88="","",INDEX('반배정'!P$7:P$156,$N88)) | M88: =IFERROR(SMALL('반배정'!$Q$7:$Q$156,82),"") | N88: =IF(M88="","",MATCH(M88,'반배정'!$Q$7:$Q$156,0))
A89: =IF($N89="","",INDEX('반배정'!J$7:J$156,$N89)) | B89: =IF($N89="","",INDEX('반배정'!B$7:B$156,$N89)) | C89: =IF($N89="","",INDEX('반배정'!C$7:C$156,$N89)) | D89: =IF($N89="","",INDEX('반배정'!D$7:D$156,$N89)) | E89: =IF($N89="","",INDEX('반배정'!E$7:E$156,$N89)) | F89: =IF($N89="","",INDEX('반배정'!G$7:G$156,$N89)) | G89: =IF($N89="","",INDEX('반배정'!H$7:H$156,$N89)) | H89: =IF($N89="","",INDEX('반배정'!I$7:I$156,$N89)) | I89: =IF($N89="","",INDEX('반배정'!O$7:O$156,$N89)) | J89: =IF($N89="","",INDEX('반배정'!N$7:N$156,$N89)&"") | K89: =IF($N89="","",INDEX('반배정'!L$7:L$156,$N89)) | L89: =IF($N89="","",INDEX('반배정'!P$7:P$156,$N89)) | M89: =IFERROR(SMALL('반배정'!$Q$7:$Q$156,83),"") | N89: =IF(M89="","",MATCH(M89,'반배정'!$Q$7:$Q$156,0))
A90: =IF($N90="","",INDEX('반배정'!J$7:J$156,$N90)) | B90: =IF($N90="","",INDEX('반배정'!B$7:B$156,$N90)) | C90: =IF($N90="","",INDEX('반배정'!C$7:C$156,$N90)) | D90: =IF($N90="","",INDEX('반배정'!D$7:D$156,$N90)) | E90: =IF($N90="","",INDEX('반배정'!E$7:E$156,$N90)) | F90: =IF($N90="","",INDEX('반배정'!G$7:G$156,$N90)) | G90: =IF($N90="","",INDEX('반배정'!H$7:H$156,$N90)) | H90: =IF($N90="","",INDEX('반배정'!I$7:I$156,$N90)) | I90: =IF($N90="","",INDEX('반배정'!O$7:O$156,$N90)) | J90: =IF($N90="","",INDEX('반배정'!N$7:N$156,$N90)&"") | K90: =IF($N90="","",INDEX('반배정'!L$7:L$156,$N90)) | L90: =IF($N90="","",INDEX('반배정'!P$7:P$156,$N90)) | M90: =IFERROR(SMALL('반배정'!$Q$7:$Q$156,84),"") | N90: =IF(M90="","",MATCH(M90,'반배정'!$Q$7:$Q$156,0))
A91: =IF($N91="","",INDEX('반배정'!J$7:J$156,$N91)) | B91: =IF($N91="","",INDEX('반배정'!B$7:B$156,$N91)) | C91: =IF($N91="","",INDEX('반배정'!C$7:C$156,$N91)) | D91: =IF($N91="","",INDEX('반배정'!D$7:D$156,$N91)) | E91: =IF($N91="","",INDEX('반배정'!E$7:E$156,$N91)) | F91: =IF($N91="","",INDEX('반배정'!G$7:G$156,$N91)) | G91: =IF($N91="","",INDEX('반배정'!H$7:H$156,$N91)) | H91: =IF($N91="","",INDEX('반배정'!I$7:I$156,$N91)) | I91: =IF($N91="","",INDEX('반배정'!O$7:O$156,$N91)) | J91: =IF($N91="","",INDEX('반배정'!N$7:N$156,$N91)&"") | K91: =IF($N91="","",INDEX('반배정'!L$7:L$156,$N91)) | L91: =IF($N91="","",INDEX('반배정'!P$7:P$156,$N91)) | M91: =IFERROR(SMALL('반배정'!$Q$7:$Q$156,85),"") | N91: =IF(M91="","",MATCH(M91,'반배정'!$Q$7:$Q$156,0))
A92: =IF($N92="","",INDEX('반배정'!J$7:J$156,$N92)) | B92: =IF($N92="","",INDEX('반배정'!B$7:B$156,$N92)) | C92: =IF($N92="","",INDEX('반배정'!C$7:C$156,$N92)) | D92: =IF($N92="","",INDEX('반배정'!D$7:D$156,$N92)) | E92: =IF($N92="","",INDEX('반배정'!E$7:E$156,$N92)) | F92: =IF($N92="","",INDEX('반배정'!G$7:G$156,$N92)) | G92: =IF($N92="","",INDEX('반배정'!H$7:H$156,$N92)) | H92: =IF($N92="","",INDEX('반배정'!I$7:I$156,$N92)) | I92: =IF($N92="","",INDEX('반배정'!O$7:O$156,$N92)) | J92: =IF($N92="","",INDEX('반배정'!N$7:N$156,$N92)&"") | K92: =IF($N92="","",INDEX('반배정'!L$7:L$156,$N92)) | L92: =IF($N92="","",INDEX('반배정'!P$7:P$156,$N92)) | M92: =IFERROR(SMALL('반배정'!$Q$7:$Q$156,86),"") | N92: =IF(M92="","",MATCH(M92,'반배정'!$Q$7:$Q$156,0))
A93: =IF($N93="","",INDEX('반배정'!J$7:J$156,$N93)) | B93: =IF($N93="","",INDEX('반배정'!B$7:B$156,$N93)) | C93: =IF($N93="","",INDEX('반배정'!C$7:C$156,$N93)) | D93: =IF($N93="","",INDEX('반배정'!D$7:D$156,$N93)) | E93: =IF($N93="","",INDEX('반배정'!E$7:E$156,$N93)) | F93: =IF($N93="","",INDEX('반배정'!G$7:G$156,$N93)) | G93: =IF($N93="","",INDEX('반배정'!H$7:H$156,$N93)) | H93: =IF($N93="","",INDEX('반배정'!I$7:I$156,$N93)) | I93: =IF($N93="","",INDEX('반배정'!O$7:O$156,$N93)) | J93: =IF($N93="","",INDEX('반배정'!N$7:N$156,$N93)&"") | K93: =IF($N93="","",INDEX('반배정'!L$7:L$156,$N93)) | L93: =IF($N93="","",INDEX('반배정'!P$7:P$156,$N93)) | M93: =IFERROR(SMALL('반배정'!$Q$7:$Q$156,87),"") | N93: =IF(M93="","",MATCH(M93,'반배정'!$Q$7:$Q$156,0))
A94: =IF($N94="","",INDEX('반배정'!J$7:J$156,$N94)) | B94: =IF($N94="","",INDEX('반배정'!B$7:B$156,$N94)) | C94: =IF($N94="","",INDEX('반배정'!C$7:C$156,$N94)) | D94: =IF($N94="","",INDEX('반배정'!D$7:D$156,$N94)) | E94: =IF($N94="","",INDEX('반배정'!E$7:E$156,$N94)) | F94: =IF($N94="","",INDEX('반배정'!G$7:G$156,$N94)) | G94: =IF($N94="","",INDEX('반배정'!H$7:H$156,$N94)) | H94: =IF($N94="","",INDEX('반배정'!I$7:I$156,$N94)) | I94: =IF($N94="","",INDEX('반배정'!O$7:O$156,$N94)) | J94: =IF($N94="","",INDEX('반배정'!N$7:N$156,$N94)&"") | K94: =IF($N94="","",INDEX('반배정'!L$7:L$156,$N94)) | L94: =IF($N94="","",INDEX('반배정'!P$7:P$156,$N94)) | M94: =IFERROR(SMALL('반배정'!$Q$7:$Q$156,88),"") | N94: =IF(M94="","",MATCH(M94,'반배정'!$Q$7:$Q$156,0))
A95: =IF($N95="","",INDEX('반배정'!J$7:J$156,$N95)) | B95: =IF($N95="","",INDEX('반배정'!B$7:B$156,$N95)) | C95: =IF($N95="","",INDEX('반배정'!C$7:C$156,$N95)) | D95: =IF($N95="","",INDEX('반배정'!D$7:D$156,$N95)) | E95: =IF($N95="","",INDEX('반배정'!E$7:E$156,$N95)) | F95: =IF($N95="","",INDEX('반배정'!G$7:G$156,$N95)) | G95: =IF($N95="","",INDEX('반배정'!H$7:H$156,$N95)) | H95: =IF($N95="","",INDEX('반배정'!I$7:I$156,$N95)) | I95: =IF($N95="","",INDEX('반배정'!O$7:O$156,$N95)) | J95: =IF($N95="","",INDEX('반배정'!N$7:N$156,$N95)&"") | K95: =IF($N95="","",INDEX('반배정'!L$7:L$156,$N95)) | L95: =IF($N95="","",INDEX('반배정'!P$7:P$156,$N95)) | M95: =IFERROR(SMALL('반배정'!$Q$7:$Q$156,89),"") | N95: =IF(M95="","",MATCH(M95,'반배정'!$Q$7:$Q$156,0))
A96: =IF($N96="","",INDEX('반배정'!J$7:J$156,$N96)) | B96: =IF($N96="","",INDEX('반배정'!B$7:B$156,$N96)) | C96: =IF($N96="","",INDEX('반배정'!C$7:C$156,$N96)) | D96: =IF($N96="","",INDEX('반배정'!D$7:D$156,$N96)) | E96: =IF($N96="","",INDEX('반배정'!E$7:E$156,$N96)) | F96: =IF($N96="","",INDEX('반배정'!G$7:G$156,$N96)) | G96: =IF($N96="","",INDEX('반배정'!H$7:H$156,$N96)) | H96: =IF($N96="","",INDEX('반배정'!I$7:I$156,$N96)) | I96: =IF($N96="","",INDEX('반배정'!O$7:O$156,$N96)) | J96: =IF($N96="","",INDEX('반배정'!N$7:N$156,$N96)&"") | K96: =IF($N96="","",INDEX('반배정'!L$7:L$156,$N96)) | L96: =IF($N96="","",INDEX('반배정'!P$7:P$156,$N96)) | M96: =IFERROR(SMALL('반배정'!$Q$7:$Q$156,90),"") | N96: =IF(M96="","",MATCH(M96,'반배정'!$Q$7:$Q$156,0))
A97: =IF($N97="","",INDEX('반배정'!J$7:J$156,$N97)) | B97: =IF($N97="","",INDEX('반배정'!B$7:B$156,$N97)) | C97: =IF($N97="","",INDEX('반배정'!C$7:C$156,$N97)) | D97: =IF($N97="","",INDEX('반배정'!D$7:D$156,$N97)) | E97: =IF($N97="","",INDEX('반배정'!E$7:E$156,$N97)) | F97: =IF($N97="","",INDEX('반배정'!G$7:G$156,$N97)) | G97: =IF($N97="","",INDEX('반배정'!H$7:H$156,$N97)) | H97: =IF($N97="","",INDEX('반배정'!I$7:I$156,$N97)) | I97: =IF($N97="","",INDEX('반배정'!O$7:O$156,$N97)) | J97: =IF($N97="","",INDEX('반배정'!N$7:N$156,$N97)&"") | K97: =IF($N97="","",INDEX('반배정'!L$7:L$156,$N97)) | L97: =IF($N97="","",INDEX('반배정'!P$7:P$156,$N97)) | M97: =IFERROR(SMALL('반배정'!$Q$7:$Q$156,91),"") | N97: =IF(M97="","",MATCH(M97,'반배정'!$Q$7:$Q$156,0))
A98: =IF($N98="","",INDEX('반배정'!J$7:J$156,$N98)) | B98: =IF($N98="","",INDEX('반배정'!B$7:B$156,$N98)) | C98: =IF($N98="","",INDEX('반배정'!C$7:C$156,$N98)) | D98: =IF($N98="","",INDEX('반배정'!D$7:D$156,$N98)) | E98: =IF($N98="","",INDEX('반배정'!E$7:E$156,$N98)) | F98: =IF($N98="","",INDEX('반배정'!G$7:G$156,$N98)) | G98: =IF($N98="","",INDEX('반배정'!H$7:H$156,$N98)) | H98: =IF($N98="","",INDEX('반배정'!I$7:I$156,$N98)) | I98: =IF($N98="","",INDEX('반배정'!O$7:O$156,$N98)) | J98: =IF($N98="","",INDEX('반배정'!N$7:N$156,$N98)&"") | K98: =IF($N98="","",INDEX('반배정'!L$7:L$156,$N98)) | L98: =IF($N98="","",INDEX('반배정'!P$7:P$156,$N98)) | M98: =IFERROR(SMALL('반배정'!$Q$7:$Q$156,92),"") | N98: =IF(M98="","",MATCH(M98,'반배정'!$Q$7:$Q$156,0))
A99: =IF($N99="","",INDEX('반배정'!J$7:J$156,$N99)) | B99: =IF($N99="","",INDEX('반배정'!B$7:B$156,$N99)) | C99: =IF($N99="","",INDEX('반배정'!C$7:C$156,$N99)) | D99: =IF($N99="","",INDEX('반배정'!D$7:D$156,$N99)) | E99: =IF($N99="","",INDEX('반배정'!E$7:E$156,$N99)) | F99: =IF($N99="","",INDEX('반배정'!G$7:G$156,$N99)) | G99: =IF($N99="","",INDEX('반배정'!H$7:H$156,$N99)) | H99: =IF($N99="","",INDEX('반배정'!I$7:I$156,$N99)) | I99: =IF($N99="","",INDEX('반배정'!O$7:O$156,$N99)) | J99: =IF($N99="","",INDEX('반배정'!N$7:N$156,$N99)&"") | K99: =IF($N99="","",INDEX('반배정'!L$7:L$156,$N99)) | L99: =IF($N99="","",INDEX('반배정'!P$7:P$156,$N99)) | M99: =IFERROR(SMALL('반배정'!$Q$7:$Q$156,93),"") | N99: =IF(M99="","",MATCH(M99,'반배정'!$Q$7:$Q$156,0))
A100: =IF($N100="","",INDEX('반배정'!J$7:J$156,$N100)) | B100: =IF($N100="","",INDEX('반배정'!B$7:B$156,$N100)) | C100: =IF($N100="","",INDEX('반배정'!C$7:C$156,$N100)) | D100: =IF($N100="","",INDEX('반배정'!D$7:D$156,$N100)) | E100: =IF($N100="","",INDEX('반배정'!E$7:E$156,$N100)) | F100: =IF($N100="","",INDEX('반배정'!G$7:G$156,$N100)) | G100: =IF($N100="","",INDEX('반배정'!H$7:H$156,$N100)) | H100: =IF($N100="","",INDEX('반배정'!I$7:I$156,$N100)) | I100: =IF($N100="","",INDEX('반배정'!O$7:O$156,$N100)) | J100: =IF($N100="","",INDEX('반배정'!N$7:N$156,$N100)&"") | K100: =IF($N100="","",INDEX('반배정'!L$7:L$156,$N100)) | L100: =IF($N100="","",INDEX('반배정'!P$7:P$156,$N100)) | M100: =IFERROR(SMALL('반배정'!$Q$7:$Q$156,94),"") | N100: =IF(M100="","",MATCH(M100,'반배정'!$Q$7:$Q$156,0))
A101: =IF($N101="","",INDEX('반배정'!J$7:J$156,$N101)) | B101: =IF($N101="","",INDEX('반배정'!B$7:B$156,$N101)) | C101: =IF($N101="","",INDEX('반배정'!C$7:C$156,$N101)) | D101: =IF($N101="","",INDEX('반배정'!D$7:D$156,$N101)) | E101: =IF($N101="","",INDEX('반배정'!E$7:E$156,$N101)) | F101: =IF($N101="","",INDEX('반배정'!G$7:G$156,$N101)) | G101: =IF($N101="","",INDEX('반배정'!H$7:H$156,$N101)) | H101: =IF($N101="","",INDEX('반배정'!I$7:I$156,$N101)) | I101: =IF($N101="","",INDEX('반배정'!O$7:O$156,$N101)) | J101: =IF($N101="","",INDEX('반배정'!N$7:N$156,$N101)&"") | K101: =IF($N101="","",INDEX('반배정'!L$7:L$156,$N101)) | L101: =IF($N101="","",INDEX('반배정'!P$7:P$156,$N101)) | M101: =IFERROR(SMALL('반배정'!$Q$7:$Q$156,95),"") | N101: =IF(M101="","",MATCH(M101,'반배정'!$Q$7:$Q$156,0))
A102: =IF($N102="","",INDEX('반배정'!J$7:J$156,$N102)) | B102: =IF($N102="","",INDEX('반배정'!B$7:B$156,$N102)) | C102: =IF($N102="","",INDEX('반배정'!C$7:C$156,$N102)) | D102: =IF($N102="","",INDEX('반배정'!D$7:D$156,$N102)) | E102: =IF($N102="","",INDEX('반배정'!E$7:E$156,$N102)) | F102: =IF($N102="","",INDEX('반배정'!G$7:G$156,$N102)) | G102: =IF($N102="","",INDEX('반배정'!H$7:H$156,$N102)) | H102: =IF($N102="","",INDEX('반배정'!I$7:I$156,$N102)) | I102: =IF($N102="","",INDEX('반배정'!O$7:O$156,$N102)) | J102: =IF($N102="","",INDEX('반배정'!N$7:N$156,$N102)&"") | K102: =IF($N102="","",INDEX('반배정'!L$7:L$156,$N102)) | L102: =IF($N102="","",INDEX('반배정'!P$7:P$156,$N102)) | M102: =IFERROR(SMALL('반배정'!$Q$7:$Q$156,96),"") | N102: =IF(M102="","",MATCH(M102,'반배정'!$Q$7:$Q$156,0))
A103: =IF($N103="","",INDEX('반배정'!J$7:J$156,$N103)) | B103: =IF($N103="","",INDEX('반배정'!B$7:B$156,$N103)) | C103: =IF($N103="","",INDEX('반배정'!C$7:C$156,$N103)) | D103: =IF($N103="","",INDEX('반배정'!D$7:D$156,$N103)) | E103: =IF($N103="","",INDEX('반배정'!E$7:E$156,$N103)) | F103: =IF($N103="","",INDEX('반배정'!G$7:G$156,$N103)) | G103: =IF($N103="","",INDEX('반배정'!H$7:H$156,$N103)) | H103: =IF($N103="","",INDEX('반배정'!I$7:I$156,$N103)) | I103: =IF($N103="","",INDEX('반배정'!O$7:O$156,$N103)) | J103: =IF($N103="","",INDEX('반배정'!N$7:N$156,$N103)&"") | K103: =IF($N103="","",INDEX('반배정'!L$7:L$156,$N103)) | L103: =IF($N103="","",INDEX('반배정'!P$7:P$156,$N103)) | M103: =IFERROR(SMALL('반배정'!$Q$7:$Q$156,97),"") | N103: =IF(M103="","",MATCH(M103,'반배정'!$Q$7:$Q$156,0))
...

Sheet 문항분석
A1: 문항 분석
A2: 변별도 = TF1반 정답률 − TF3반 정답률(자동배정 기준, 0.3 이상이면 상·하위를 잘 가르는 문항). 객관식은 선지별 선택 인원으로 매력적 오답을 확인하세요.
A4: 공통수학1
A5: 문항 | B5: 유형 | C5: 단원 | D5: 난이도 | E5: 배점 | F5: 정답 | G5: 응시 | H5: 정답자 | I5: 정답률 | J5: ='설정'!$B$6&" 정답률" | K5: ='설정'!$B$7&" 정답률" | L5: ='설정'!$B$8&" 정답률" | M5: 변별도 | N5: 진단 | O5: ① | P5: ② | Q5: ③ | R5: ④ | S5: ⑤
A6: 1 | B6: 객관식 | C6: ='공수1'!D4 | D6: ='공수1'!D5 | E6: ='공수1'!D3 | F6: =IF('공수1'!$D$2="","",'공수1'!$D$2) | G6: =COUNT('공수1'!$Y$7:$Y$156) | H6: =IF(F6="","",SUMPRODUCT(('공수1'!$D$7:$D$156='공수1'!$D$2)*('공수1'!$D$7:$D$156<>""))) | I6: =IF(OR(F6="",G6=0),"",H6/G6) | J6: =IF(F6="","",IFERROR(SUMPRODUCT(('공수1'!$D$7:$D$156='공수1'!$D$2)*('공수1'!$D$7:$D$156<>"")*('반배정'!$K$7:$K$156='설정'!$B$6))/COUNTIFS('반배정'!$K$7:$K$156,'설정'!$B$6,'공수1'!$Y$7:$Y$156,">=0"),"")) | K6: =IF(F6="","",IFERROR(SUMPRODUCT(('공수1'!$D$7:$D$156='공수1'!$D$2)*('공수1'!$D$7:$D$156<>"")*('반배정'!$K$7:$K$156='설정'!$B$7))/COUNTIFS('반배정'!$K$7:$K$156,'설정'!$B$7,'공수1'!$Y$7:$Y$156,">=0"),"")) | L6: =IF(F6="","",IFERROR(SUMPRODUCT(('공수1'!$D$7:$D$156='공수1'!$D$2)*('공수1'!$D$7:$D$156<>"")*('반배정'!$K$7:$K$156='설정'!$B$8))/COUNTIFS('반배정'!$K$7:$K$156,'설정'!$B$8,'공수1'!$Y$7:$Y$156,">=0"),"")) | M6: =IF(OR(J6="",L6=""),"",J6-L6) | N6: =IF(I6="","",IF(AND(M6<>"",M6<0),"역변별·문항검토",IF(I6>=0.9,"매우 쉬움",IF(I6<=0.15,"매우 어려움",IF(AND(M6<>"",M6<0.2),"변별력 낮음","양호"))))) | O6: =IF(G6=0,"",COUNTIF('공수1'!$D$7:$D$156,1)) | P6: =IF(G6=0,"",COUNTIF('공수1'!$D$7:$D$156,2)) | Q6: =IF(G6=0,"",COUNTIF('공수1'!$D$7:$D$156,3)) | R6: =IF(G6=0,"",COUNTIF('공수1'!$D$7:$D$156,4)) | S6: =IF(G6=0,"",COUNTIF('공수1'!$D$7:$D$156,5))
A7: 2 | B7: 객관식 | C7: ='공수1'!E4 | D7: ='공수1'!E5 | E7: ='공수1'!E3 | F7: =IF('공수1'!$E$2="","",'공수1'!$E$2) | G7: =COUNT('공수1'!$Y$7:$Y$156) | H7: =IF(F7="","",SUMPRODUCT(('공수1'!$E$7:$E$156='공수1'!$E$2)*('공수1'!$E$7:$E$156<>""))) | I7: =IF(OR(F7="",G7=0),"",H7/G7) | J7: =IF(F7="","",IFERROR(SUMPRODUCT(('공수1'!$E$7:$E$156='공수1'!$E$2)*('공수1'!$E$7:$E$156<>"")*('반배정'!$K$7:$K$156='설정'!$B$6))/COUNTIFS('반배정'!$K$7:$K$156,'설정'!$B$6,'공수1'!$Y$7:$Y$156,">=0"),"")) | K7: =IF(F7="","",IFERROR(SUMPRODUCT(('공수1'!$E$7:$E$156='공수1'!$E$2)*('공수1'!$E$7:$E$156<>"")*('반배정'!$K$7:$K$156='설정'!$B$7))/COUNTIFS('반배정'!$K$7:$K$156,'설정'!$B$7,'공수1'!$Y$7:$Y$156,">=0"),"")) | L7: =IF(F7="","",IFERROR(SUMPRODUCT(('공수1'!$E$7:$E$156='공수1'!$E$2)*('공수1'!$E$7:$E$156<>"")*('반배정'!$K$7:$K$156='설정'!$B$8))/COUNTIFS('반배정'!$K$7:$K$156,'설정'!$B$8,'공수1'!$Y$7:$Y$156,">=0"),"")) | M7: =IF(OR(J7="",L7=""),"",J7-L7) | N7: =IF(I7="","",IF(AND(M7<>"",M7<0),"역변별·문항검토",IF(I7>=0.9,"매우 쉬움",IF(I7<=0.15,"매우 어려움",IF(AND(M7<>"",M7<0.2),"변별력 낮음","양호"))))) | O7: =IF(G7=0,"",COUNTIF('공수1'!$E$7:$E$156,1)) | P7: =IF(G7=0,"",COUNTIF('공수1'!$E$7:$E$156,2)) | Q7: =IF(G7=0,"",COUNTIF('공수1'!$E$7:$E$156,3)) | R7: =IF(G7=0,"",COUNTIF('공수1'!$E$7:$E$156,4)) | S7: =IF(G7=0,"",COUNTIF('공수1'!$E$7:$E$156,5))
A8: 3 | B8: 객관식 | C8: ='공수1'!F4 | D8: ='공수1'!F5 | E8: ='공수1'!F3 | F8: =IF('공수1'!$F$2="","",'공수1'!$F$2) | G8: =COUNT('공수1'!$Y$7:$Y$156) | H8: =IF(F8="","",SUMPRODUCT(('공수1'!$F$7:$F$156='공수1'!$F$2)*('공수1'!$F$7:$F$156<>""))) | I8: =IF(OR(F8="",G8=0),"",H8/G8) | J8: =IF(F8="","",IFERROR(SUMPRODUCT(('공수1'!$F$7:$F$156='공수1'!$F$2)*('공수1'!$F$7:$F$156<>"")*('반배정'!$K$7:$K$156='설정'!$B$6))/COUNTIFS('반배정'!$K$7:$K$156,'설정'!$B$6,'공수1'!$Y$7:$Y$156,">=0"),"")) | K8: =IF(F8="","",IFERROR(SUMPRODUCT(('공수1'!$F$7:$F$156='공수1'!$F$2)*('공수1'!$F$7:$F$156<>"")*('반배정'!$K$7:$K$156='설정'!$B$7))/COUNTIFS('반배정'!$K$7:$K$156,'설정'!$B$7,'공수1'!$Y$7:$Y$156,">=0"),"")) | L8: =IF(F8="","",IFERROR(SUMPRODUCT(('공수1'!$F$7:$F$156='공수1'!$F$2)*('공수1'!$F$7:$F$156<>"")*('반배정'!$K$7:$K$156='설정'!$B$8))/COUNTIFS('반배정'!$K$7:$K$156,'설정'!$B$8,'공수1'!$Y$7:$Y$156,">=0"),"")) | M8: =IF(OR(J8="",L8=""),"",J8-L8) | N8: =IF(I8="","",IF(AND(M8<>"",M8<0),"역변별·문항검토",IF(I8>=0.9,"매우 쉬움",IF(I8<=0.15,"매우 어려움",IF(AND(M8<>"",M8<0.2),"변별력 낮음","양호"))))) | O8: =IF(G8=0,"",COUNTIF('공수1'!$F$7:$F$156,1)) | P8: =IF(G8=0,"",COUNTIF('공수1'!$F$7:$F$156,2)) | Q8: =IF(G8=0,"",COUNTIF('공수1'!$F$7:$F$156,3)) | R8: =IF(G8=0,"",COUNTIF('공수1'!$F$7:$F$156,4)) | S8: =IF(G8=0,"",COUNTIF('공수1'!$F$7:$F$156,5))
A9: 4 | B9: 객관식 | C9: ='공수1'!G4 | D9: ='공수1'!G5 | E9: ='공수1'!G3 | F9: =IF('공수1'!$G$2="","",'공수1'!$G$2) | G9: =COUNT('공수1'!$Y$7:$Y$156) | H9: =IF(F9="","",SUMPRODUCT(('공수1'!$G$7:$G$156='공수1'!$G$2)*('공수1'!$G$7:$G$156<>""))) | I9: =IF(OR(F9="",G9=0),"",H9/G9) | J9: =IF(F9="","",IFERROR(SUMPRODUCT(('공수1'!$G$7:$G$156='공수1'!$G$2)*('공수1'!$G$7:$G$156<>"")*('반배정'!$K$7:$K$156='설정'!$B$6))/COUNTIFS('반배정'!$K$7:$K$156,'설정'!$B$6,'공수1'!$Y$7:$Y$156,">=0"),"")) | K9: =IF(F9="","",IFERROR(SUMPRODUCT(('공수1'!$G$7:$G$156='공수1'!$G$2)*('공수1'!$G$7:$G$156<>"")*('반배정'!$K$7:$K$156='설정'!$B$7))/COUNTIFS('반배정'!$K$7:$K$156,'설정'!$B$7,'공수1'!$Y$7:$Y$156,">=0"),"")) | L9: =IF(F9="","",IFERROR(SUMPRODUCT(('공수1'!$G$7:$G$156='공수1'!$G$2)*('공수1'!$G$7:$G$156<>"")*('반배정'!$K$7:$K$156='설정'!$B$8))/COUNTIFS('반배정'!$K$7:$K$156,'설정'!$B$8,'공수1'!$Y$7:$Y$156,">=0"),"")) | M9: =IF(OR(J9="",L9=""),"",J9-L9) | N9: =IF(I9="","",IF(AND(M9<>"",M9<0),"역변별·문항검토",IF(I9>=0.9,"매우 쉬움",IF(I9<=0.15,"매우 어려움",IF(AND(M9<>"",M9<0.2),"변별력 낮음","양호"))))) | O9: =IF(G9=0,"",COUNTIF('공수1'!$G$7:$G$156,1)) | P9: =IF(G9=0,"",COUNTIF('공수1'!$G$7:$G$156,2)) | Q9: =IF(G9=0,"",COUNTIF('공수1'!$G$7:$G$156,3)) | R9: =IF(G9=0,"",COUNTIF('공수1'!$G$7:$G$156,4)) | S9: =IF(G9=0,"",COUNTIF('공수1'!$G$7:$G$156,5))
A10: 5 | B10: 객관식 | C10: ='공수1'!H4 | D10: ='공수1'!H5 | E10: ='공수1'!H3 | F10: =IF('공수1'!$H$2="","",'공수1'!$H$2) | G10: =COUNT('공수1'!$Y$7:$Y$156) | H10: =IF(F10="","",SUMPRODUCT(('공수1'!$H$7:$H$156='공수1'!$H$2)*('공수1'!$H$7:$H$156<>""))) | I10: =IF(OR(F10="",G10=0),"",H10/G10) | J10: =IF(F10="","",IFERROR(SUMPRODUCT(('공수1'!$H$7:$H$156='공수1'!$H$2)*('공수1'!$H$7:$H$156<>"")*('반배정'!$K$7:$K$156='설정'!$B$6))/COUNTIFS('반배정'!$K$7:$K$156,'설정'!$B$6,'공수1'!$Y$7:$Y$156,">=0"),"")) | K10: =IF(F10="","",IFERROR(SUMPRODUCT(('공수1'!$H$7:$H$156='공수1'!$H$2)*('공수1'!$H$7:$H$156<>"")*('반배정'!$K$7:$K$156='설정'!$B$7))/COUNTIFS('반배정'!$K$7:$K$156,'설정'!$B$7,'공수1'!$Y$7:$Y$156,">=0"),"")) | L10: =IF(F10="","",IFERROR(SUMPRODUCT(('공수1'!$H$7:$H$156='공수1'!$H$2)*('공수1'!$H$7:$H$156<>"")*('반배정'!$K$7:$K$156='설정'!$B$8))/COUNTIFS('반배정'!$K$7:$K$156,'설정'!$B$8,'공수1'!$Y$7:$Y$156,">=0"),"")) | M10: =IF(OR(J10="",L10=""),"",J10-L10) | N10: =IF(I10="","",IF(AND(M10<>"",M10<0),"역변별·문항검토",IF(I10>=0.9,"매우 쉬움",IF(I10<=0.15,"매우 어려움",IF(AND(M10<>"",M10<0.2),"변별력 낮음","양호"))))) | O10: =IF(G10=0,"",COUNTIF('공수1'!$H$7:$H$156,1)) | P10: =IF(G10=0,"",COUNTIF('공수1'!$H$7:$H$156,2)) | Q10: =IF(G10=0,"",COUNTIF('공수1'!$H$7:$H$156,3)) | R10: =IF(G10=0,"",COUNTIF('공수1'!$H$7:$H$156,4)) | S10: =IF(G10=0,"",COUNTIF('공수1'!$H$7:$H$156,5))
A11: 6 | B11: 객관식 | C11: ='공수1'!I4 | D11: ='공수1'!I5 | E11: ='공수1'!I3 | F11: =IF('공수1'!$I$2="","",'공수1'!$I$2) | G11: =COUNT('공수1'!$Y$7:$Y$156) | H11: =IF(F11="","",SUMPRODUCT(('공수1'!$I$7:$I$156='공수1'!$I$2)*('공수1'!$I$7:$I$156<>""))) | I11: =IF(OR(F11="",G11=0),"",H11/G11) | J11: =IF(F11="","",IFERROR(SUMPRODUCT(('공수1'!$I$7:$I$156='공수1'!$I$2)*('공수1'!$I$7:$I$156<>"")*('반배정'!$K$7:$K$156='설정'!$B$6))/COUNTIFS('반배정'!$K$7:$K$156,'설정'!$B$6,'공수1'!$Y$7:$Y$156,">=0"),"")) | K11: =IF(F11="","",IFERROR(SUMPRODUCT(('공수1'!$I$7:$I$156='공수1'!$I$2)*('공수1'!$I$7:$I$156<>"")*('반배정'!$K$7:$K$156='설정'!$B$7))/COUNTIFS('반배정'!$K$7:$K$156,'설정'!$B$7,'공수1'!$Y$7:$Y$156,">=0"),"")) | L11: =IF(F11="","",IFERROR(SUMPRODUCT(('공수1'!$I$7:$I$156='공수1'!$I$2)*('공수1'!$I$7:$I$156<>"")*('반배정'!$K$7:$K$156='설정'!$B$8))/COUNTIFS('반배정'!$K$7:$K$156,'설정'!$B$8,'공수1'!$Y$7:$Y$156,">=0"),"")) | M11: =IF(OR(J11="",L11=""),"",J11-L11) | N11: =IF(I11="","",IF(AND(M11<>"",M11<0),"역변별·문항검토",IF(I11>=0.9,"매우 쉬움",IF(I11<=0.15,"매우 어려움",IF(AND(M11<>"",M11<0.2),"변별력 낮음","양호"))))) | O11: =IF(G11=0,"",COUNTIF('공수1'!$I$7:$I$156,1)) | P11: =IF(G11=0,"",COUNTIF('공수1'!$I$7:$I$156,2)) | Q11: =IF(G11=0,"",COUNTIF('공수1'!$I$7:$I$156,3)) | R11: =IF(G11=0,"",COUNTIF('공수1'!$I$7:$I$156,4)) | S11: =IF(G11=0,"",COUNTIF('공수1'!$I$7:$I$156,5))
A12: 7 | B12: 객관식 | C12: ='공수1'!J4 | D12: ='공수1'!J5 | E12: ='공수1'!J3 | F12: =IF('공수1'!$J$2="","",'공수1'!$J$2) | G12: =COUNT('공수1'!$Y$7:$Y$156) | H12: =IF(F12="","",SUMPRODUCT(('공수1'!$J$7:$J$156='공수1'!$J$2)*('공수1'!$J$7:$J$156<>""))) | I12: =IF(OR(F12="",G12=0),"",H12/G12) | J12: =IF(F12="","",IFERROR(SUMPRODUCT(('공수1'!$J$7:$J$156='공수1'!$J$2)*('공수1'!$J$7:$J$156<>"")*('반배정'!$K$7:$K$156='설정'!$B$6))/COUNTIFS('반배정'!$K$7:$K$156,'설정'!$B$6,'공수1'!$Y$7:$Y$156,">=0"),"")) | K12: =IF(F12="","",IFERROR(SUMPRODUCT(('공수1'!$J$7:$J$156='공수1'!$J$2)*('공수1'!$J$7:$J$156<>"")*('반배정'!$K$7:$K$156='설정'!$B$7))/COUNTIFS('반배정'!$K$7:$K$156,'설정'!$B$7,'공수1'!$Y$7:$Y$156,">=0"),"")) | L12: =IF(F12="","",IFERROR(SUMPRODUCT(('공수1'!$J$7:$J$156='공수1'!$J$2)*('공수1'!$J$7:$J$156<>"")*('반배정'!$K$7:$K$156='설정'!$B$8))/COUNTIFS('반배정'!$K$7:$K$156,'설정'!$B$8,'공수1'!$Y$7:$Y$156,">=0"),"")) | M12: =IF(OR(J12="",L12=""),"",J12-L12) | N12: =IF(I12="","",IF(AND(M12<>"",M12<0),"역변별·문항검토",IF(I12>=0.9,"매우 쉬움",IF(I12<=0.15,"매우 어려움",IF(AND(M12<>"",M12<0.2),"변별력 낮음","양호"))))) | O12: =IF(G12=0,"",COUNTIF('공수1'!$J$7:$J$156,1)) | P12: =IF(G12=0,"",COUNTIF('공수1'!$J$7:$J$156,2)) | Q12: =IF(G12=0,"",COUNTIF('공수1'!$J$7:$J$156,3)) | R12: =IF(G12=0,"",COUNTIF('공수1'!$J$7:$J$156,4)) | S12: =IF(G12=0,"",COUNTIF('공수1'!$J$7:$J$156,5))
A13: 8 | B13: 객관식 | C13: ='공수1'!K4 | D13: ='공수1'!K5 | E13: ='공수1'!K3 | F13: =IF('공수1'!$K$2="","",'공수1'!$K$2) | G13: =COUNT('공수1'!$Y$7:$Y$156) | H13: =IF(F13="","",SUMPRODUCT(('공수1'!$K$7:$K$156='공수1'!$K$2)*('공수1'!$K$7:$K$156<>""))) | I13: =IF(OR(F13="",G13=0),"",H13/G13) | J13: =IF(F13="","",IFERROR(SUMPRODUCT(('공수1'!$K$7:$K$156='공수1'!$K$2)*('공수1'!$K$7:$K$156<>"")*('반배정'!$K$7:$K$156='설정'!$B$6))/COUNTIFS('반배정'!$K$7:$K$156,'설정'!$B$6,'공수1'!$Y$7:$Y$156,">=0"),"")) | K13: =IF(F13="","",IFERROR(SUMPRODUCT(('공수1'!$K$7:$K$156='공수1'!$K$2)*('공수1'!$K$7:$K$156<>"")*('반배정'!$K$7:$K$156='설정'!$B$7))/COUNTIFS('반배정'!$K$7:$K$156,'설정'!$B$7,'공수1'!$Y$7:$Y$156,">=0"),"")) | L13: =IF(F13="","",IFERROR(SUMPRODUCT(('공수1'!$K$7:$K$156='공수1'!$K$2)*('공수1'!$K$7:$K$156<>"")*('반배정'!$K$7:$K$156='설정'!$B$8))/COUNTIFS('반배정'!$K$7:$K$156,'설정'!$B$8,'공수1'!$Y$7:$Y$156,">=0"),"")) | M13: =IF(OR(J13="",L13=""),"",J13-L13) | N13: =IF(I13="","",IF(AND(M13<>"",M13<0),"역변별·문항검토",IF(I13>=0.9,"매우 쉬움",IF(I13<=0.15,"매우 어려움",IF(AND(M13<>"",M13<0.2),"변별력 낮음","양호"))))) | O13: =IF(G13=0,"",COUNTIF('공수1'!$K$7:$K$156,1)) | P13: =IF(G13=0,"",COUNTIF('공수1'!$K$7:$K$156,2)) | Q13: =IF(G13=0,"",COUNTIF('공수1'!$K$7:$K$156,3)) | R13: =IF(G13=0,"",COUNTIF('공수1'!$K$7:$K$156,4)) | S13: =IF(G13=0,"",COUNTIF('공수1'!$K$7:$K$156,5))
A14: 9 | B14: 객관식 | C14: ='공수1'!L4 | D14: ='공수1'!L5 | E14: ='공수1'!L3 | F14: =IF('공수1'!$L$2="","",'공수1'!$L$2) | G14: =COUNT('공수1'!$Y$7:$Y$156) | H14: =IF(F14="","",SUMPRODUCT(('공수1'!$L$7:$L$156='공수1'!$L$2)*('공수1'!$L$7:$L$156<>""))) | I14: =IF(OR(F14="",G14=0),"",H14/G14) | J14: =IF(F14="","",IFERROR(SUMPRODUCT(('공수1'!$L$7:$L$156='공수1'!$L$2)*('공수1'!$L$7:$L$156<>"")*('반배정'!$K$7:$K$156='설정'!$B$6))/COUNTIFS('반배정'!$K$7:$K$156,'설정'!$B$6,'공수1'!$Y$7:$Y$156,">=0"),"")) | K14: =IF(F14="","",IFERROR(SUMPRODUCT(('공수1'!$L$7:$L$156='공수1'!$L$2)*('공수1'!$L$7:$L$156<>"")*('반배정'!$K$7:$K$156='설정'!$B$7))/COUNTIFS('반배정'!$K$7:$K$156,'설정'!$B$7,'공수1'!$Y$7:$Y$156,">=0"),"")) | L14: =IF(F14="","",IFERROR(SUMPRODUCT(('공수1'!$L$7:$L$156='공수1'!$L$2)*('공수1'!$L$7:$L$156<>"")*('반배정'!$K$7:$K$156='설정'!$B$8))/COUNTIFS('반배정'!$K$7:$K$156,'설정'!$B$8,'공수1'!$Y$7:$Y$156,">=0"),"")) | M14: =IF(OR(J14="",L14=""),"",J14-L14) | N14: =IF(I14="","",IF(AND(M14<>"",M14<0),"역변별·문항검토",IF(I14>=0.9,"매우 쉬움",IF(I14<=0.15,"매우 어려움",IF(AND(M14<>"",M14<0.2),"변별력 낮음","양호"))))) | O14: =IF(G14=0,"",COUNTIF('공수1'!$L$7:$L$156,1)) | P14: =IF(G14=0,"",COUNTIF('공수1'!$L$7:$L$156,2)) | Q14: =IF(G14=0,"",COUNTIF('공수1'!$L$7:$L$156,3)) | R14: =IF(G14=0,"",COUNTIF('공수1'!$L$7:$L$156,4)) | S14: =IF(G14=0,"",COUNTIF('공수1'!$L$7:$L$156,5))
A15: 10 | B15: 객관식 | C15: ='공수1'!M4 | D15: ='공수1'!M5 | E15: ='공수1'!M3 | F15: =IF('공수1'!$M$2="","",'공수1'!$M$2) | G15: =COUNT('공수1'!$Y$7:$Y$156) | H15: =IF(F15="","",SUMPRODUCT(('공수1'!$M$7:$M$156='공수1'!$M$2)*('공수1'!$M$7:$M$156<>""))) | I15: =IF(OR(F15="",G15=0),"",H15/G15) | J15: =IF(F15="","",IFERROR(SUMPRODUCT(('공수1'!$M$7:$M$156='공수1'!$M$2)*('공수1'!$M$7:$M$156<>"")*('반배정'!$K$7:$K$156='설정'!$B$6))/COUNTIFS('반배정'!$K$7:$K$156,'설정'!$B$6,'공수1'!$Y$7:$Y$156,">=0"),"")) | K15: =IF(F15="","",IFERROR(SUMPRODUCT(('공수1'!$M$7:$M$156='공수1'!$M$2)*('공수1'!$M$7:$M$156<>"")*('반배정'!$K$7:$K$156='설정'!$B$7))/COUNTIFS('반배정'!$K$7:$K$156,'설정'!$B$7,'공수1'!$Y$7:$Y$156,">=0"),"")) | L15: =IF(F15="","",IFERROR(SUMPRODUCT(('공수1'!$M$7:$M$156='공수1'!$M$2)*('공수1'!$M$7:$M$156<>"")*('반배정'!$K$7:$K$156='설정'!$B$8))/COUNTIFS('반배정'!$K$7:$K$156,'설정'!$B$8,'공수1'!$Y$7:$Y$156,">=0"),"")) | M15: =IF(OR(J15="",L15=""),"",J15-L15) | N15: =IF(I15="","",IF(AND(M15<>"",M15<0),"역변별·문항검토",IF(I15>=0.9,"매우 쉬움",IF(I15<=0.15,"매우 어려움",IF(AND(M15<>"",M15<0.2),"변별력 낮음","양호"))))) | O15: =IF(G15=0,"",COUNTIF('공수1'!$M$7:$M$156,1)) | P15: =IF(G15=0,"",COUNTIF('공수1'!$M$7:$M$156,2)) | Q15: =IF(G15=0,"",COUNTIF('공수1'!$M$7:$M$156,3)) | R15: =IF(G15=0,"",COUNTIF('공수1'!$M$7:$M$156,4)) | S15: =IF(G15=0,"",COUNTIF('공수1'!$M$7:$M$156,5))
A16: 11 | B16: 객관식 | C16: ='공수1'!N4 | D16: ='공수1'!N5 | E16: ='공수1'!N3 | F16: =IF('공수1'!$N$2="","",'공수1'!$N$2) | G16: =COUNT('공수1'!$Y$7:$Y$156) | H16: =IF(F16="","",SUMPRODUCT(('공수1'!$N$7:$N$156='공수1'!$N$2)*('공수1'!$N$7:$N$156<>""))) | I16: =IF(OR(F16="",G16=0),"",H16/G16) | J16: =IF(F16="","",IFERROR(SUMPRODUCT(('공수1'!$N$7:$N$156='공수1'!$N$2)*('공수1'!$N$7:$N$156<>"")*('반배정'!$K$7:$K$156='설정'!$B$6))/COUNTIFS('반배정'!$K$7:$K$156,'설정'!$B$6,'공수1'!$Y$7:$Y$156,">=0"),"")) | K16: =IF(F16="","",IFERROR(SUMPRODUCT(('공수1'!$N$7:$N$156='공수1'!$N$2)*('공수1'!$N$7:$N$156<>"")*('반배정'!$K$7:$K$156='설정'!$B$7))/COUNTIFS('반배정'!$K$7:$K$156,'설정'!$B$7,'공수1'!$Y$7:$Y$156,">=0"),"")) | L16: =IF(F16="","",IFERROR(SUMPRODUCT(('공수1'!$N$7:$N$156='공수1'!$N$2)*('공수1'!$N$7:$N$156<>"")*('반배정'!$K$7:$K$156='설정'!$B$8))/COUNTIFS('반배정'!$K$7:$K$156,'설정'!$B$8,'공수1'!$Y$7:$Y$156,">=0"),"")) | M16: =IF(OR(J16="",L16=""),"",J16-L16) | N16: =IF(I16="","",IF(AND(M16<>"",M16<0),"역변별·문항검토",IF(I16>=0.9,"매우 쉬움",IF(I16<=0.15,"매우 어려움",IF(AND(M16<>"",M16<0.2),"변별력 낮음","양호"))))) | O16: =IF(G16=0,"",COUNTIF('공수1'!$N$7:$N$156,1)) | P16: =IF(G16=0,"",COUNTIF('공수1'!$N$7:$N$156,2)) | Q16: =IF(G16=0,"",COUNTIF('공수1'!$N$7:$N$156,3)) | R16: =IF(G16=0,"",COUNTIF('공수1'!$N$7:$N$156,4)) | S16: =IF(G16=0,"",COUNTIF('공수1'!$N$7:$N$156,5))
A17: 12 | B17: 객관식 | C17: ='공수1'!O4 | D17: ='공수1'!O5 | E17: ='공수1'!O3 | F17: =IF('공수1'!$O$2="","",'공수1'!$O$2) | G17: =COUNT('공수1'!$Y$7:$Y$156) | H17: =IF(F17="","",SUMPRODUCT(('공수1'!$O$7:$O$156='공수1'!$O$2)*('공수1'!$O$7:$O$156<>""))) | I17: =IF(OR(F17="",G17=0),"",H17/G17) | J17: =IF(F17="","",IFERROR(SUMPRODUCT(('공수1'!$O$7:$O$156='공수1'!$O$2)*('공수1'!$O$7:$O$156<>"")*('반배정'!$K$7:$K$156='설정'!$B$6))/COUNTIFS('반배정'!$K$7:$K$156,'설정'!$B$6,'공수1'!$Y$7:$Y$156,">=0"),"")) | K17: =IF(F17="","",IFERROR(SUMPRODUCT(('공수1'!$O$7:$O$156='공수1'!$O$2)*('공수1'!$O$7:$O$156<>"")*('반배정'!$K$7:$K$156='설정'!$B$7))/COUNTIFS('반배정'!$K$7:$K$156,'설정'!$B$7,'공수1'!$Y$7:$Y$156,">=0"),"")) | L17: =IF(F17="","",IFERROR(SUMPRODUCT(('공수1'!$O$7:$O$156='공수1'!$O$2)*('공수1'!$O$7:$O$156<>"")*('반배정'!$K$7:$K$156='설정'!$B$8))/COUNTIFS('반배정'!$K$7:$K$156,'설정'!$B$8,'공수1'!$Y$7:$Y$156,">=0"),"")) | M17: =IF(OR(J17="",L17=""),"",J17-L17) | N17: =IF(I17="","",IF(AND(M17<>"",M17<0),"역변별·문항검토",IF(I17>=0.9,"매우 쉬움",IF(I17<=0.15,"매우 어려움",IF(AND(M17<>"",M17<0.2),"변별력 낮음","양호"))))) | O17: =IF(G17=0,"",COUNTIF('공수1'!$O$7:$O$156,1)) | P17: =IF(G17=0,"",COUNTIF('공수1'!$O$7:$O$156,2)) | Q17: =IF(G17=0,"",COUNTIF('공수1'!$O$7:$O$156,3)) | R17: =IF(G17=0,"",COUNTIF('공수1'!$O$7:$O$156,4)) | S17: =IF(G17=0,"",COUNTIF('공수1'!$O$7:$O$156,5))
A18: 13 | B18: 객관식 | C18: ='공수1'!P4 | D18: ='공수1'!P5 | E18: ='공수1'!P3 | F18: =IF('공수1'!$P$2="","",'공수1'!$P$2) | G18: =COUNT('공수1'!$Y$7:$Y$156) | H18: =IF(F18="","",SUMPRODUCT(('공수1'!$P$7:$P$156='공수1'!$P$2)*('공수1'!$P$7:$P$156<>""))) | I18: =IF(OR(F18="",G18=0),"",H18/G18) | J18: =IF(F18="","",IFERROR(SUMPRODUCT(('공수1'!$P$7:$P$156='공수1'!$P$2)*('공수1'!$P$7:$P$156<>"")*('반배정'!$K$7:$K$156='설정'!$B$6))/COUNTIFS('반배정'!$K$7:$K$156,'설정'!$B$6,'공수1'!$Y$7:$Y$156,">=0"),"")) | K18: =IF(F18="","",IFERROR(SUMPRODUCT(('공수1'!$P$7:$P$156='공수1'!$P$2)*('공수1'!$P$7:$P$156<>"")*('반배정'!$K$7:$K$156='설정'!$B$7))/COUNTIFS('반배정'!$K$7:$K$156,'설정'!$B$7,'공수1'!$Y$7:$Y$156,">=0"),"")) | L18: =IF(F18="","",IFERROR(SUMPRODUCT(('공수1'!$P$7:$P$156='공수1'!$P$2)*('공수1'!$P$7:$P$156<>"")*('반배정'!$K$7:$K$156='설정'!$B$8))/COUNTIFS('반배정'!$K$7:$K$156,'설정'!$B$8,'공수1'!$Y$7:$Y$156,">=0"),"")) | M18: =IF(OR(J18="",L18=""),"",J18-L18) | N18: =IF(I18="","",IF(AND(M18<>"",M18<0),"역변별·문항검토",IF(I18>=0.9,"매우 쉬움",IF(I18<=0.15,"매우 어려움",IF(AND(M18<>"",M18<0.2),"변별력 낮음","양호"))))) | O18: =IF(G18=0,"",COUNTIF('공수1'!$P$7:$P$156,1)) | P18: =IF(G18=0,"",COUNTIF('공수1'!$P$7:$P$156,2)) | Q18: =IF(G18=0,"",COUNTIF('공수1'!$P$7:$P$156,3)) | R18: =IF(G18=0,"",COUNTIF('공수1'!$P$7:$P$156,4)) | S18: =IF(G18=0,"",COUNTIF('공수1'!$P$7:$P$156,5))
A19: 14 | B19: 객관식 | C19: ='공수1'!Q4 | D19: ='공수1'!Q5 | E19: ='공수1'!Q3 | F19: =IF('공수1'!$Q$2="","",'공수1'!$Q$2) | G19: =COUNT('공수1'!$Y$7:$Y$156) | H19: =IF(F19="","",SUMPRODUCT(('공수1'!$Q$7:$Q$156='공수1'!$Q$2)*('공수1'!$Q$7:$Q$156<>""))) | I19: =IF(OR(F19="",G19=0),"",H19/G19) | J19: =IF(F19="","",IFERROR(SUMPRODUCT(('공수1'!$Q$7:$Q$156='공수1'!$Q$2)*('공수1'!$Q$7:$Q$156<>"")*('반배정'!$K$7:$K$156='설정'!$B$6))/COUNTIFS('반배정'!$K$7:$K$156,'설정'!$B$6,'공수1'!$Y$7:$Y$156,">=0"),"")) | K19: =IF(F19="","",IFERROR(SUMPRODUCT(('공수1'!$Q$7:$Q$156='공수1'!$Q$2)*('공수1'!$Q$7:$Q$156<>"")*('반배정'!$K$7:$K$156='설정'!$B$7))/COUNTIFS('반배정'!$K$7:$K$156,'설정'!$B$7,'공수1'!$Y$7:$Y$156,">=0"),"")) | L19: =IF(F19="","",IFERROR(SUMPRODUCT(('공수1'!$Q$7:$Q$156='공수1'!$Q$2)*('공수1'!$Q$7:$Q$156<>"")*('반배정'!$K$7:$K$156='설정'!$B$8))/COUNTIFS('반배정'!$K$7:$K$156,'설정'!$B$8,'공수1'!$Y$7:$Y$156,">=0"),"")) | M19: =IF(OR(J19="",L19=""),"",J19-L19) | N19: =IF(I19="","",IF(AND(M19<>"",M19<0),"역변별·문항검토",IF(I19>=0.9,"매우 쉬움",IF(I19<=0.15,"매우 어려움",IF(AND(M19<>"",M19<0.2),"변별력 낮음","양호"))))) | O19: =IF(G19=0,"",COUNTIF('공수1'!$Q$7:$Q$156,1)) | P19: =IF(G19=0,"",COUNTIF('공수1'!$Q$7:$Q$156,2)) | Q19: =IF(G19=0,"",COUNTIF('공수1'!$Q$7:$Q$156,3)) | R19: =IF(G19=0,"",COUNTIF('공수1'!$Q$7:$Q$156,4)) | S19: =IF(G19=0,"",COUNTIF('공수1'!$Q$7:$Q$156,5))
A20: 15 | B20: 단답형 | C20: ='공수1'!R4 | D20: ='공수1'!R5 | E20: ='공수1'!R3 | F20: =IF('공수1'!$R$2="","","24") | G20: =COUNT('공수1'!$Y$7:$Y$156) | H20: =IF(F20="","",SUMPRODUCT(('공수1'!$R$7:$R$156='공수1'!$R$2)*('공수1'!$R$7:$R$156<>""))) | I20: =IF(OR(F20="",G20=0),"",H20/G20) | J20: =IF(F20="","",IFERROR(SUMPRODUCT(('공수1'!$R$7:$R$156='공수1'!$R$2)*('공수1'!$R$7:$R$156<>"")*('반배정'!$K$7:$K$156='설정'!$B$6))/COUNTIFS('반배정'!$K$7:$K$156,'설정'!$B$6,'공수1'!$Y$7:$Y$156,">=0"),"")) | K20: =IF(F20="","",IFERROR(SUMPRODUCT(('공수1'!$R$7:$R$156='공수1'!$R$2)*('공수1'!$R$7:$R$156<>"")*('반배정'!$K$7:$K$156='설정'!$B$7))/COUNTIFS('반배정'!$K$7:$K$156,'설정'!$B$7,'공수1'!$Y$7:$Y$156,">=0"),"")) | L20: =IF(F20="","",IFERROR(SUMPRODUCT(('공수1'!$R$7:$R$156='공수1'!$R$2)*('공수1'!$R$7:$R$156<>"")*('반배정'!$K$7:$K$156='설정'!$B$8))/COUNTIFS('반배정'!$K$7:$K$156,'설정'!$B$8,'공수1'!$Y$7:$Y$156,">=0"),"")) | M20: =IF(OR(J20="",L20=""),"",J20-L20) | N20: =IF(I20="","",IF(AND(M20<>"",M20<0),"역변별·문항검토",IF(I20>=0.9,"매우 쉬움",IF(I20<=0.15,"매우 어려움",IF(AND(M20<>"",M20<0.2),"변별력 낮음","양호"))))) | O20: - | P20: - | Q20: - | R20: - | S20: -
A21: 16 | B21: 단답형 | C21: ='공수1'!S4 | D21: ='공수1'!S5 | E21: ='공수1'!S3 | F21: =IF('공수1'!$S$2="","","864") | G21: =COUNT('공수1'!$Y$7:$Y$156) | H21: =IF(F21="","",SUMPRODUCT(('공수1'!$S$7:$S$156='공수1'!$S$2)*('공수1'!$S$7:$S$156<>""))) | I21: =IF(OR(F21="",G21=0),"",H21/G21) | J21: =IF(F21="","",IFERROR(SUMPRODUCT(('공수1'!$S$7:$S$156='공수1'!$S$2)*('공수1'!$S$7:$S$156<>"")*('반배정'!$K$7:$K$156='설정'!$B$6))/COUNTIFS('반배정'!$K$7:$K$156,'설정'!$B$6,'공수1'!$Y$7:$Y$156,">=0"),"")) | K21: =IF(F21="","",IFERROR(SUMPRODUCT(('공수1'!$S$7:$S$156='공수1'!$S$2)*('공수1'!$S$7:$S$156<>"")*('반배정'!$K$7:$K$156='설정'!$B$7))/COUNTIFS('반배정'!$K$7:$K$156,'설정'!$B$7,'공수1'!$Y$7:$Y$156,">=0"),"")) | L21: =IF(F21="","",IFERROR(SUMPRODUCT(('공수1'!$S$7:$S$156='공수1'!$S$2)*('공수1'!$S$7:$S$156<>"")*('반배정'!$K$7:$K$156='설정'!$B$8))/COUNTIFS('반배정'!$K$7:$K$156,'설정'!$B$8,'공수1'!$Y$7:$Y$156,">=0"),"")) | M21: =IF(OR(J21="",L21=""),"",J21-L21) | N21: =IF(I21="","",IF(AND(M21<>"",M21<0),"역변별·문항검토",IF(I21>=0.9,"매우 쉬움",IF(I21<=0.15,"매우 어려움",IF(AND(M21<>"",M21<0.2),"변별력 낮음","양호"))))) | O21: - | P21: - | Q21: - | R21: - | S21: -
A22: 17 | B22: 단답형 | C22: ='공수1'!T4 | D22: ='공수1'!T5 | E22: ='공수1'!T3 | F22: =IF('공수1'!$T$2="","","8") | G22: =COUNT('공수1'!$Y$7:$Y$156) | H22: =IF(F22="","",SUMPRODUCT(('공수1'!$T$7:$T$156='공수1'!$T$2)*('공수1'!$T$7:$T$156<>""))) | I22: =IF(OR(F22="",G22=0),"",H22/G22) | J22: =IF(F22="","",IFERROR(SUMPRODUCT(('공수1'!$T$7:$T$156='공수1'!$T$2)*('공수1'!$T$7:$T$156<>"")*('반배정'!$K$7:$K$156='설정'!$B$6))/COUNTIFS('반배정'!$K$7:$K$156,'설정'!$B$6,'공수1'!$Y$7:$Y$156,">=0"),"")) | K22: =IF(F22="","",IFERROR(SUMPRODUCT(('공수1'!$T$7:$T$156='공수1'!$T$2)*('공수1'!$T$7:$T$156<>"")*('반배정'!$K$7:$K$156='설정'!$B$7))/COUNTIFS('반배정'!$K$7:$K$156,'설정'!$B$7,'공수1'!$Y$7:$Y$156,">=0"),"")) | L22: =IF(F22="","",IFERROR(SUMPRODUCT(('공수1'!$T$7:$T$156='공수1'!$T$2)*('공수1'!$T$7:$T$156<>"")*('반배정'!$K$7:$K$156='설정'!$B$8))/COUNTIFS('반배정'!$K$7:$K$156,'설정'!$B$8,'공수1'!$Y$7:$Y$156,">=0"),"")) | M22: =IF(OR(J22="",L22=""),"",J22-L22) | N22: =IF(I22="","",IF(AND(M22<>"",M22<0),"역변별·문항검토",IF(I22>=0.9,"매우 쉬움",IF(I22<=0.15,"매우 어려움",IF(AND(M22<>"",M22<0.2),"변별력 낮음","양호"))))) | O22: - | P22: - | Q22: - | R22: - | S22: -
A23: 18 | B23: 단답형 | C23: ='공수1'!U4 | D23: ='공수1'!U5 | E23: ='공수1'!U3 | F23: =IF('공수1'!$U$2="","","76") | G23: =COUNT('공수1'!$Y$7:$Y$156) | H23: =IF(F23="","",SUMPRODUCT(('공수1'!$U$7:$U$156='공수1'!$U$2)*('공수1'!$U$7:$U$156<>""))) | I23: =IF(OR(F23="",G23=0),"",H23/G23) | J23: =IF(F23="","",IFERROR(SUMPRODUCT(('공수1'!$U$7:$U$156='공수1'!$U$2)*('공수1'!$U$7:$U$156<>"")*('반배정'!$K$7:$K$156='설정'!$B$6))/COUNTIFS('반배정'!$K$7:$K$156,'설정'!$B$6,'공수1'!$Y$7:$Y$156,">=0"),"")) | K23: =IF(F23="","",IFERROR(SUMPRODUCT(('공수1'!$U$7:$U$156='공수1'!$U$2)*('공수1'!$U$7:$U$156<>"")*('반배정'!$K$7:$K$156='설정'!$B$7))/COUNTIFS('반배정'!$K$7:$K$156,'설정'!$B$7,'공수1'!$Y$7:$Y$156,">=0"),"")) | L23: =IF(F23="","",IFERROR(SUMPRODUCT(('공수1'!$U$7:$U$156='공수1'!$U$2)*('공수1'!$U$7:$U$156<>"")*('반배정'!$K$7:$K$156='설정'!$B$8))/COUNTIFS('반배정'!$K$7:$K$156,'설정'!$B$8,'공수1'!$Y$7:$Y$156,">=0"),"")) | M23: =IF(OR(J23="",L23=""),"",J23-L23) | N23: =IF(I23="","",IF(AND(M23<>"",M23<0),"역변별·문항검토",IF(I23>=0.9,"매우 쉬움",IF(I23<=0.15,"매우 어려움",IF(AND(M23<>"",M23<0.2),"변별력 낮음","양호"))))) | O23: - | P23: - | Q23: - | R23: - | S23: -
A24: 19 | B24: 단답형 | C24: ='공수1'!V4 | D24: ='공수1'!V5 | E24: ='공수1'!V3 | F24: =IF('공수1'!$V$2="","","27") | G24: =COUNT('공수1'!$Y$7:$Y$156) | H24: =IF(F24="","",SUMPRODUCT(('공수1'!$V$7:$V$156='공수1'!$V$2)*('공수1'!$V$7:$V$156<>""))) | I24: =IF(OR(F24="",G24=0),"",H24/G24) | J24: =IF(F24="","",IFERROR(SUMPRODUCT(('공수1'!$V$7:$V$156='공수1'!$V$2)*('공수1'!$V$7:$V$156<>"")*('반배정'!$K$7:$K$156='설정'!$B$6))/COUNTIFS('반배정'!$K$7:$K$156,'설정'!$B$6,'공수1'!$Y$7:$Y$156,">=0"),"")) | K24: =IF(F24="","",IFERROR(SUMPRODUCT(('공수1'!$V$7:$V$156='공수1'!$V$2)*('공수1'!$V$7:$V$156<>"")*('반배정'!$K$7:$K$156='설정'!$B$7))/COUNTIFS('반배정'!$K$7:$K$156,'설정'!$B$7,'공수1'!$Y$7:$Y$156,">=0"),"")) | L24: =IF(F24="","",IFERROR(SUMPRODUCT(('공수1'!$V$7:$V$156='공수1'!$V$2)*('공수1'!$V$7:$V$156<>"")*('반배정'!$K$7:$K$156='설정'!$B$8))/COUNTIFS('반배정'!$K$7:$K$156,'설정'!$B$8,'공수1'!$Y$7:$Y$156,">=0"),"")) | M24: =IF(OR(J24="",L24=""),"",J24-L24) | N24: =IF(I24="","",IF(AND(M24<>"",M24<0),"역변별·문항검토",IF(I24>=0.9,"매우 쉬움",IF(I24<=0.15,"매우 어려움",IF(AND(M24<>"",M24<0.2),"변별력 낮음","양호"))))) | O24: - | P24: - | Q24: - | R24: - | S24: -
A25: 20 | B25: 단답형 | C25: ='공수1'!W4 | D25: ='공수1'!W5 | E25: ='공수1'!W3 | F25: =IF('공수1'!$W$2="","","65") | G25: =COUNT('공수1'!$Y$7:$Y$156) | H25: =IF(F25="","",SUMPRODUCT(('공수1'!$W$7:$W$156='공수1'!$W$2)*('공수1'!$W$7:$W$156<>""))) | I25: =IF(OR(F25="",G25=0),"",H25/G25) | J25: =IF(F25="","",IFERROR(SUMPRODUCT(('공수1'!$W$7:$W$156='공수1'!$W$2)*('공수1'!$W$7:$W$156<>"")*('반배정'!$K$7:$K$156='설정'!$B$6))/COUNTIFS('반배정'!$K$7:$K$156,'설정'!$B$6,'공수1'!$Y$7:$Y$156,">=0"),"")) | K25: =IF(F25="","",IFERROR(SUMPRODUCT(('공수1'!$W$7:$W$156='공수1'!$W$2)*('공수1'!$W$7:$W$156<>"")*('반배정'!$K$7:$K$156='설정'!$B$7))/COUNTIFS('반배정'!$K$7:$K$156,'설정'!$B$7,'공수1'!$Y$7:$Y$156,">=0"),"")) | L25: =IF(F25="","",IFERROR(SUMPRODUCT(('공수1'!$W$7:$W$156='공수1'!$W$2)*('공수1'!$W$7:$W$156<>"")*('반배정'!$K$7:$K$156='설정'!$B$8))/COUNTIFS('반배정'!$K$7:$K$156,'설정'!$B$8,'공수1'!$Y$7:$Y$156,">=0"),"")) | M25: =IF(OR(J25="",L25=""),"",J25-L25) | N25: =IF(I25="","",IF(AND(M25<>"",M25<0),"역변별·문항검토",IF(I25>=0.9,"매우 쉬움",IF(I25<=0.15,"매우 어려움",IF(AND(M25<>"",M25<0.2),"변별력 낮음","양호"))))) | O25: - | P25: - | Q25: - | R25: - | S25: -
A28: 공통수학2
A29: 문항 | B29: 유형 | C29: 단원 | D29: 난이도 | E29: 배점 | F29: 정답 | G29: 응시 | H29: 정답자 | I29: 정답률 | J29: ='설정'!$B$6&" 정답률" | K29: ='설정'!$B$7&" 정답률" | L29: ='설정'!$B$8&" 정답률" | M29: 변별도 | N29: 진단 | O29: ① | P29: ② | Q29: ③ | R29: ④ | S29: ⑤
A30: 1 | B30: 객관식 | C30: ='공수2'!D4 | D30: ='공수2'!D5 | E30: ='공수2'!D3 | F30: =IF('공수2'!$D$2="","",'공수2'!$D$2) | G30: =COUNT('공수2'!$Y$7:$Y$156) | H30: =IF(F30="","",SUMPRODUCT(('공수2'!$D$7:$D$156='공수2'!$D$2)*('공수2'!$D$7:$D$156<>""))) | I30: =IF(OR(F30="",G30=0),"",H30/G30) | J30: =IF(F30="","",IFERROR(SUMPRODUCT(('공수2'!$D$7:$D$156='공수2'!$D$2)*('공수2'!$D$7:$D$156<>"")*('반배정'!$K$7:$K$156='설정'!$B$6))/COUNTIFS('반배정'!$K$7:$K$156,'설정'!$B$6,'공수2'!$Y$7:$Y$156,">=0"),"")) | K30: =IF(F30="","",IFERROR(SUMPRODUCT(('공수2'!$D$7:$D$156='공수2'!$D$2)*('공수2'!$D$7:$D$156<>"")*('반배정'!$K$7:$K$156='설정'!$B$7))/COUNTIFS('반배정'!$K$7:$K$156,'설정'!$B$7,'공수2'!$Y$7:$Y$156,">=0"),"")) | L30: =IF(F30="","",IFERROR(SUMPRODUCT(('공수2'!$D$7:$D$156='공수2'!$D$2)*('공수2'!$D$7:$D$156<>"")*('반배정'!$K$7:$K$156='설정'!$B$8))/COUNTIFS('반배정'!$K$7:$K$156,'설정'!$B$8,'공수2'!$Y$7:$Y$156,">=0"),"")) | M30: =IF(OR(J30="",L30=""),"",J30-L30) | N30: =IF(I30="","",IF(AND(M30<>"",M30<0),"역변별·문항검토",IF(I30>=0.9,"매우 쉬움",IF(I30<=0.15,"매우 어려움",IF(AND(M30<>"",M30<0.2),"변별력 낮음","양호"))))) | O30: =IF(G30=0,"",COUNTIF('공수2'!$D$7:$D$156,1)) | P30: =IF(G30=0,"",COUNTIF('공수2'!$D$7:$D$156,2)) | Q30: =IF(G30=0,"",COUNTIF('공수2'!$D$7:$D$156,3)) | R30: =IF(G30=0,"",COUNTIF('공수2'!$D$7:$D$156,4)) | S30: =IF(G30=0,"",COUNTIF('공수2'!$D$7:$D$156,5))
A31: 2 | B31: 객관식 | C31: ='공수2'!E4 | D31: ='공수2'!E5 | E31: ='공수2'!E3 | F31: =IF('공수2'!$E$2="","",'공수2'!$E$2) | G31: =COUNT('공수2'!$Y$7:$Y$156) | H31: =IF(F31="","",SUMPRODUCT(('공수2'!$E$7:$E$156='공수2'!$E$2)*('공수2'!$E$7:$E$156<>""))) | I31: =IF(OR(F31="",G31=0),"",H31/G31) | J31: =IF(F31="","",IFERROR(SUMPRODUCT(('공수2'!$E$7:$E$156='공수2'!$E$2)*('공수2'!$E$7:$E$156<>"")*('반배정'!$K$7:$K$156='설정'!$B$6))/COUNTIFS('반배정'!$K$7:$K$156,'설정'!$B$6,'공수2'!$Y$7:$Y$156,">=0"),"")) | K31: =IF(F31="","",IFERROR(SUMPRODUCT(('공수2'!$E$7:$E$156='공수2'!$E$2)*('공수2'!$E$7:$E$156<>"")*('반배정'!$K$7:$K$156='설정'!$B$7))/COUNTIFS('반배정'!$K$7:$K$156,'설정'!$B$7,'공수2'!$Y$7:$Y$156,">=0"),"")) | L31: =IF(F31="","",IFERROR(SUMPRODUCT(('공수2'!$E$7:$E$156='공수2'!$E$2)*('공수2'!$E$7:$E$156<>"")*('반배정'!$K$7:$K$156='설정'!$B$8))/COUNTIFS('반배정'!$K$7:$K$156,'설정'!$B$8,'공수2'!$Y$7:$Y$156,">=0"),"")) | M31: =IF(OR(J31="",L31=""),"",J31-L31) | N31: =IF(I31="","",IF(AND(M31<>"",M31<0),"역변별·문항검토",IF(I31>=0.9,"매우 쉬움",IF(I31<=0.15,"매우 어려움",IF(AND(M31<>"",M31<0.2),"변별력 낮음","양호"))))) | O31: =IF(G31=0,"",COUNTIF('공수2'!$E$7:$E$156,1)) | P31: =IF(G31=0,"",COUNTIF('공수2'!$E$7:$E$156,2)) | Q31: =IF(G31=0,"",COUNTIF('공수2'!$E$7:$E$156,3)) | R31: =IF(G31=0,"",COUNTIF('공수2'!$E$7:$E$156,4)) | S31: =IF(G31=0,"",COUNTIF('공수2'!$E$7:$E$156,5))
A32: 3 | B32: 객관식 | C32: ='공수2'!F4 | D32: ='공수2'!F5 | E32: ='공수2'!F3 | F32: =IF('공수2'!$F$2="","",'공수2'!$F$2) | G32: =COUNT('공수2'!$Y$7:$Y$156) | H32: =IF(F32="","",SUMPRODUCT(('공수2'!$F$7:$F$156='공수2'!$F$2)*('공수2'!$F$7:$F$156<>""))) | I32: =IF(OR(F32="",G32=0),"",H32/G32) | J32: =IF(F32="","",IFERROR(SUMPRODUCT(('공수2'!$F$7:$F$156='공수2'!$F$2)*('공수2'!$F$7:$F$156<>"")*('반배정'!$K$7:$K$156='설정'!$B$6))/COUNTIFS('반배정'!$K$7:$K$156,'설정'!$B$6,'공수2'!$Y$7:$Y$156,">=0"),"")) | K32: =IF(F32="","",IFERROR(SUMPRODUCT(('공수2'!$F$7:$F$156='공수2'!$F$2)*('공수2'!$F$7:$F$156<>"")*('반배정'!$K$7:$K$156='설정'!$B$7))/COUNTIFS('반배정'!$K$7:$K$156,'설정'!$B$7,'공수2'!$Y$7:$Y$156,">=0"),"")) | L32: =IF(F32="","",IFERROR(SUMPRODUCT(('공수2'!$F$7:$F$156='공수2'!$F$2)*('공수2'!$F$7:$F$156<>"")*('반배정'!$K$7:$K$156='설정'!$B$8))/COUNTIFS('반배정'!$K$7:$K$156,'설정'!$B$8,'공수2'!$Y$7:$Y$156,">=0"),"")) | M32: =IF(OR(J32="",L32=""),"",J32-L32) | N32: =IF(I32="","",IF(AND(M32<>"",M32<0),"역변별·문항검토",IF(I32>=0.9,"매우 쉬움",IF(I32<=0.15,"매우 어려움",IF(AND(M32<>"",M32<0.2),"변별력 낮음","양호"))))) | O32: =IF(G32=0,"",COUNTIF('공수2'!$F$7:$F$156,1)) | P32: =IF(G32=0,"",COUNTIF('공수2'!$F$7:$F$156,2)) | Q32: =IF(G32=0,"",COUNTIF('공수2'!$F$7:$F$156,3)) | R32: =IF(G32=0,"",COUNTIF('공수2'!$F$7:$F$156,4)) | S32: =IF(G32=0,"",COUNTIF('공수2'!$F$7:$F$156,5))
A33: 4 | B33: 객관식 | C33: ='공수2'!G4 | D33: ='공수2'!G5 | E33: ='공수2'!G3 | F33: =IF('공수2'!$G$2="","",'공수2'!$G$2) | G33: =COUNT('공수2'!$Y$7:$Y$156) | H33: =IF(F33="","",SUMPRODUCT(('공수2'!$G$7:$G$156='공수2'!$G$2)*('공수2'!$G$7:$G$156<>""))) | I33: =IF(OR(F33="",G33=0),"",H33/G33) | J33: =IF(F33="","",IFERROR(SUMPRODUCT(('공수2'!$G$7:$G$156='공수2'!$G$2)*('공수2'!$G$7:$G$156<>"")*('반배정'!$K$7:$K$156='설정'!$B$6))/COUNTIFS('반배정'!$K$7:$K$156,'설정'!$B$6,'공수2'!$Y$7:$Y$156,">=0"),"")) | K33: =IF(F33="","",IFERROR(SUMPRODUCT(('공수2'!$G$7:$G$156='공수2'!$G$2)*('공수2'!$G$7:$G$156<>"")*('반배정'!$K$7:$K$156='설정'!$B$7))/COUNTIFS('반배정'!$K$7:$K$156,'설정'!$B$7,'공수2'!$Y$7:$Y$156,">=0"),"")) | L33: =IF(F33="","",IFERROR(SUMPRODUCT(('공수2'!$G$7:$G$156='공수2'!$G$2)*('공수2'!$G$7:$G$156<>"")*('반배정'!$K$7:$K$156='설정'!$B$8))/COUNTIFS('반배정'!$K$7:$K$156,'설정'!$B$8,'공수2'!$Y$7:$Y$156,">=0"),"")) | M33: =IF(OR(J33="",L33=""),"",J33-L33) | N33: =IF(I33="","",IF(AND(M33<>"",M33<0),"역변별·문항검토",IF(I33>=0.9,"매우 쉬움",IF(I33<=0.15,"매우 어려움",IF(AND(M33<>"",M33<0.2),"변별력 낮음","양호"))))) | O33: =IF(G33=0,"",COUNTIF('공수2'!$G$7:$G$156,1)) | P33: =IF(G33=0,"",COUNTIF('공수2'!$G$7:$G$156,2)) | Q33: =IF(G33=0,"",COUNTIF('공수2'!$G$7:$G$156,3)) | R33: =IF(G33=0,"",COUNTIF('공수2'!$G$7:$G$156,4)) | S33: =IF(G33=0,"",COUNTIF('공수2'!$G$7:$G$156,5))
A34: 5 | B34: 객관식 | C34: ='공수2'!H4 | D34: ='공수2'!H5 | E34: ='공수2'!H3 | F34: =IF('공수2'!$H$2="","",'공수2'!$H$2) | G34: =COUNT('공수2'!$Y$7:$Y$156) | H34: =IF(F34="","",SUMPRODUCT(('공수2'!$H$7:$H$156='공수2'!$H$2)*('공수2'!$H$7:$H$156<>""))) | I34: =IF(OR(F34="",G34=0),"",H34/G34) | J34: =IF(F34="","",IFERROR(SUMPRODUCT(('공수2'!$H$7:$H$156='공수2'!$H$2)*('공수2'!$H$7:$H$156<>"")*('반배정'!$K$7:$K$156='설정'!$B$6))/COUNTIFS('반배정'!$K$7:$K$156,'설정'!$B$6,'공수2'!$Y$7:$Y$156,">=0"),"")) | K34: =IF(F34="","",IFERROR(SUMPRODUCT(('공수2'!$H$7:$H$156='공수2'!$H$2)*('공수2'!$H$7:$H$156<>"")*('반배정'!$K$7:$K$156='설정'!$B$7))/COUNTIFS('반배정'!$K$7:$K$156,'설정'!$B$7,'공수2'!$Y$7:$Y$156,">=0"),"")) | L34: =IF(F34="","",IFERROR(SUMPRODUCT(('공수2'!$H$7:$H$156='공수2'!$H$2)*('공수2'!$H$7:$H$156<>"")*('반배정'!$K$7:$K$156='설정'!$B$8))/COUNTIFS('반배정'!$K$7:$K$156,'설정'!$B$8,'공수2'!$Y$7:$Y$156,">=0"),"")) | M34: =IF(OR(J34="",L34=""),"",J34-L34) | N34: =IF(I34="","",IF(AND(M34<>"",M34<0),"역변별·문항검토",IF(I34>=0.9,"매우 쉬움",IF(I34<=0.15,"매우 어려움",IF(AND(M34<>"",M34<0.2),"변별력 낮음","양호"))))) | O34: =IF(G34=0,"",COUNTIF('공수2'!$H$7:$H$156,1)) | P34: =IF(G34=0,"",COUNTIF('공수2'!$H$7:$H$156,2)) | Q34: =IF(G34=0,"",COUNTIF('공수2'!$H$7:$H$156,3)) | R34: =IF(G34=0,"",COUNTIF('공수2'!$H$7:$H$156,4)) | S34: =IF(G34=0,"",COUNTIF('공수2'!$H$7:$H$156,5))
A35: 6 | B35: 객관식 | C35: ='공수2'!I4 | D35: ='공수2'!I5 | E35: ='공수2'!I3 | F35: =IF('공수2'!$I$2="","",'공수2'!$I$2) | G35: =COUNT('공수2'!$Y$7:$Y$156) | H35: =IF(F35="","",SUMPRODUCT(('공수2'!$I$7:$I$156='공수2'!$I$2)*('공수2'!$I$7:$I$156<>""))) | I35: =IF(OR(F35="",G35=0),"",H35/G35) | J35: =IF(F35="","",IFERROR(SUMPRODUCT(('공수2'!$I$7:$I$156='공수2'!$I$2)*('공수2'!$I$7:$I$156<>"")*('반배정'!$K$7:$K$156='설정'!$B$6))/COUNTIFS('반배정'!$K$7:$K$156,'설정'!$B$6,'공수2'!$Y$7:$Y$156,">=0"),"")) | K35: =IF(F35="","",IFERROR(SUMPRODUCT(('공수2'!$I$7:$I$156='공수2'!$I$2)*('공수2'!$I$7:$I$156<>"")*('반배정'!$K$7:$K$156='설정'!$B$7))/COUNTIFS('반배정'!$K$7:$K$156,'설정'!$B$7,'공수2'!$Y$7:$Y$156,">=0"),"")) | L35: =IF(F35="","",IFERROR(SUMPRODUCT(('공수2'!$I$7:$I$156='공수2'!$I$2)*('공수2'!$I$7:$I$156<>"")*('반배정'!$K$7:$K$156='설정'!$B$8))/COUNTIFS('반배정'!$K$7:$K$156,'설정'!$B$8,'공수2'!$Y$7:$Y$156,">=0"),"")) | M35: =IF(OR(J35="",L35=""),"",J35-L35) | N35: =IF(I35="","",IF(AND(M35<>"",M35<0),"역변별·문항검토",IF(I35>=0.9,"매우 쉬움",IF(I35<=0.15,"매우 어려움",IF(AND(M35<>"",M35<0.2),"변별력 낮음","양호"))))) | O35: =IF(G35=0,"",COUNTIF('공수2'!$I$7:$I$156,1)) | P35: =IF(G35=0,"",COUNTIF('공수2'!$I$7:$I$156,2)) | Q35: =IF(G35=0,"",COUNTIF('공수2'!$I$7:$I$156,3)) | R35: =IF(G35=0,"",COUNTIF('공수2'!$I$7:$I$156,4)) | S35: =IF(G35=0,"",COUNTIF('공수2'!$I$7:$I$156,5))
A36: 7 | B36: 객관식 | C36: ='공수2'!J4 | D36: ='공수2'!J5 | E36: ='공수2'!J3 | F36: =IF('공수2'!$J$2="","",'공수2'!$J$2) | G36: =COUNT('공수2'!$Y$7:$Y$156) | H36: =IF(F36="","",SUMPRODUCT(('공수2'!$J$7:$J$156='공수2'!$J$2)*('공수2'!$J$7:$J$156<>""))) | I36: =IF(OR(F36="",G36=0),"",H36/G36) | J36: =IF(F36="","",IFERROR(SUMPRODUCT(('공수2'!$J$7:$J$156='공수2'!$J$2)*('공수2'!$J$7:$J$156<>"")*('반배정'!$K$7:$K$156='설정'!$B$6))/COUNTIFS('반배정'!$K$7:$K$156,'설정'!$B$6,'공수2'!$Y$7:$Y$156,">=0"),"")) | K36: =IF(F36="","",IFERROR(SUMPRODUCT(('공수2'!$J$7:$J$156='공수2'!$J$2)*('공수2'!$J$7:$J$156<>"")*('반배정'!$K$7:$K$156='설정'!$B$7))/COUNTIFS('반배정'!$K$7:$K$156,'설정'!$B$7,'공수2'!$Y$7:$Y$156,">=0"),"")) | L36: =IF(F36="","",IFERROR(SUMPRODUCT(('공수2'!$J$7:$J$156='공수2'!$J$2)*('공수2'!$J$7:$J$156<>"")*('반배정'!$K$7:$K$156='설정'!$B$8))/COUNTIFS('반배정'!$K$7:$K$156,'설정'!$B$8,'공수2'!$Y$7:$Y$156,">=0"),"")) | M36: =IF(OR(J36="",L36=""),"",J36-L36) | N36: =IF(I36="","",IF(AND(M36<>"",M36<0),"역변별·문항검토",IF(I36>=0.9,"매우 쉬움",IF(I36<=0.15,"매우 어려움",IF(AND(M36<>"",M36<0.2),"변별력 낮음","양호"))))) | O36: =IF(G36=0,"",COUNTIF('공수2'!$J$7:$J$156,1)) | P36: =IF(G36=0,"",COUNTIF('공수2'!$J$7:$J$156,2)) | Q36: =IF(G36=0,"",COUNTIF('공수2'!$J$7:$J$156,3)) | R36: =IF(G36=0,"",COUNTIF('공수2'!$J$7:$J$156,4)) | S36: =IF(G36=0,"",COUNTIF('공수2'!$J$7:$J$156,5))
A37: 8 | B37: 객관식 | C37: ='공수2'!K4 | D37: ='공수2'!K5 | E37: ='공수2'!K3 | F37: =IF('공수2'!$K$2="","",'공수2'!$K$2) | G37: =COUNT('공수2'!$Y$7:$Y$156) | H37: =IF(F37="","",SUMPRODUCT(('공수2'!$K$7:$K$156='공수2'!$K$2)*('공수2'!$K$7:$K$156<>""))) | I37: =IF(OR(F37="",G37=0),"",H37/G37) | J37: =IF(F37="","",IFERROR(SUMPRODUCT(('공수2'!$K$7:$K$156='공수2'!$K$2)*('공수2'!$K$7:$K$156<>"")*('반배정'!$K$7:$K$156='설정'!$B$6))/COUNTIFS('반배정'!$K$7:$K$156,'설정'!$B$6,'공수2'!$Y$7:$Y$156,">=0"),"")) | K37: =IF(F37="","",IFERROR(SUMPRODUCT(('공수2'!$K$7:$K$156='공수2'!$K$2)*('공수2'!$K$7:$K$156<>"")*('반배정'!$K$7:$K$156='설정'!$B$7))/COUNTIFS('반배정'!$K$7:$K$156,'설정'!$B$7,'공수2'!$Y$7:$Y$156,">=0"),"")) | L37: =IF(F37="","",IFERROR(SUMPRODUCT(('공수2'!$K$7:$K$156='공수2'!$K$2)*('공수2'!$K$7:$K$156<>"")*('반배정'!$K$7:$K$156='설정'!$B$8))/COUNTIFS('반배정'!$K$7:$K$156,'설정'!$B$8,'공수2'!$Y$7:$Y$156,">=0"),"")) | M37: =IF(OR(J37="",L37=""),"",J37-L37) | N37: =IF(I37="","",IF(AND(M37<>"",M37<0),"역변별·문항검토",IF(I37>=0.9,"매우 쉬움",IF(I37<=0.15,"매우 어려움",IF(AND(M37<>"",M37<0.2),"변별력 낮음","양호"))))) | O37: =IF(G37=0,"",COUNTIF('공수2'!$K$7:$K$156,1)) | P37: =IF(G37=0,"",COUNTIF('공수2'!$K$7:$K$156,2)) | Q37: =IF(G37=0,"",COUNTIF('공수2'!$K$7:$K$156,3)) | R37: =IF(G37=0,"",COUNTIF('공수2'!$K$7:$K$156,4)) | S37: =IF(G37=0,"",COUNTIF('공수2'!$K$7:$K$156,5))
A38: 9 | B38: 객관식 | C38: ='공수2'!L4 | D38: ='공수2'!L5 | E38: ='공수2'!L3 | F38: =IF('공수2'!$L$2="","",'공수2'!$L$2) | G38: =COUNT('공수2'!$Y$7:$Y$156) | H38: =IF(F38="","",SUMPRODUCT(('공수2'!$L$7:$L$156='공수2'!$L$2)*('공수2'!$L$7:$L$156<>""))) | I38: =IF(OR(F38="",G38=0),"",H38/G38) | J38: =IF(F38="","",IFERROR(SUMPRODUCT(('공수2'!$L$7:$L$156='공수2'!$L$2)*('공수2'!$L$7:$L$156<>"")*('반배정'!$K$7:$K$156='설정'!$B$6))/COUNTIFS('반배정'!$K$7:$K$156,'설정'!$B$6,'공수2'!$Y$7:$Y$156,">=0"),"")) | K38: =IF(F38="","",IFERROR(SUMPRODUCT(('공수2'!$L$7:$L$156='공수2'!$L$2)*('공수2'!$L$7:$L$156<>"")*('반배정'!$K$7:$K$156='설정'!$B$7))/COUNTIFS('반배정'!$K$7:$K$156,'설정'!$B$7,'공수2'!$Y$7:$Y$156,">=0"),"")) | L38: =IF(F38="","",IFERROR(SUMPRODUCT(('공수2'!$L$7:$L$156='공수2'!$L$2)*('공수2'!$L$7:$L$156<>"")*('반배정'!$K$7:$K$156='설정'!$B$8))/COUNTIFS('반배정'!$K$7:$K$156,'설정'!$B$8,'공수2'!$Y$7:$Y$156,">=0"),"")) | M38: =IF(OR(J38="",L38=""),"",J38-L38) | N38: =IF(I38="","",IF(AND(M38<>"",M38<0),"역변별·문항검토",IF(I38>=0.9,"매우 쉬움",IF(I38<=0.15,"매우 어려움",IF(AND(M38<>"",M38<0.2),"변별력 낮음","양호"))))) | O38: =IF(G38=0,"",COUNTIF('공수2'!$L$7:$L$156,1)) | P38: =IF(G38=0,"",COUNTIF('공수2'!$L$7:$L$156,2)) | Q38: =IF(G38=0,"",COUNTIF('공수2'!$L$7:$L$156,3)) | R38: =IF(G38=0,"",COUNTIF('공수2'!$L$7:$L$156,4)) | S38: =IF(G38=0,"",COUNTIF('공수2'!$L$7:$L$156,5))
A39: 10 | B39: 객관식 | C39: ='공수2'!M4 | D39: ='공수2'!M5 | E39: ='공수2'!M3 | F39: =IF('공수2'!$M$2="","",'공수2'!$M$2) | G39: =COUNT('공수2'!$Y$7:$Y$156) | H39: =IF(F39="","",SUMPRODUCT(('공수2'!$M$7:$M$156='공수2'!$M$2)*('공수2'!$M$7:$M$156<>""))) | I39: =IF(OR(F39="",G39=0),"",H39/G39) | J39: =IF(F39="","",IFERROR(SUMPRODUCT(('공수2'!$M$7:$M$156='공수2'!$M$2)*('공수2'!$M$7:$M$156<>"")*('반배정'!$K$7:$K$156='설정'!$B$6))/COUNTIFS('반배정'!$K$7:$K$156,'설정'!$B$6,'공수2'!$Y$7:$Y$156,">=0"),"")) | K39: =IF(F39="","",IFERROR(SUMPRODUCT(('공수2'!$M$7:$M$156='공수2'!$M$2)*('공수2'!$M$7:$M$156<>"")*('반배정'!$K$7:$K$156='설정'!$B$7))/COUNTIFS('반배정'!$K$7:$K$156,'설정'!$B$7,'공수2'!$Y$7:$Y$156,">=0"),"")) | L39: =IF(F39="","",IFERROR(SUMPRODUCT(('공수2'!$M$7:$M$156='공수2'!$M$2)*('공수2'!$M$7:$M$156<>"")*('반배정'!$K$7:$K$156='설정'!$B$8))/COUNTIFS('반배정'!$K$7:$K$156,'설정'!$B$8,'공수2'!$Y$7:$Y$156,">=0"),"")) | M39: =IF(OR(J39="",L39=""),"",J39-L39) | N39: =IF(I39="","",IF(AND(M39<>"",M39<0),"역변별·문항검토",IF(I39>=0.9,"매우 쉬움",IF(I39<=0.15,"매우 어려움",IF(AND(M39<>"",M39<0.2),"변별력 낮음","양호"))))) | O39: =IF(G39=0,"",COUNTIF('공수2'!$M$7:$M$156,1)) | P39: =IF(G39=0,"",COUNTIF('공수2'!$M$7:$M$156,2)) | Q39: =IF(G39=0,"",COUNTIF('공수2'!$M$7:$M$156,3)) | R39: =IF(G39=0,"",COUNTIF('공수2'!$M$7:$M$156,4)) | S39: =IF(G39=0,"",COUNTIF('공수2'!$M$7:$M$156,5))
A40: 11 | B40: 객관식 | C40: ='공수2'!N4 | D40: ='공수2'!N5 | E40: ='공수2'!N3 | F40: =IF('공수2'!$N$2="","",'공수2'!$N$2) | G40: =COUNT('공수2'!$Y$7:$Y$156) | H40: =IF(F40="","",SUMPRODUCT(('공수2'!$N$7:$N$156='공수2'!$N$2)*('공수2'!$N$7:$N$156<>""))) | I40: =IF(OR(F40="",G40=0),"",H40/G40) | J40: =IF(F40="","",IFERROR(SUMPRODUCT(('공수2'!$N$7:$N$156='공수2'!$N$2)*('공수2'!$N$7:$N$156<>"")*('반배정'!$K$7:$K$156='설정'!$B$6))/COUNTIFS('반배정'!$K$7:$K$156,'설정'!$B$6,'공수2'!$Y$7:$Y$156,">=0"),"")) | K40: =IF(F40="","",IFERROR(SUMPRODUCT(('공수2'!$N$7:$N$156='공수2'!$N$2)*('공수2'!$N$7:$N$156<>"")*('반배정'!$K$7:$K$156='설정'!$B$7))/COUNTIFS('반배정'!$K$7:$K$156,'설정'!$B$7,'공수2'!$Y$7:$Y$156,">=0"),"")) | L40: =IF(F40="","",IFERROR(SUMPRODUCT(('공수2'!$N$7:$N$156='공수2'!$N$2)*('공수2'!$N$7:$N$156<>"")*('반배정'!$K$7:$K$156='설정'!$B$8))/COUNTIFS('반배정'!$K$7:$K$156,'설정'!$B$8,'공수2'!$Y$7:$Y$156,">=0"),"")) | M40: =IF(OR(J40="",L40=""),"",J40-L40) | N40: =IF(I40="","",IF(AND(M40<>"",M40<0),"역변별·문항검토",IF(I40>=0.9,"매우 쉬움",IF(I40<=0.15,"매우 어려움",IF(AND(M40<>"",M40<0.2),"변별력 낮음","양호"))))) | O40: =IF(G40=0,"",COUNTIF('공수2'!$N$7:$N$156,1)) | P40: =IF(G40=0,"",COUNTIF('공수2'!$N$7:$N$156,2)) | Q40: =IF(G40=0,"",COUNTIF('공수2'!$N$7:$N$156,3)) | R40: =IF(G40=0,"",COUNTIF('공수2'!$N$7:$N$156,4)) | S40: =IF(G40=0,"",COUNTIF('공수2'!$N$7:$N$156,5))
A41: 12 | B41: 객관식 | C41: ='공수2'!O4 | D41: ='공수2'!O5 | E41: ='공수2'!O3 | F41: =IF('공수2'!$O$2="","",'공수2'!$O$2) | G41: =COUNT('공수2'!$Y$7:$Y$156) | H41: =IF(F41="","",SUMPRODUCT(('공수2'!$O$7:$O$156='공수2'!$O$2)*('공수2'!$O$7:$O$156<>""))) | I41: =IF(OR(F41="",G41=0),"",H41/G41) | J41: =IF(F41="","",IFERROR(SUMPRODUCT(('공수2'!$O$7:$O$156='공수2'!$O$2)*('공수2'!$O$7:$O$156<>"")*('반배정'!$K$7:$K$156='설정'!$B$6))/COUNTIFS('반배정'!$K$7:$K$156,'설정'!$B$6,'공수2'!$Y$7:$Y$156,">=0"),"")) | K41: =IF(F41="","",IFERROR(SUMPRODUCT(('공수2'!$O$7:$O$156='공수2'!$O$2)*('공수2'!$O$7:$O$156<>"")*('반배정'!$K$7:$K$156='설정'!$B$7))/COUNTIFS('반배정'!$K$7:$K$156,'설정'!$B$7,'공수2'!$Y$7:$Y$156,">=0"),"")) | L41: =IF(F41="","",IFERROR(SUMPRODUCT(('공수2'!$O$7:$O$156='공수2'!$O$2)*('공수2'!$O$7:$O$156<>"")*('반배정'!$K$7:$K$156='설정'!$B$8))/COUNTIFS('반배정'!$K$7:$K$156,'설정'!$B$8,'공수2'!$Y$7:$Y$156,">=0"),"")) | M41: =IF(OR(J41="",L41=""),"",J41-L41) | N41: =IF(I41="","",IF(AND(M41<>"",M41<0),"역변별·문항검토",IF(I41>=0.9,"매우 쉬움",IF(I41<=0.15,"매우 어려움",IF(AND(M41<>"",M41<0.2),"변별력 낮음","양호"))))) | O41: =IF(G41=0,"",COUNTIF('공수2'!$O$7:$O$156,1)) | P41: =IF(G41=0,"",COUNTIF('공수2'!$O$7:$O$156,2)) | Q41: =IF(G41=0,"",COUNTIF('공수2'!$O$7:$O$156,3)) | R41: =IF(G41=0,"",COUNTIF('공수2'!$O$7:$O$156,4)) | S41: =IF(G41=0,"",COUNTIF('공수2'!$O$7:$O$156,5))
A42: 13 | B42: 객관식 | C42: ='공수2'!P4 | D42: ='공수2'!P5 | E42: ='공수2'!P3 | F42: =IF('공수2'!$P$2="","",'공수2'!$P$2) | G42: =COUNT('공수2'!$Y$7:$Y$156) | H42: =IF(F42="","",SUMPRODUCT(('공수2'!$P$7:$P$156='공수2'!$P$2)*('공수2'!$P$7:$P$156<>""))) | I42: =IF(OR(F42="",G42=0),"",H42/G42) | J42: =IF(F42="","",IFERROR(SUMPRODUCT(('공수2'!$P$7:$P$156='공수2'!$P$2)*('공수2'!$P$7:$P$156<>"")*('반배정'!$K$7:$K$156='설정'!$B$6))/COUNTIFS('반배정'!$K$7:$K$156,'설정'!$B$6,'공수2'!$Y$7:$Y$156,">=0"),"")) | K42: =IF(F42="","",IFERROR(SUMPRODUCT(('공수2'!$P$7:$P$156='공수2'!$P$2)*('공수2'!$P$7:$P$156<>"")*('반배정'!$K$7:$K$156='설정'!$B$7))/COUNTIFS('반배정'!$K$7:$K$156,'설정'!$B$7,'공수2'!$Y$7:$Y$156,">=0"),"")) | L42: =IF(F42="","",IFERROR(SUMPRODUCT(('공수2'!$P$7:$P$156='공수2'!$P$2)*('공수2'!$P$7:$P$156<>"")*('반배정'!$K$7:$K$156='설정'!$B$8))/COUNTIFS('반배정'!$K$7:$K$156,'설정'!$B$8,'공수2'!$Y$7:$Y$156,">=0"),"")) | M42: =IF(OR(J42="",L42=""),"",J42-L42) | N42: =IF(I42="","",IF(AND(M42<>"",M42<0),"역변별·문항검토",IF(I42>=0.9,"매우 쉬움",IF(I42<=0.15,"매우 어려움",IF(AND(M42<>"",M42<0.2),"변별력 낮음","양호"))))) | O42: =IF(G42=0,"",COUNTIF('공수2'!$P$7:$P$156,1)) | P42: =IF(G42=0,"",COUNTIF('공수2'!$P$7:$P$156,2)) | Q42: =IF(G42=0,"",COUNTIF('공수2'!$P$7:$P$156,3)) | R42: =IF(G42=0,"",COUNTIF('공수2'!$P$7:$P$156,4)) | S42: =IF(G42=0,"",COUNTIF('공수2'!$P$7:$P$156,5))
A43: 14 | B43: 객관식 | C43: ='공수2'!Q4 | D43: ='공수2'!Q5 | E43: ='공수2'!Q3 | F43: =IF('공수2'!$Q$2="","",'공수2'!$Q$2) | G43: =COUNT('공수2'!$Y$7:$Y$156) | H43: =IF(F43="","",SUMPRODUCT(('공수2'!$Q$7:$Q$156='공수2'!$Q$2)*('공수2'!$Q$7:$Q$156<>""))) | I43: =IF(OR(F43="",G43=0),"",H43/G43) | J43: =IF(F43="","",IFERROR(SUMPRODUCT(('공수2'!$Q$7:$Q$156='공수2'!$Q$2)*('공수2'!$Q$7:$Q$156<>"")*('반배정'!$K$7:$K$156='설정'!$B$6))/COUNTIFS('반배정'!$K$7:$K$156,'설정'!$B$6,'공수2'!$Y$7:$Y$156,">=0"),"")) | K43: =IF(F43="","",IFERROR(SUMPRODUCT(('공수2'!$Q$7:$Q$156='공수2'!$Q$2)*('공수2'!$Q$7:$Q$156<>"")*('반배정'!$K$7:$K$156='설정'!$B$7))/COUNTIFS('반배정'!$K$7:$K$156,'설정'!$B$7,'공수2'!$Y$7:$Y$156,">=0"),"")) | L43: =IF(F43="","",IFERROR(SUMPRODUCT(('공수2'!$Q$7:$Q$156='공수2'!$Q$2)*('공수2'!$Q$7:$Q$156<>"")*('반배정'!$K$7:$K$156='설정'!$B$8))/COUNTIFS('반배정'!$K$7:$K$156,'설정'!$B$8,'공수2'!$Y$7:$Y$156,">=0"),"")) | M43: =IF(OR(J43="",L43=""),"",J43-L43) | N43: =IF(I43="","",IF(AND(M43<>"",M43<0),"역변별·문항검토",IF(I43>=0.9,"매우 쉬움",IF(I43<=0.15,"매우 어려움",IF(AND(M43<>"",M43<0.2),"변별력 낮음","양호"))))) | O43: =IF(G43=0,"",COUNTIF('공수2'!$Q$7:$Q$156,1)) | P43: =IF(G43=0,"",COUNTIF('공수2'!$Q$7:$Q$156,2)) | Q43: =IF(G43=0,"",COUNTIF('공수2'!$Q$7:$Q$156,3)) | R43: =IF(G43=0,"",COUNTIF('공수2'!$Q$7:$Q$156,4)) | S43: =IF(G43=0,"",COUNTIF('공수2'!$Q$7:$Q$156,5))
A44: 15 | B44: 단답형 | C44: ='공수2'!R4 | D44: ='공수2'!R5 | E44: ='공수2'!R3 | F44: =IF('공수2'!$R$2="","","9") | G44: =COUNT('공수2'!$Y$7:$Y$156) | H44: =IF(F44="","",SUMPRODUCT(('공수2'!$R$7:$R$156='공수2'!$R$2)*('공수2'!$R$7:$R$156<>""))) | I44: =IF(OR(F44="",G44=0),"",H44/G44) | J44: =IF(F44="","",IFERROR(SUMPRODUCT(('공수2'!$R$7:$R$156='공수2'!$R$2)*('공수2'!$R$7:$R$156<>"")*('반배정'!$K$7:$K$156='설정'!$B$6))/COUNTIFS('반배정'!$K$7:$K$156,'설정'!$B$6,'공수2'!$Y$7:$Y$156,">=0"),"")) | K44: =IF(F44="","",IFERROR(SUMPRODUCT(('공수2'!$R$7:$R$156='공수2'!$R$2)*('공수2'!$R$7:$R$156<>"")*('반배정'!$K$7:$K$156='설정'!$B$7))/COUNTIFS('반배정'!$K$7:$K$156,'설정'!$B$7,'공수2'!$Y$7:$Y$156,">=0"),"")) | L44: =IF(F44="","",IFERROR(SUMPRODUCT(('공수2'!$R$7:$R$156='공수2'!$R$2)*('공수2'!$R$7:$R$156<>"")*('반배정'!$K$7:$K$156='설정'!$B$8))/COUNTIFS('반배정'!$K$7:$K$156,'설정'!$B$8,'공수2'!$Y$7:$Y$156,">=0"),"")) | M44: =IF(OR(J44="",L44=""),"",J44-L44) | N44: =IF(I44="","",IF(AND(M44<>"",M44<0),"역변별·문항검토",IF(I44>=0.9,"매우 쉬움",IF(I44<=0.15,"매우 어려움",IF(AND(M44<>"",M44<0.2),"변별력 낮음","양호"))))) | O44: - | P44: - | Q44: - | R44: - | S44: -
A45: 16 | B45: 단답형 | C45: ='공수2'!S4 | D45: ='공수2'!S5 | E45: ='공수2'!S3 | F45: =IF('공수2'!$S$2="","","160") | G45: =COUNT('공수2'!$Y$7:$Y$156) | H45: =IF(F45="","",SUMPRODUCT(('공수2'!$S$7:$S$156='공수2'!$S$2)*('공수2'!$S$7:$S$156<>""))) | I45: =IF(OR(F45="",G45=0),"",H45/G45) | J45: =IF(F45="","",IFERROR(SUMPRODUCT(('공수2'!$S$7:$S$156='공수2'!$S$2)*('공수2'!$S$7:$S$156<>"")*('반배정'!$K$7:$K$156='설정'!$B$6))/COUNTIFS('반배정'!$K$7:$K$156,'설정'!$B$6,'공수2'!$Y$7:$Y$156,">=0"),"")) | K45: =IF(F45="","",IFERROR(SUMPRODUCT(('공수2'!$S$7:$S$156='공수2'!$S$2)*('공수2'!$S$7:$S$156<>"")*('반배정'!$K$7:$K$156='설정'!$B$7))/COUNTIFS('반배정'!$K$7:$K$156,'설정'!$B$7,'공수2'!$Y$7:$Y$156,">=0"),"")) | L45: =IF(F45="","",IFERROR(SUMPRODUCT(('공수2'!$S$7:$S$156='공수2'!$S$2)*('공수2'!$S$7:$S$156<>"")*('반배정'!$K$7:$K$156='설정'!$B$8))/COUNTIFS('반배정'!$K$7:$K$156,'설정'!$B$8,'공수2'!$Y$7:$Y$156,">=0"),"")) | M45: =IF(OR(J45="",L45=""),"",J45-L45) | N45: =IF(I45="","",IF(AND(M45<>"",M45<0),"역변별·문항검토",IF(I45>=0.9,"매우 쉬움",IF(I45<=0.15,"매우 어려움",IF(AND(M45<>"",M45<0.2),"변별력 낮음","양호"))))) | O45: - | P45: - | Q45: - | R45: - | S45: -
A46: 17 | B46: 단답형 | C46: ='공수2'!T4 | D46: ='공수2'!T5 | E46: ='공수2'!T3 | F46: =IF('공수2'!$T$2="","","12") | G46: =COUNT('공수2'!$Y$7:$Y$156) | H46: =IF(F46="","",SUMPRODUCT(('공수2'!$T$7:$T$156='공수2'!$T$2)*('공수2'!$T$7:$T$156<>""))) | I46: =IF(OR(F46="",G46=0),"",H46/G46) | J46: =IF(F46="","",IFERROR(SUMPRODUCT(('공수2'!$T$7:$T$156='공수2'!$T$2)*('공수2'!$T$7:$T$156<>"")*('반배정'!$K$7:$K$156='설정'!$B$6))/COUNTIFS('반배정'!$K$7:$K$156,'설정'!$B$6,'공수2'!$Y$7:$Y$156,">=0"),"")) | K46: =IF(F46="","",IFERROR(SUMPRODUCT(('공수2'!$T$7:$T$156='공수2'!$T$2)*('공수2'!$T$7:$T$156<>"")*('반배정'!$K$7:$K$156='설정'!$B$7))/COUNTIFS('반배정'!$K$7:$K$156,'설정'!$B$7,'공수2'!$Y$7:$Y$156,">=0"),"")) | L46: =IF(F46="","",IFERROR(SUMPRODUCT(('공수2'!$T$7:$T$156='공수2'!$T$2)*('공수2'!$T$7:$T$156<>"")*('반배정'!$K$7:$K$156='설정'!$B$8))/COUNTIFS('반배정'!$K$7:$K$156,'설정'!$B$8,'공수2'!$Y$7:$Y$156,">=0"),"")) | M46: =IF(OR(J46="",L46=""),"",J46-L46) | N46: =IF(I46="","",IF(AND(M46<>"",M46<0),"역변별·문항검토",IF(I46>=0.9,"매우 쉬움",IF(I46<=0.15,"매우 어려움",IF(AND(M46<>"",M46<0.2),"변별력 낮음","양호"))))) | O46: - | P46: - | Q46: - | R46: - | S46: -
A47: 18 | B47: 단답형 | C47: ='공수2'!U4 | D47: ='공수2'!U5 | E47: ='공수2'!U3 | F47: =IF('공수2'!$U$2="","","14") | G47: =COUNT('공수2'!$Y$7:$Y$156) | H47: =IF(F47="","",SUMPRODUCT(('공수2'!$U$7:$U$156='공수2'!$U$2)*('공수2'!$U$7:$U$156<>""))) | I47: =IF(OR(F47="",G47=0),"",H47/G47) | J47: =IF(F47="","",IFERROR(SUMPRODUCT(('공수2'!$U$7:$U$156='공수2'!$U$2)*('공수2'!$U$7:$U$156<>"")*('반배정'!$K$7:$K$156='설정'!$B$6))/COUNTIFS('반배정'!$K$7:$K$156,'설정'!$B$6,'공수2'!$Y$7:$Y$156,">=0"),"")) | K47: =IF(F47="","",IFERROR(SUMPRODUCT(('공수2'!$U$7:$U$156='공수2'!$U$2)*('공수2'!$U$7:$U$156<>"")*('반배정'!$K$7:$K$156='설정'!$B$7))/COUNTIFS('반배정'!$K$7:$K$156,'설정'!$B$7,'공수2'!$Y$7:$Y$156,">=0"),"")) | L47: =IF(F47="","",IFERROR(SUMPRODUCT(('공수2'!$U$7:$U$156='공수2'!$U$2)*('공수2'!$U$7:$U$156<>"")*('반배정'!$K$7:$K$156='설정'!$B$8))/COUNTIFS('반배정'!$K$7:$K$156,'설정'!$B$8,'공수2'!$Y$7:$Y$156,">=0"),"")) | M47: =IF(OR(J47="",L47=""),"",J47-L47) | N47: =IF(I47="","",IF(AND(M47<>"",M47<0),"역변별·문항검토",IF(I47>=0.9,"매우 쉬움",IF(I47<=0.15,"매우 어려움",IF(AND(M47<>"",M47<0.2),"변별력 낮음","양호"))))) | O47: - | P47: - | Q47: - | R47: - | S47: -
A48: 19 | B48: 단답형 | C48: ='공수2'!V4 | D48: ='공수2'!V5 | E48: ='공수2'!V3 | F48: =IF('공수2'!$V$2="","","15") | G48: =COUNT('공수2'!$Y$7:$Y$156) | H48: =IF(F48="","",SUMPRODUCT(('공수2'!$V$7:$V$156='공수2'!$V$2)*('공수2'!$V$7:$V$156<>""))) | I48: =IF(OR(F48="",G48=0),"",H48/G48) | J48: =IF(F48="","",IFERROR(SUMPRODUCT(('공수2'!$V$7:$V$156='공수2'!$V$2)*('공수2'!$V$7:$V$156<>"")*('반배정'!$K$7:$K$156='설정'!$B$6))/COUNTIFS('반배정'!$K$7:$K$156,'설정'!$B$6,'공수2'!$Y$7:$Y$156,">=0"),"")) | K48: =IF(F48="","",IFERROR(SUMPRODUCT(('공수2'!$V$7:$V$156='공수2'!$V$2)*('공수2'!$V$7:$V$156<>"")*('반배정'!$K$7:$K$156='설정'!$B$7))/COUNTIFS('반배정'!$K$7:$K$156,'설정'!$B$7,'공수2'!$Y$7:$Y$156,">=0"),"")) | L48: =IF(F48="","",IFERROR(SUMPRODUCT(('공수2'!$V$7:$V$156='공수2'!$V$2)*('공수2'!$V$7:$V$156<>"")*('반배정'!$K$7:$K$156='설정'!$B$8))/COUNTIFS('반배정'!$K$7:$K$156,'설정'!$B$8,'공수2'!$Y$7:$Y$156,">=0"),"")) | M48: =IF(OR(J48="",L48=""),"",J48-L48) | N48: =IF(I48="","",IF(AND(M48<>"",M48<0),"역변별·문항검토",IF(I48>=0.9,"매우 쉬움",IF(I48<=0.15,"매우 어려움",IF(AND(M48<>"",M48<0.2),"변별력 낮음","양호"))))) | O48: - | P48: - | Q48: - | R48: - | S48: -
A49: 20 | B49: 단답형 | C49: ='공수2'!W4 | D49: ='공수2'!W5 | E49: ='공수2'!W3 | F49: =IF('공수2'!$W$2="","","13") | G49: =COUNT('공수2'!$Y$7:$Y$156) | H49: =IF(F49="","",SUMPRODUCT(('공수2'!$W$7:$W$156='공수2'!$W$2)*('공수2'!$W$7:$W$156<>""))) | I49: =IF(OR(F49="",G49=0),"",H49/G49) | J49: =IF(F49="","",IFERROR(SUMPRODUCT(('공수2'!$W$7:$W$156='공수2'!$W$2)*('공수2'!$W$7:$W$156<>"")*('반배정'!$K$7:$K$156='설정'!$B$6))/COUNTIFS('반배정'!$K$7:$K$156,'설정'!$B$6,'공수2'!$Y$7:$Y$156,">=0"),"")) | K49: =IF(F49="","",IFERROR(SUMPRODUCT(('공수2'!$W$7:$W$156='공수2'!$W$2)*('공수2'!$W$7:$W$156<>"")*('반배정'!$K$7:$K$156='설정'!$B$7))/COUNTIFS('반배정'!$K$7:$K$156,'설정'!$B$7,'공수2'!$Y$7:$Y$156,">=0"),"")) | L49: =IF(F49="","",IFERROR(SUMPRODUCT(('공수2'!$W$7:$W$156='공수2'!$W$2)*('공수2'!$W$7:$W$156<>"")*('반배정'!$K$7:$K$156='설정'!$B$8))/COUNTIFS('반배정'!$K$7:$K$156,'설정'!$B$8,'공수2'!$Y$7:$Y$156,">=0"),"")) | M49: =IF(OR(J49="",L49=""),"",J49-L49) | N49: =IF(I49="","",IF(AND(M49<>"",M49<0),"역변별·문항검토",IF(I49>=0.9,"매우 쉬움",IF(I49<=0.15,"매우 어려움",IF(AND(M49<>"",M49<0.2),"변별력 낮음","양호"))))) | O49: - | P49: - | Q49: - | R49: - | S49: -
